[INFO] [launch]: All log files can be found below /home/sneezy/.ros/log/2025-02-06-13-40-00-181048-sneezy-9735
[INFO] [launch]: Default logging verbosity is set to INFO
[INFO] [realsense2_camera_node-1]: process started with pid [9739]
[realsense2_camera_node-1] [0m[INFO] [1738845600.756645362] [camera.camera]: RealSense ROS v4.55.1[0m
[realsense2_camera_node-1] [0m[INFO] [1738845600.756751827] [camera.camera]: Built with LibRealSense v2.55.1[0m
[realsense2_camera_node-1] [0m[INFO] [1738845600.756778843] [camera.camera]: Running with LibRealSense v2.55.1[0m
[realsense2_camera_node-1] [0m[INFO] [1738845600.799111718] [camera.camera]: Device with serial number 233622071902 was found.
[realsense2_camera_node-1] [0m
[realsense2_camera_node-1] [0m[INFO] [1738845600.799173430] [camera.camera]: Device with physical ID /sys/devices/pci0000:00/0000:00:14.0/usb4/4-3/4-3.3/4-3.3:1.0/video4linux/video0 was found.[0m
[realsense2_camera_node-1] [0m[INFO] [1738845600.799185395] [camera.camera]: Device with name Intel RealSense D435I was found.[0m
[realsense2_camera_node-1] [0m[INFO] [1738845600.799379794] [camera.camera]: Device with port number 4-3.3 was found.[0m
[realsense2_camera_node-1] [0m[INFO] [1738845600.799394967] [camera.camera]: Device USB type: 3.2[0m
[realsense2_camera_node-1] [0m[INFO] [1738845600.799452490] [camera.camera]: getParameters...[0m
[realsense2_camera_node-1] [0m[INFO] [1738845600.800066763] [camera.camera]: JSON file is not provided[0m
[realsense2_camera_node-1] [0m[INFO] [1738845600.800091015] [camera.camera]: Device Name: Intel RealSense D435I[0m
[realsense2_camera_node-1] [0m[INFO] [1738845600.800100117] [camera.camera]: Device Serial No: 233622071902[0m
[realsense2_camera_node-1] [0m[INFO] [1738845600.800107456] [camera.camera]: Device physical port: /sys/devices/pci0000:00/0000:00:14.0/usb4/4-3/4-3.3/4-3.3:1.0/video4linux/video0[0m
[realsense2_camera_node-1] [0m[INFO] [1738845600.800116263] [camera.camera]: Device FW version: 5.16.0.1[0m
[realsense2_camera_node-1] [0m[INFO] [1738845600.800123265] [camera.camera]: Device Product ID: 0x0B3A[0m
[realsense2_camera_node-1] [0m[INFO] [1738845600.800127401] [camera.camera]: Sync Mode: On[0m
[realsense2_camera_node-1] [33m[WARN] [1738845600.907270976] [camera.camera]: re-enable the stream for the change to take effect.[0m
[realsense2_camera_node-1] [33m[WARN] [1738845600.907813312] [camera.camera]: re-enable the stream for the change to take effect.[0m
[realsense2_camera_node-1] [33m[WARN] [1738845600.915061117] [camera.camera]: re-enable the stream for the change to take effect.[0m
[realsense2_camera_node-1] [0m[INFO] [1738845600.915815114] [camera.camera]: Set ROS param gyro_fps to default: 200[0m
[realsense2_camera_node-1] [0m[INFO] [1738845600.915872986] [camera.camera]: Set ROS param accel_fps to default: 100[0m
[realsense2_camera_node-1] [0m[INFO] [1738845600.921102300] [camera.camera]: Stopping Sensor: Depth Module[0m
[realsense2_camera_node-1] [0m[INFO] [1738845600.921229115] [camera.camera]: Stopping Sensor: RGB Camera[0m
[realsense2_camera_node-1] [0m[INFO] [1738845600.940705421] [camera.camera]: Starting Sensor: Depth Module[0m
[realsense2_camera_node-1] [0m[INFO] [1738845600.942714356] [camera.camera]: Open profile: stream_type: Depth(0), Format: Z16, Width: 640, Height: 480, FPS: 6[0m
[realsense2_camera_node-1] [0m[INFO] [1738845600.950700809] [camera.camera]: Starting Sensor: RGB Camera[0m
[realsense2_camera_node-1] [0m[INFO] [1738845600.961585243] [camera.camera]: Open profile: stream_type: Color(0), Format: RGB8, Width: 640, Height: 480, FPS: 6[0m
[realsense2_camera_node-1] [0m[INFO] [1738845600.964316904] [camera.camera]: RealSense Node Is Up![0m
[realsense2_camera_node-1] [31m[ERROR] [1738845617.003208825] [CompressedPublisher]: [16UC1] is not a color format. but [mono8] is. The conversion does not make sense[0m
[realsense2_camera_node-1] [31m[ERROR] [1738845617.022978227] [camera.camera]: cv_bridge exception: '[16UC1] is not a color format. but [bgr8] is. The conversion does not make sense'[0m
[realsense2_camera_node-1] [31m[ERROR] [1738845617.040876422] [compressed_depth_image_transport]: Compressed Depth Image Transport - Compression requires single-channel 32bit-floating  point or 16bit raw depth images (input format is: rgb8).[0m
[realsense2_camera_node-1] [31m[ERROR] [1738845617.068009152] [CompressedPublisher]: [16UC1] is not a color format. but [mono8] is. The conversion does not make sense[0m
[realsense2_camera_node-1] [31m[ERROR] [1738845617.083061058] [camera.camera]: cv_bridge exception: '[16UC1] is not a color format. but [bgr8] is. The conversion does not make sense'[0m
[realsense2_camera_node-1] [31m[ERROR] [1738845617.167664230] [CompressedPublisher]: [16UC1] is not a color format. but [mono8] is. The conversion does not make sense[0m
[realsense2_camera_node-1] [31m[ERROR] [1738845617.179865153] [camera.camera]: cv_bridge exception: '[16UC1] is not a color format. but [bgr8] is. The conversion does not make sense'[0m
[realsense2_camera_node-1] [31m[ERROR] [1738845617.193028808] [compressed_depth_image_transport]: Compressed Depth Image Transport - Compression requires single-channel 32bit-floating  point or 16bit raw depth images (input format is: rgb8).[0m
[realsense2_camera_node-1] [31m[ERROR] [1738845617.224050830] [CompressedPublisher]: [16UC1] is not a color format. but [mono8] is. The conversion does not make sense[0m
[realsense2_camera_node-1] [31m[ERROR] [1738845617.239865706] [camera.camera]: cv_bridge exception: '[16UC1] is not a color format. but [bgr8] is. The conversion does not make sense'[0m
[realsense2_camera_node-1] [31m[ERROR] [1738845617.334529654] [CompressedPublisher]: [16UC1] is not a color format. but [mono8] is. The conversion does not make sense[0m
[realsense2_camera_node-1] [31m[ERROR] [1738845617.346358841] [camera.camera]: cv_bridge exception: '[16UC1] is not a color format. but [bgr8] is. The conversion does not make sense'[0m
[realsense2_camera_node-1] [31m[ERROR] [1738845617.355366608] [compressed_depth_image_transport]: Compressed Depth Image Transport - Compression requires single-channel 32bit-floating  point or 16bit raw depth images (input format is: rgb8).[0m
[realsense2_camera_node-1] [31m[ERROR] [1738845617.379788211] [CompressedPublisher]: [16UC1] is not a color format. but [mono8] is. The conversion does not make sense[0m
[realsense2_camera_node-1] [31m[ERROR] [1738845617.394137818] [camera.camera]: cv_bridge exception: '[16UC1] is not a color format. but [bgr8] is. The conversion does not make sense'[0m
[realsense2_camera_node-1] [31m[ERROR] [1738845617.504742326] [CompressedPublisher]: [16UC1] is not a color format. but [mono8] is. The conversion does not make sense[0m
[realsense2_camera_node-1] [31m[ERROR] [1738845617.516766972] [camera.camera]: cv_bridge exception: '[16UC1] is not a color format. but [bgr8] is. The conversion does not make sense'[0m
[realsense2_camera_node-1] [31m[ERROR] [1738845617.525675275] [compressed_depth_image_transport]: Compressed Depth Image Transport - Compression requires single-channel 32bit-floating  point or 16bit raw depth images (input format is: rgb8).[0m
[realsense2_camera_node-1] [31m[ERROR] [1738845617.550234885] [CompressedPublisher]: [16UC1] is not a color format. but [mono8] is. The conversion does not make sense[0m
[realsense2_camera_node-1] [31m[ERROR] [1738845617.565188006] [camera.camera]: cv_bridge exception: '[16UC1] is not a color format. but [bgr8] is. The conversion does not make sense'[0m
[realsense2_camera_node-1] [31m[ERROR] [1738845617.668612873] [CompressedPublisher]: [16UC1] is not a color format. but [mono8] is. The conversion does not make sense[0m
[realsense2_camera_node-1] [31m[ERROR] [1738845617.680494917] [camera.camera]: cv_bridge exception: '[16UC1] is not a color format. but [bgr8] is. The conversion does not make sense'[0m
[realsense2_camera_node-1] [31m[ERROR] [1738845617.690929496] [compressed_depth_image_transport]: Compressed Depth Image Transport - Compression requires single-channel 32bit-floating  point or 16bit raw depth images (input format is: rgb8).[0m
[realsense2_camera_node-1] [31m[ERROR] [1738845617.713920213] [CompressedPublisher]: [16UC1] is not a color format. but [mono8] is. The conversion does not make sense[0m
[realsense2_camera_node-1] [31m[ERROR] [1738845617.729204465] [camera.camera]: cv_bridge exception: '[16UC1] is not a color format. but [bgr8] is. The conversion does not make sense'[0m
[realsense2_camera_node-1] [31m[ERROR] [1738845617.835884137] [CompressedPublisher]: [16UC1] is not a color format. but [mono8] is. The conversion does not make sense[0m
[realsense2_camera_node-1] [31m[ERROR] [1738845617.847429384] [camera.camera]: cv_bridge exception: '[16UC1] is not a color format. but [bgr8] is. The conversion does not make sense'[0m
[realsense2_camera_node-1] [31m[ERROR] [1738845617.856846893] [compressed_depth_image_transport]: Compressed Depth Image Transport - Compression requires single-channel 32bit-floating  point or 16bit raw depth images (input format is: rgb8).[0m
[realsense2_camera_node-1] [31m[ERROR] [1738845617.881052469] [CompressedPublisher]: [16UC1] is not a color format. but [mono8] is. The conversion does not make sense[0m
[realsense2_camera_node-1] [31m[ERROR] [1738845617.895979104] [camera.camera]: cv_bridge exception: '[16UC1] is not a color format. but [bgr8] is. The conversion does not make sense'[0m
[realsense2_camera_node-1] [31m[ERROR] [1738845618.005039446] [CompressedPublisher]: [16UC1] is not a color format. but [mono8] is. The conversion does not make sense[0m
[realsense2_camera_node-1] [31m[ERROR] [1738845618.018490627] [camera.camera]: cv_bridge exception: '[16UC1] is not a color format. but [bgr8] is. The conversion does not make sense'[0m
[realsense2_camera_node-1] [31m[ERROR] [1738845618.028299044] [compressed_depth_image_transport]: Compressed Depth Image Transport - Compression requires single-channel 32bit-floating  point or 16bit raw depth images (input format is: rgb8).[0m
[realsense2_camera_node-1] [31m[ERROR] [1738845618.055383921] [CompressedPublisher]: [16UC1] is not a color format. but [mono8] is. The conversion does not make sense[0m
[realsense2_camera_node-1] [31m[ERROR] [1738845618.070287960] [camera.camera]: cv_bridge exception: '[16UC1] is not a color format. but [bgr8] is. The conversion does not make sense'[0m
[realsense2_camera_node-1] [31m[ERROR] [1738845618.169903759] [CompressedPublisher]: [16UC1] is not a color format. but [mono8] is. The conversion does not make sense[0m
[realsense2_camera_node-1] [31m[ERROR] [1738845618.181556324] [camera.camera]: cv_bridge exception: '[16UC1] is not a color format. but [bgr8] is. The conversion does not make sense'[0m
[realsense2_camera_node-1] [31m[ERROR] [1738845618.192404275] [compressed_depth_image_transport]: Compressed Depth Image Transport - Compression requires single-channel 32bit-floating  point or 16bit raw depth images (input format is: rgb8).[0m
[realsense2_camera_node-1] [31m[ERROR] [1738845618.215727479] [CompressedPublisher]: [16UC1] is not a color format. but [mono8] is. The conversion does not make sense[0m
[realsense2_camera_node-1] [31m[ERROR] [1738845618.230391542] [camera.camera]: cv_bridge exception: '[16UC1] is not a color format. but [bgr8] is. The conversion does not make sense'[0m
[realsense2_camera_node-1] [31m[ERROR] [1738845618.336735344] [CompressedPublisher]: [16UC1] is not a color format. but [mono8] is. The conversion does not make sense[0m
[realsense2_camera_node-1] [31m[ERROR] [1738845618.348870321] [camera.camera]: cv_bridge exception: '[16UC1] is not a color format. but [bgr8] is. The conversion does not make sense'[0m
[realsense2_camera_node-1] [31m[ERROR] [1738845618.358201126] [compressed_depth_image_transport]: Compressed Depth Image Transport - Compression requires single-channel 32bit-floating  point or 16bit raw depth images (input format is: rgb8).[0m
[realsense2_camera_node-1] [31m[ERROR] [1738845618.383449427] [CompressedPublisher]: [16UC1] is not a color format. but [mono8] is. The conversion does not make sense[0m
[realsense2_camera_node-1] [31m[ERROR] [1738845618.397323460] [camera.camera]: cv_bridge exception: '[16UC1] is not a color format. but [bgr8] is. The conversion does not make sense'[0m
[realsense2_camera_node-1] [31m[ERROR] [1738845618.507190317] [CompressedPublisher]: [16UC1] is not a color format. but [mono8] is. The conversion does not make sense[0m
[realsense2_camera_node-1] [31m[ERROR] [1738845618.519728553] [camera.camera]: cv_bridge exception: '[16UC1] is not a color format. but [bgr8] is. The conversion does not make sense'[0m
[realsense2_camera_node-1] [31m[ERROR] [1738845618.529012540] [compressed_depth_image_transport]: Compressed Depth Image Transport - Compression requires single-channel 32bit-floating  point or 16bit raw depth images (input format is: rgb8).[0m
[realsense2_camera_node-1] [31m[ERROR] [1738845618.555475970] [CompressedPublisher]: [16UC1] is not a color format. but [mono8] is. The conversion does not make sense[0m
[realsense2_camera_node-1] [31m[ERROR] [1738845618.570256174] [camera.camera]: cv_bridge exception: '[16UC1] is not a color format. but [bgr8] is. The conversion does not make sense'[0m
[realsense2_camera_node-1] [31m[ERROR] [1738845618.671254213] [CompressedPublisher]: [16UC1] is not a color format. but [mono8] is. The conversion does not make sense[0m
[realsense2_camera_node-1] [31m[ERROR] [1738845618.683336709] [camera.camera]: cv_bridge exception: '[16UC1] is not a color format. but [bgr8] is. The conversion does not make sense'[0m
[realsense2_camera_node-1] [31m[ERROR] [1738845618.692303742] [compressed_depth_image_transport]: Compressed Depth Image Transport - Compression requires single-channel 32bit-floating  point or 16bit raw depth images (input format is: rgb8).[0m
[realsense2_camera_node-1] [31m[ERROR] [1738845618.719443906] [CompressedPublisher]: [16UC1] is not a color format. but [mono8] is. The conversion does not make sense[0m
[realsense2_camera_node-1] [31m[ERROR] [1738845618.734179295] [camera.camera]: cv_bridge exception: '[16UC1] is not a color format. but [bgr8] is. The conversion does not make sense'[0m
[realsense2_camera_node-1] [31m[ERROR] [1738845618.838893477] [CompressedPublisher]: [16UC1] is not a color format. but [mono8] is. The conversion does not make sense[0m
[realsense2_camera_node-1] [31m[ERROR] [1738845618.853128339] [camera.camera]: cv_bridge exception: '[16UC1] is not a color format. but [bgr8] is. The conversion does not make sense'[0m
[realsense2_camera_node-1] [31m[ERROR] [1738845618.862704344] [compressed_depth_image_transport]: Compressed Depth Image Transport - Compression requires single-channel 32bit-floating  point or 16bit raw depth images (input format is: rgb8).[0m
[realsense2_camera_node-1] [31m[ERROR] [1738845618.886799027] [CompressedPublisher]: [16UC1] is not a color format. but [mono8] is. The conversion does not make sense[0m
[realsense2_camera_node-1] [31m[ERROR] [1738845618.902620921] [camera.camera]: cv_bridge exception: '[16UC1] is not a color format. but [bgr8] is. The conversion does not make sense'[0m
[realsense2_camera_node-1] [31m[ERROR] [1738845619.007552132] [CompressedPublisher]: [16UC1] is not a color format. but [mono8] is. The conversion does not make sense[0m
[realsense2_camera_node-1] [31m[ERROR] [1738845619.024145948] [camera.camera]: cv_bridge exception: '[16UC1] is not a color format. but [bgr8] is. The conversion does not make sense'[0m
[realsense2_camera_node-1] [31m[ERROR] [1738845619.033299155] [compressed_depth_image_transport]: Compressed Depth Image Transport - Compression requires single-channel 32bit-floating  point or 16bit raw depth images (input format is: rgb8).[0m
[realsense2_camera_node-1] [31m[ERROR] [1738845619.059184634] [CompressedPublisher]: [16UC1] is not a color format. but [mono8] is. The conversion does not make sense[0m
[realsense2_camera_node-1] [31m[ERROR] [1738845619.073397523] [camera.camera]: cv_bridge exception: '[16UC1] is not a color format. but [bgr8] is. The conversion does not make sense'[0m
[realsense2_camera_node-1] [31m[ERROR] [1738845619.171897690] [CompressedPublisher]: [16UC1] is not a color format. but [mono8] is. The conversion does not make sense[0m
[realsense2_camera_node-1] [31m[ERROR] [1738845619.186141968] [camera.camera]: cv_bridge exception: '[16UC1] is not a color format. but [bgr8] is. The conversion does not make sense'[0m
[realsense2_camera_node-1] [31m[ERROR] [1738845619.195138942] [compressed_depth_image_transport]: Compressed Depth Image Transport - Compression requires single-channel 32bit-floating  point or 16bit raw depth images (input format is: rgb8).[0m
[realsense2_camera_node-1] [31m[ERROR] [1738845619.217762460] [CompressedPublisher]: [16UC1] is not a color format. but [mono8] is. The conversion does not make sense[0m
[realsense2_camera_node-1] [31m[ERROR] [1738845619.232492236] [camera.camera]: cv_bridge exception: '[16UC1] is not a color format. but [bgr8] is. The conversion does not make sense'[0m
[realsense2_camera_node-1] [31m[ERROR] [1738845619.338894256] [CompressedPublisher]: [16UC1] is not a color format. but [mono8] is. The conversion does not make sense[0m
[realsense2_camera_node-1] [31m[ERROR] [1738845619.350484418] [camera.camera]: cv_bridge exception: '[16UC1] is not a color format. but [bgr8] is. The conversion does not make sense'[0m
[realsense2_camera_node-1] [31m[ERROR] [1738845619.359531338] [compressed_depth_image_transport]: Compressed Depth Image Transport - Compression requires single-channel 32bit-floating  point or 16bit raw depth images (input format is: rgb8).[0m
[realsense2_camera_node-1] [31m[ERROR] [1738845619.384828005] [CompressedPublisher]: [16UC1] is not a color format. but [mono8] is. The conversion does not make sense[0m
[realsense2_camera_node-1] [31m[ERROR] [1738845619.398982504] [camera.camera]: cv_bridge exception: '[16UC1] is not a color format. but [bgr8] is. The conversion does not make sense'[0m
[realsense2_camera_node-1] [31m[ERROR] [1738845619.509028083] [CompressedPublisher]: [16UC1] is not a color format. but [mono8] is. The conversion does not make sense[0m
[realsense2_camera_node-1] [31m[ERROR] [1738845619.521111891] [camera.camera]: cv_bridge exception: '[16UC1] is not a color format. but [bgr8] is. The conversion does not make sense'[0m
[realsense2_camera_node-1] [31m[ERROR] [1738845619.530040592] [compressed_depth_image_transport]: Compressed Depth Image Transport - Compression requires single-channel 32bit-floating  point or 16bit raw depth images (input format is: rgb8).[0m
[realsense2_camera_node-1] [31m[ERROR] [1738845619.554547398] [CompressedPublisher]: [16UC1] is not a color format. but [mono8] is. The conversion does not make sense[0m
[realsense2_camera_node-1] [31m[ERROR] [1738845619.568948647] [camera.camera]: cv_bridge exception: '[16UC1] is not a color format. but [bgr8] is. The conversion does not make sense'[0m
[realsense2_camera_node-1] [31m[ERROR] [1738845619.673108673] [CompressedPublisher]: [16UC1] is not a color format. but [mono8] is. The conversion does not make sense[0m
[realsense2_camera_node-1] [31m[ERROR] [1738845619.684807093] [camera.camera]: cv_bridge exception: '[16UC1] is not a color format. but [bgr8] is. The conversion does not make sense'[0m
[realsense2_camera_node-1] [31m[ERROR] [1738845619.696489011] [compressed_depth_image_transport]: Compressed Depth Image Transport - Compression requires single-channel 32bit-floating  point or 16bit raw depth images (input format is: rgb8).[0m
[realsense2_camera_node-1] [31m[ERROR] [1738845619.719059561] [CompressedPublisher]: [16UC1] is not a color format. but [mono8] is. The conversion does not make sense[0m
[realsense2_camera_node-1] [31m[ERROR] [1738845619.733051221] [camera.camera]: cv_bridge exception: '[16UC1] is not a color format. but [bgr8] is. The conversion does not make sense'[0m
[realsense2_camera_node-1] [31m[ERROR] [1738845619.839939933] [CompressedPublisher]: [16UC1] is not a color format. but [mono8] is. The conversion does not make sense[0m
[realsense2_camera_node-1] [31m[ERROR] [1738845619.851682878] [camera.camera]: cv_bridge exception: '[16UC1] is not a color format. but [bgr8] is. The conversion does not make sense'[0m
[realsense2_camera_node-1] [31m[ERROR] [1738845619.860817281] [compressed_depth_image_transport]: Compressed Depth Image Transport - Compression requires single-channel 32bit-floating  point or 16bit raw depth images (input format is: rgb8).[0m
[realsense2_camera_node-1] [31m[ERROR] [1738845619.885177712] [CompressedPublisher]: [16UC1] is not a color format. but [mono8] is. The conversion does not make sense[0m
[realsense2_camera_node-1] [31m[ERROR] [1738845619.899472200] [camera.camera]: cv_bridge exception: '[16UC1] is not a color format. but [bgr8] is. The conversion does not make sense'[0m
[realsense2_camera_node-1] [31m[ERROR] [1738845620.008664838] [CompressedPublisher]: [16UC1] is not a color format. but [mono8] is. The conversion does not make sense[0m
[realsense2_camera_node-1] [31m[ERROR] [1738845620.020980219] [camera.camera]: cv_bridge exception: '[16UC1] is not a color format. but [bgr8] is. The conversion does not make sense'[0m
[realsense2_camera_node-1] [31m[ERROR] [1738845620.030680078] [compressed_depth_image_transport]: Compressed Depth Image Transport - Compression requires single-channel 32bit-floating  point or 16bit raw depth images (input format is: rgb8).[0m
[realsense2_camera_node-1] [31m[ERROR] [1738845620.054394664] [CompressedPublisher]: [16UC1] is not a color format. but [mono8] is. The conversion does not make sense[0m
[realsense2_camera_node-1] [31m[ERROR] [1738845620.070246627] [camera.camera]: cv_bridge exception: '[16UC1] is not a color format. but [bgr8] is. The conversion does not make sense'[0m
[realsense2_camera_node-1] [31m[ERROR] [1738845620.174375943] [CompressedPublisher]: [16UC1] is not a color format. but [mono8] is. The conversion does not make sense[0m
[realsense2_camera_node-1] [31m[ERROR] [1738845620.186396598] [camera.camera]: cv_bridge exception: '[16UC1] is not a color format. but [bgr8] is. The conversion does not make sense'[0m
[realsense2_camera_node-1] [31m[ERROR] [1738845620.197232463] [compressed_depth_image_transport]: Compressed Depth Image Transport - Compression requires single-channel 32bit-floating  point or 16bit raw depth images (input format is: rgb8).[0m
[realsense2_camera_node-1] [31m[ERROR] [1738845620.220056108] [CompressedPublisher]: [16UC1] is not a color format. but [mono8] is. The conversion does not make sense[0m
[realsense2_camera_node-1] [31m[ERROR] [1738845620.235858869] [camera.camera]: cv_bridge exception: '[16UC1] is not a color format. but [bgr8] is. The conversion does not make sense'[0m
[realsense2_camera_node-1] [31m[ERROR] [1738845620.341190375] [CompressedPublisher]: [16UC1] is not a color format. but [mono8] is. The conversion does not make sense[0m
[realsense2_camera_node-1] [31m[ERROR] [1738845620.352897705] [camera.camera]: cv_bridge exception: '[16UC1] is not a color format. but [bgr8] is. The conversion does not make sense'[0m
[realsense2_camera_node-1] [31m[ERROR] [1738845620.362079568] [compressed_depth_image_transport]: Compressed Depth Image Transport - Compression requires single-channel 32bit-floating  point or 16bit raw depth images (input format is: rgb8).[0m
[realsense2_camera_node-1] [31m[ERROR] [1738845620.387126173] [CompressedPublisher]: [16UC1] is not a color format. but [mono8] is. The conversion does not make sense[0m
[realsense2_camera_node-1] [31m[ERROR] [1738845620.401307614] [camera.camera]: cv_bridge exception: '[16UC1] is not a color format. but [bgr8] is. The conversion does not make sense'[0m
[realsense2_camera_node-1] [31m[ERROR] [1738845620.510778528] [CompressedPublisher]: [16UC1] is not a color format. but [mono8] is. The conversion does not make sense[0m
[realsense2_camera_node-1] [31m[ERROR] [1738845620.523185129] [camera.camera]: cv_bridge exception: '[16UC1] is not a color format. but [bgr8] is. The conversion does not make sense'[0m
[realsense2_camera_node-1] [31m[ERROR] [1738845620.532401721] [compressed_depth_image_transport]: Compressed Depth Image Transport - Compression requires single-channel 32bit-floating  point or 16bit raw depth images (input format is: rgb8).[0m
[realsense2_camera_node-1] [31m[ERROR] [1738845620.556110729] [CompressedPublisher]: [16UC1] is not a color format. but [mono8] is. The conversion does not make sense[0m
[realsense2_camera_node-1] [31m[ERROR] [1738845620.571127980] [camera.camera]: cv_bridge exception: '[16UC1] is not a color format. but [bgr8] is. The conversion does not make sense'[0m
[realsense2_camera_node-1] [31m[ERROR] [1738845620.675016930] [CompressedPublisher]: [16UC1] is not a color format. but [mono8] is. The conversion does not make sense[0m
[realsense2_camera_node-1] [31m[ERROR] [1738845620.687807887] [camera.camera]: cv_bridge exception: '[16UC1] is not a color format. but [bgr8] is. The conversion does not make sense'[0m
[realsense2_camera_node-1] [31m[ERROR] [1738845620.697837015] [compressed_depth_image_transport]: Compressed Depth Image Transport - Compression requires single-channel 32bit-floating  point or 16bit raw depth images (input format is: rgb8).[0m
[realsense2_camera_node-1] [31m[ERROR] [1738845620.721326865] [CompressedPublisher]: [16UC1] is not a color format. but [mono8] is. The conversion does not make sense[0m
[realsense2_camera_node-1] [31m[ERROR] [1738845620.736924661] [camera.camera]: cv_bridge exception: '[16UC1] is not a color format. but [bgr8] is. The conversion does not make sense'[0m
[realsense2_camera_node-1] [31m[ERROR] [1738845620.842689212] [CompressedPublisher]: [16UC1] is not a color format. but [mono8] is. The conversion does not make sense[0m
[realsense2_camera_node-1] [31m[ERROR] [1738845620.854586246] [camera.camera]: cv_bridge exception: '[16UC1] is not a color format. but [bgr8] is. The conversion does not make sense'[0m
[realsense2_camera_node-1] [31m[ERROR] [1738845620.863486902] [compressed_depth_image_transport]: Compressed Depth Image Transport - Compression requires single-channel 32bit-floating  point or 16bit raw depth images (input format is: rgb8).[0m
[realsense2_camera_node-1] [31m[ERROR] [1738845620.889829985] [CompressedPublisher]: [16UC1] is not a color format. but [mono8] is. The conversion does not make sense[0m
[realsense2_camera_node-1] [31m[ERROR] [1738845620.904010352] [camera.camera]: cv_bridge exception: '[16UC1] is not a color format. but [bgr8] is. The conversion does not make sense'[0m
[realsense2_camera_node-1] [31m[ERROR] [1738845621.010815006] [CompressedPublisher]: [16UC1] is not a color format. but [mono8] is. The conversion does not make sense[0m
[realsense2_camera_node-1] [31m[ERROR] [1738845621.022961582] [camera.camera]: cv_bridge exception: '[16UC1] is not a color format. but [bgr8] is. The conversion does not make sense'[0m
[realsense2_camera_node-1] [31m[ERROR] [1738845621.032009856] [compressed_depth_image_transport]: Compressed Depth Image Transport - Compression requires single-channel 32bit-floating  point or 16bit raw depth images (input format is: rgb8).[0m
[realsense2_camera_node-1] [31m[ERROR] [1738845621.057113284] [CompressedPublisher]: [16UC1] is not a color format. but [mono8] is. The conversion does not make sense[0m
[realsense2_camera_node-1] [31m[ERROR] [1738845621.072372328] [camera.camera]: cv_bridge exception: '[16UC1] is not a color format. but [bgr8] is. The conversion does not make sense'[0m
[realsense2_camera_node-1] [31m[ERROR] [1738845621.176721046] [CompressedPublisher]: [16UC1] is not a color format. but [mono8] is. The conversion does not make sense[0m
[realsense2_camera_node-1] [31m[ERROR] [1738845621.190064385] [camera.camera]: cv_bridge exception: '[16UC1] is not a color format. but [bgr8] is. The conversion does not make sense'[0m
[realsense2_camera_node-1] [31m[ERROR] [1738845621.200463064] [compressed_depth_image_transport]: Compressed Depth Image Transport - Compression requires single-channel 32bit-floating  point or 16bit raw depth images (input format is: rgb8).[0m
[realsense2_camera_node-1] [31m[ERROR] [1738845621.223311887] [CompressedPublisher]: [16UC1] is not a color format. but [mono8] is. The conversion does not make sense[0m
[realsense2_camera_node-1] [31m[ERROR] [1738845621.240586475] [camera.camera]: cv_bridge exception: '[16UC1] is not a color format. but [bgr8] is. The conversion does not make sense'[0m
[realsense2_camera_node-1] [31m[ERROR] [1738845621.343454188] [CompressedPublisher]: [16UC1] is not a color format. but [mono8] is. The conversion does not make sense[0m
[realsense2_camera_node-1] [31m[ERROR] [1738845621.355875343] [camera.camera]: cv_bridge exception: '[16UC1] is not a color format. but [bgr8] is. The conversion does not make sense'[0m
[realsense2_camera_node-1] [31m[ERROR] [1738845621.365184835] [compressed_depth_image_transport]: Compressed Depth Image Transport - Compression requires single-channel 32bit-floating  point or 16bit raw depth images (input format is: rgb8).[0m
[realsense2_camera_node-1] [31m[ERROR] [1738845621.391004327] [CompressedPublisher]: [16UC1] is not a color format. but [mono8] is. The conversion does not make sense[0m
[realsense2_camera_node-1] [31m[ERROR] [1738845621.405806305] [camera.camera]: cv_bridge exception: '[16UC1] is not a color format. but [bgr8] is. The conversion does not make sense'[0m
[realsense2_camera_node-1] [31m[ERROR] [1738845621.513427941] [CompressedPublisher]: [16UC1] is not a color format. but [mono8] is. The conversion does not make sense[0m
[realsense2_camera_node-1] [31m[ERROR] [1738845621.527615712] [camera.camera]: cv_bridge exception: '[16UC1] is not a color format. but [bgr8] is. The conversion does not make sense'[0m
[realsense2_camera_node-1] [31m[ERROR] [1738845621.536958085] [compressed_depth_image_transport]: Compressed Depth Image Transport - Compression requires single-channel 32bit-floating  point or 16bit raw depth images (input format is: rgb8).[0m
[realsense2_camera_node-1] [31m[ERROR] [1738845621.559653726] [CompressedPublisher]: [16UC1] is not a color format. but [mono8] is. The conversion does not make sense[0m
[realsense2_camera_node-1] [31m[ERROR] [1738845621.575671487] [camera.camera]: cv_bridge exception: '[16UC1] is not a color format. but [bgr8] is. The conversion does not make sense'[0m
[realsense2_camera_node-1] [31m[ERROR] [1738845621.677524039] [CompressedPublisher]: [16UC1] is not a color format. but [mono8] is. The conversion does not make sense[0m
[realsense2_camera_node-1] [31m[ERROR] [1738845621.689363669] [camera.camera]: cv_bridge exception: '[16UC1] is not a color format. but [bgr8] is. The conversion does not make sense'[0m
[realsense2_camera_node-1] [31m[ERROR] [1738845621.698457369] [compressed_depth_image_transport]: Compressed Depth Image Transport - Compression requires single-channel 32bit-floating  point or 16bit raw depth images (input format is: rgb8).[0m
[realsense2_camera_node-1] [31m[ERROR] [1738845621.725074089] [CompressedPublisher]: [16UC1] is not a color format. but [mono8] is. The conversion does not make sense[0m
[realsense2_camera_node-1] [31m[ERROR] [1738845621.739314256] [camera.camera]: cv_bridge exception: '[16UC1] is not a color format. but [bgr8] is. The conversion does not make sense'[0m
[realsense2_camera_node-1] [31m[ERROR] [1738845621.846828811] [CompressedPublisher]: [16UC1] is not a color format. but [mono8] is. The conversion does not make sense[0m
[realsense2_camera_node-1] [31m[ERROR] [1738845621.863591638] [camera.camera]: cv_bridge exception: '[16UC1] is not a color format. but [bgr8] is. The conversion does not make sense'[0m
[realsense2_camera_node-1] [31m[ERROR] [1738845621.875904930] [compressed_depth_image_transport]: Compressed Depth Image Transport - Compression requires single-channel 32bit-floating  point or 16bit raw depth images (input format is: rgb8).[0m
[realsense2_camera_node-1] [31m[ERROR] [1738845621.906474420] [CompressedPublisher]: [16UC1] is not a color format. but [mono8] is. The conversion does not make sense[0m
[realsense2_camera_node-1] [31m[ERROR] [1738845621.920669159] [camera.camera]: cv_bridge exception: '[16UC1] is not a color format. but [bgr8] is. The conversion does not make sense'[0m
[realsense2_camera_node-1] [31m[ERROR] [1738845622.011594240] [CompressedPublisher]: [16UC1] is not a color format. but [mono8] is. The conversion does not make sense[0m
[realsense2_camera_node-1] [31m[ERROR] [1738845622.023506847] [camera.camera]: cv_bridge exception: '[16UC1] is not a color format. but [bgr8] is. The conversion does not make sense'[0m
[realsense2_camera_node-1] [31m[ERROR] [1738845622.032871801] [compressed_depth_image_transport]: Compressed Depth Image Transport - Compression requires single-channel 32bit-floating  point or 16bit raw depth images (input format is: rgb8).[0m
[realsense2_camera_node-1] [31m[ERROR] [1738845622.058615281] [CompressedPublisher]: [16UC1] is not a color format. but [mono8] is. The conversion does not make sense[0m
[realsense2_camera_node-1] [31m[ERROR] [1738845622.073061015] [camera.camera]: cv_bridge exception: '[16UC1] is not a color format. but [bgr8] is. The conversion does not make sense'[0m
[realsense2_camera_node-1] [31m[ERROR] [1738845622.178940935] [CompressedPublisher]: [16UC1] is not a color format. but [mono8] is. The conversion does not make sense[0m
[realsense2_camera_node-1] [31m[ERROR] [1738845622.190807589] [camera.camera]: cv_bridge exception: '[16UC1] is not a color format. but [bgr8] is. The conversion does not make sense'[0m
[realsense2_camera_node-1] [31m[ERROR] [1738845622.199931251] [compressed_depth_image_transport]: Compressed Depth Image Transport - Compression requires single-channel 32bit-floating  point or 16bit raw depth images (input format is: rgb8).[0m
[realsense2_camera_node-1] [31m[ERROR] [1738845622.223917869] [CompressedPublisher]: [16UC1] is not a color format. but [mono8] is. The conversion does not make sense[0m
[realsense2_camera_node-1] [31m[ERROR] [1738845622.238382480] [camera.camera]: cv_bridge exception: '[16UC1] is not a color format. but [bgr8] is. The conversion does not make sense'[0m
[realsense2_camera_node-1] [31m[ERROR] [1738845622.345758703] [CompressedPublisher]: [16UC1] is not a color format. but [mono8] is. The conversion does not make sense[0m
[realsense2_camera_node-1] [31m[ERROR] [1738845622.359684222] [camera.camera]: cv_bridge exception: '[16UC1] is not a color format. but [bgr8] is. The conversion does not make sense'[0m
[realsense2_camera_node-1] [31m[ERROR] [1738845622.368882495] [compressed_depth_image_transport]: Compressed Depth Image Transport - Compression requires single-channel 32bit-floating  point or 16bit raw depth images (input format is: rgb8).[0m
[realsense2_camera_node-1] [31m[ERROR] [1738845622.392179237] [CompressedPublisher]: [16UC1] is not a color format. but [mono8] is. The conversion does not make sense[0m
[realsense2_camera_node-1] [31m[ERROR] [1738845622.408388753] [camera.camera]: cv_bridge exception: '[16UC1] is not a color format. but [bgr8] is. The conversion does not make sense'[0m
[realsense2_camera_node-1] [31m[ERROR] [1738845622.512600794] [CompressedPublisher]: [16UC1] is not a color format. but [mono8] is. The conversion does not make sense[0m
[realsense2_camera_node-1] [31m[ERROR] [1738845622.525112425] [camera.camera]: cv_bridge exception: '[16UC1] is not a color format. but [bgr8] is. The conversion does not make sense'[0m
[realsense2_camera_node-1] [31m[ERROR] [1738845622.536383355] [compressed_depth_image_transport]: Compressed Depth Image Transport - Compression requires single-channel 32bit-floating  point or 16bit raw depth images (input format is: rgb8).[0m
[realsense2_camera_node-1] [31m[ERROR] [1738845622.560551844] [CompressedPublisher]: [16UC1] is not a color format. but [mono8] is. The conversion does not make sense[0m
[realsense2_camera_node-1] [31m[ERROR] [1738845622.574472501] [camera.camera]: cv_bridge exception: '[16UC1] is not a color format. but [bgr8] is. The conversion does not make sense'[0m
[realsense2_camera_node-1] [31m[ERROR] [1738845622.681202377] [CompressedPublisher]: [16UC1] is not a color format. but [mono8] is. The conversion does not make sense[0m
[realsense2_camera_node-1] [31m[ERROR] [1738845622.693269431] [camera.camera]: cv_bridge exception: '[16UC1] is not a color format. but [bgr8] is. The conversion does not make sense'[0m
[realsense2_camera_node-1] [31m[ERROR] [1738845622.702153260] [compressed_depth_image_transport]: Compressed Depth Image Transport - Compression requires single-channel 32bit-floating  point or 16bit raw depth images (input format is: rgb8).[0m
[realsense2_camera_node-1] [31m[ERROR] [1738845622.726870648] [CompressedPublisher]: [16UC1] is not a color format. but [mono8] is. The conversion does not make sense[0m
[realsense2_camera_node-1] [31m[ERROR] [1738845622.741284590] [camera.camera]: cv_bridge exception: '[16UC1] is not a color format. but [bgr8] is. The conversion does not make sense'[0m
[realsense2_camera_node-1] [31m[ERROR] [1738845622.846664515] [CompressedPublisher]: [16UC1] is not a color format. but [mono8] is. The conversion does not make sense[0m
[realsense2_camera_node-1] [31m[ERROR] [1738845622.862904646] [camera.camera]: cv_bridge exception: '[16UC1] is not a color format. but [bgr8] is. The conversion does not make sense'[0m
[realsense2_camera_node-1] [31m[ERROR] [1738845622.872459638] [compressed_depth_image_transport]: Compressed Depth Image Transport - Compression requires single-channel 32bit-floating  point or 16bit raw depth images (input format is: rgb8).[0m
[realsense2_camera_node-1] [31m[ERROR] [1738845622.896267727] [CompressedPublisher]: [16UC1] is not a color format. but [mono8] is. The conversion does not make sense[0m
[realsense2_camera_node-1] [31m[ERROR] [1738845622.914990274] [camera.camera]: cv_bridge exception: '[16UC1] is not a color format. but [bgr8] is. The conversion does not make sense'[0m
[realsense2_camera_node-1] [31m[ERROR] [1738845623.013558018] [CompressedPublisher]: [16UC1] is not a color format. but [mono8] is. The conversion does not make sense[0m
[realsense2_camera_node-1] [31m[ERROR] [1738845623.025493655] [camera.camera]: cv_bridge exception: '[16UC1] is not a color format. but [bgr8] is. The conversion does not make sense'[0m
[realsense2_camera_node-1] [31m[ERROR] [1738845623.034458823] [compressed_depth_image_transport]: Compressed Depth Image Transport - Compression requires single-channel 32bit-floating  point or 16bit raw depth images (input format is: rgb8).[0m
[realsense2_camera_node-1] [31m[ERROR] [1738845623.058958609] [CompressedPublisher]: [16UC1] is not a color format. but [mono8] is. The conversion does not make sense[0m
[realsense2_camera_node-1] [31m[ERROR] [1738845623.073143468] [camera.camera]: cv_bridge exception: '[16UC1] is not a color format. but [bgr8] is. The conversion does not make sense'[0m
[realsense2_camera_node-1] [31m[ERROR] [1738845623.181624855] [CompressedPublisher]: [16UC1] is not a color format. but [mono8] is. The conversion does not make sense[0m
[realsense2_camera_node-1] [31m[ERROR] [1738845623.193930885] [camera.camera]: cv_bridge exception: '[16UC1] is not a color format. but [bgr8] is. The conversion does not make sense'[0m
[realsense2_camera_node-1] [31m[ERROR] [1738845623.203021500] [compressed_depth_image_transport]: Compressed Depth Image Transport - Compression requires single-channel 32bit-floating  point or 16bit raw depth images (input format is: rgb8).[0m
[realsense2_camera_node-1] [31m[ERROR] [1738845623.229206116] [CompressedPublisher]: [16UC1] is not a color format. but [mono8] is. The conversion does not make sense[0m
[realsense2_camera_node-1] [31m[ERROR] [1738845623.248925387] [camera.camera]: cv_bridge exception: '[16UC1] is not a color format. but [bgr8] is. The conversion does not make sense'[0m
[realsense2_camera_node-1] [31m[ERROR] [1738845623.348259106] [CompressedPublisher]: [16UC1] is not a color format. but [mono8] is. The conversion does not make sense[0m
[realsense2_camera_node-1] [31m[ERROR] [1738845623.359737827] [camera.camera]: cv_bridge exception: '[16UC1] is not a color format. but [bgr8] is. The conversion does not make sense'[0m
[realsense2_camera_node-1] [31m[ERROR] [1738845623.370954987] [compressed_depth_image_transport]: Compressed Depth Image Transport - Compression requires single-channel 32bit-floating  point or 16bit raw depth images (input format is: rgb8).[0m
[realsense2_camera_node-1] [31m[ERROR] [1738845623.395233716] [CompressedPublisher]: [16UC1] is not a color format. but [mono8] is. The conversion does not make sense[0m
[realsense2_camera_node-1] [31m[ERROR] [1738845623.409643577] [camera.camera]: cv_bridge exception: '[16UC1] is not a color format. but [bgr8] is. The conversion does not make sense'[0m
[realsense2_camera_node-1] [31m[ERROR] [1738845623.515250244] [CompressedPublisher]: [16UC1] is not a color format. but [mono8] is. The conversion does not make sense[0m
[realsense2_camera_node-1] [31m[ERROR] [1738845623.527306723] [camera.camera]: cv_bridge exception: '[16UC1] is not a color format. but [bgr8] is. The conversion does not make sense'[0m
[realsense2_camera_node-1] [31m[ERROR] [1738845623.536618449] [compressed_depth_image_transport]: Compressed Depth Image Transport - Compression requires single-channel 32bit-floating  point or 16bit raw depth images (input format is: rgb8).[0m
[realsense2_camera_node-1] [31m[ERROR] [1738845623.562636997] [CompressedPublisher]: [16UC1] is not a color format. but [mono8] is. The conversion does not make sense[0m
[realsense2_camera_node-1] [31m[ERROR] [1738845623.577087404] [camera.camera]: cv_bridge exception: '[16UC1] is not a color format. but [bgr8] is. The conversion does not make sense'[0m
[realsense2_camera_node-1] [31m[ERROR] [1738845623.682163117] [CompressedPublisher]: [16UC1] is not a color format. but [mono8] is. The conversion does not make sense[0m
[realsense2_camera_node-1] [31m[ERROR] [1738845623.696699175] [camera.camera]: cv_bridge exception: '[16UC1] is not a color format. but [bgr8] is. The conversion does not make sense'[0m
[realsense2_camera_node-1] [31m[ERROR] [1738845623.706141127] [compressed_depth_image_transport]: Compressed Depth Image Transport - Compression requires single-channel 32bit-floating  point or 16bit raw depth images (input format is: rgb8).[0m
[realsense2_camera_node-1] [31m[ERROR] [1738845623.739217763] [CompressedPublisher]: [16UC1] is not a color format. but [mono8] is. The conversion does not make sense[0m
[realsense2_camera_node-1] [31m[ERROR] [1738845623.758388816] [camera.camera]: cv_bridge exception: '[16UC1] is not a color format. but [bgr8] is. The conversion does not make sense'[0m
[realsense2_camera_node-1] [31m[ERROR] [1738845623.849052943] [CompressedPublisher]: [16UC1] is not a color format. but [mono8] is. The conversion does not make sense[0m
[realsense2_camera_node-1] [31m[ERROR] [1738845623.860691172] [camera.camera]: cv_bridge exception: '[16UC1] is not a color format. but [bgr8] is. The conversion does not make sense'[0m
[realsense2_camera_node-1] [31m[ERROR] [1738845623.869739883] [compressed_depth_image_transport]: Compressed Depth Image Transport - Compression requires single-channel 32bit-floating  point or 16bit raw depth images (input format is: rgb8).[0m
[realsense2_camera_node-1] [31m[ERROR] [1738845623.894296863] [CompressedPublisher]: [16UC1] is not a color format. but [mono8] is. The conversion does not make sense[0m
[realsense2_camera_node-1] [31m[ERROR] [1738845623.908358527] [camera.camera]: cv_bridge exception: '[16UC1] is not a color format. but [bgr8] is. The conversion does not make sense'[0m
[realsense2_camera_node-1] [31m[ERROR] [1738845624.016820992] [CompressedPublisher]: [16UC1] is not a color format. but [mono8] is. The conversion does not make sense[0m
[realsense2_camera_node-1] [31m[ERROR] [1738845624.029313282] [camera.camera]: cv_bridge exception: '[16UC1] is not a color format. but [bgr8] is. The conversion does not make sense'[0m
[realsense2_camera_node-1] [31m[ERROR] [1738845624.038803091] [compressed_depth_image_transport]: Compressed Depth Image Transport - Compression requires single-channel 32bit-floating  point or 16bit raw depth images (input format is: rgb8).[0m
[realsense2_camera_node-1] [31m[ERROR] [1738845624.065442552] [CompressedPublisher]: [16UC1] is not a color format. but [mono8] is. The conversion does not make sense[0m
[realsense2_camera_node-1] [31m[ERROR] [1738845624.080059702] [camera.camera]: cv_bridge exception: '[16UC1] is not a color format. but [bgr8] is. The conversion does not make sense'[0m
[realsense2_camera_node-1] [31m[ERROR] [1738845624.183000720] [CompressedPublisher]: [16UC1] is not a color format. but [mono8] is. The conversion does not make sense[0m
[realsense2_camera_node-1] [31m[ERROR] [1738845624.196355999] [camera.camera]: cv_bridge exception: '[16UC1] is not a color format. but [bgr8] is. The conversion does not make sense'[0m
[realsense2_camera_node-1] [31m[ERROR] [1738845624.206048095] [compressed_depth_image_transport]: Compressed Depth Image Transport - Compression requires single-channel 32bit-floating  point or 16bit raw depth images (input format is: rgb8).[0m
[realsense2_camera_node-1] [31m[ERROR] [1738845624.228738133] [CompressedPublisher]: [16UC1] is not a color format. but [mono8] is. The conversion does not make sense[0m
[realsense2_camera_node-1] [31m[ERROR] [1738845624.245883269] [camera.camera]: cv_bridge exception: '[16UC1] is not a color format. but [bgr8] is. The conversion does not make sense'[0m
[realsense2_camera_node-1] [31m[ERROR] [1738845624.350179173] [CompressedPublisher]: [16UC1] is not a color format. but [mono8] is. The conversion does not make sense[0m
[realsense2_camera_node-1] [31m[ERROR] [1738845624.362027218] [camera.camera]: cv_bridge exception: '[16UC1] is not a color format. but [bgr8] is. The conversion does not make sense'[0m
[realsense2_camera_node-1] [31m[ERROR] [1738845624.370994255] [compressed_depth_image_transport]: Compressed Depth Image Transport - Compression requires single-channel 32bit-floating  point or 16bit raw depth images (input format is: rgb8).[0m
[realsense2_camera_node-1] [31m[ERROR] [1738845624.395809090] [CompressedPublisher]: [16UC1] is not a color format. but [mono8] is. The conversion does not make sense[0m
[realsense2_camera_node-1] [31m[ERROR] [1738845624.410782276] [camera.camera]: cv_bridge exception: '[16UC1] is not a color format. but [bgr8] is. The conversion does not make sense'[0m
[realsense2_camera_node-1] [31m[ERROR] [1738845624.519967611] [CompressedPublisher]: [16UC1] is not a color format. but [mono8] is. The conversion does not make sense[0m
[realsense2_camera_node-1] [31m[ERROR] [1738845624.532094498] [camera.camera]: cv_bridge exception: '[16UC1] is not a color format. but [bgr8] is. The conversion does not make sense'[0m
[realsense2_camera_node-1] [31m[ERROR] [1738845624.541384402] [compressed_depth_image_transport]: Compressed Depth Image Transport - Compression requires single-channel 32bit-floating  point or 16bit raw depth images (input format is: rgb8).[0m
[realsense2_camera_node-1] [31m[ERROR] [1738845624.565908773] [CompressedPublisher]: [16UC1] is not a color format. but [mono8] is. The conversion does not make sense[0m
[realsense2_camera_node-1] [31m[ERROR] [1738845624.580196144] [camera.camera]: cv_bridge exception: '[16UC1] is not a color format. but [bgr8] is. The conversion does not make sense'[0m
[realsense2_camera_node-1] [31m[ERROR] [1738845624.687137695] [CompressedPublisher]: [16UC1] is not a color format. but [mono8] is. The conversion does not make sense[0m
[realsense2_camera_node-1] [31m[ERROR] [1738845624.703236720] [camera.camera]: cv_bridge exception: '[16UC1] is not a color format. but [bgr8] is. The conversion does not make sense'[0m
[realsense2_camera_node-1] [31m[ERROR] [1738845624.713976129] [compressed_depth_image_transport]: Compressed Depth Image Transport - Compression requires single-channel 32bit-floating  point or 16bit raw depth images (input format is: rgb8).[0m
[realsense2_camera_node-1] [31m[ERROR] [1738845624.745093987] [CompressedPublisher]: [16UC1] is not a color format. but [mono8] is. The conversion does not make sense[0m
[realsense2_camera_node-1] [31m[ERROR] [1738845624.761563792] [camera.camera]: cv_bridge exception: '[16UC1] is not a color format. but [bgr8] is. The conversion does not make sense'[0m
[realsense2_camera_node-1] [31m[ERROR] [1738845624.851309638] [CompressedPublisher]: [16UC1] is not a color format. but [mono8] is. The conversion does not make sense[0m
[realsense2_camera_node-1] [31m[ERROR] [1738845624.865867014] [camera.camera]: cv_bridge exception: '[16UC1] is not a color format. but [bgr8] is. The conversion does not make sense'[0m
[realsense2_camera_node-1] [31m[ERROR] [1738845624.875099620] [compressed_depth_image_transport]: Compressed Depth Image Transport - Compression requires single-channel 32bit-floating  point or 16bit raw depth images (input format is: rgb8).[0m
[realsense2_camera_node-1] [31m[ERROR] [1738845624.898545727] [CompressedPublisher]: [16UC1] is not a color format. but [mono8] is. The conversion does not make sense[0m
[realsense2_camera_node-1] [31m[ERROR] [1738845624.914910852] [camera.camera]: cv_bridge exception: '[16UC1] is not a color format. but [bgr8] is. The conversion does not make sense'[0m
[realsense2_camera_node-1] [31m[ERROR] [1738845625.018241314] [CompressedPublisher]: [16UC1] is not a color format. but [mono8] is. The conversion does not make sense[0m
[realsense2_camera_node-1] [31m[ERROR] [1738845625.029961162] [camera.camera]: cv_bridge exception: '[16UC1] is not a color format. but [bgr8] is. The conversion does not make sense'[0m
[realsense2_camera_node-1] [31m[ERROR] [1738845625.040346570] [compressed_depth_image_transport]: Compressed Depth Image Transport - Compression requires single-channel 32bit-floating  point or 16bit raw depth images (input format is: rgb8).[0m
[realsense2_camera_node-1] [31m[ERROR] [1738845625.063789433] [CompressedPublisher]: [16UC1] is not a color format. but [mono8] is. The conversion does not make sense[0m
[realsense2_camera_node-1] [31m[ERROR] [1738845625.078188433] [camera.camera]: cv_bridge exception: '[16UC1] is not a color format. but [bgr8] is. The conversion does not make sense'[0m
[realsense2_camera_node-1] [31m[ERROR] [1738845625.188117108] [CompressedPublisher]: [16UC1] is not a color format. but [mono8] is. The conversion does not make sense[0m
[realsense2_camera_node-1] [31m[ERROR] [1738845625.204371874] [camera.camera]: cv_bridge exception: '[16UC1] is not a color format. but [bgr8] is. The conversion does not make sense'[0m
[realsense2_camera_node-1] [31m[ERROR] [1738845625.216588629] [compressed_depth_image_transport]: Compressed Depth Image Transport - Compression requires single-channel 32bit-floating  point or 16bit raw depth images (input format is: rgb8).[0m
[realsense2_camera_node-1] [31m[ERROR] [1738845625.247050097] [CompressedPublisher]: [16UC1] is not a color format. but [mono8] is. The conversion does not make sense[0m
[realsense2_camera_node-1] [31m[ERROR] [1738845625.261158136] [camera.camera]: cv_bridge exception: '[16UC1] is not a color format. but [bgr8] is. The conversion does not make sense'[0m
[realsense2_camera_node-1] [31m[ERROR] [1738845625.352186347] [CompressedPublisher]: [16UC1] is not a color format. but [mono8] is. The conversion does not make sense[0m
[realsense2_camera_node-1] [31m[ERROR] [1738845625.365148239] [camera.camera]: cv_bridge exception: '[16UC1] is not a color format. but [bgr8] is. The conversion does not make sense'[0m
[realsense2_camera_node-1] [31m[ERROR] [1738845625.374675110] [compressed_depth_image_transport]: Compressed Depth Image Transport - Compression requires single-channel 32bit-floating  point or 16bit raw depth images (input format is: rgb8).[0m
[realsense2_camera_node-1] [31m[ERROR] [1738845625.398487118] [CompressedPublisher]: [16UC1] is not a color format. but [mono8] is. The conversion does not make sense[0m
[realsense2_camera_node-1] [31m[ERROR] [1738845625.413584318] [camera.camera]: cv_bridge exception: '[16UC1] is not a color format. but [bgr8] is. The conversion does not make sense'[0m
[realsense2_camera_node-1] [31m[ERROR] [1738845625.519063162] [CompressedPublisher]: [16UC1] is not a color format. but [mono8] is. The conversion does not make sense[0m
[realsense2_camera_node-1] [31m[ERROR] [1738845625.529278828] [camera.camera]: cv_bridge exception: '[16UC1] is not a color format. but [bgr8] is. The conversion does not make sense'[0m
[realsense2_camera_node-1] [31m[ERROR] [1738845625.539712503] [compressed_depth_image_transport]: Compressed Depth Image Transport - Compression requires single-channel 32bit-floating  point or 16bit raw depth images (input format is: rgb8).[0m
[realsense2_camera_node-1] [31m[ERROR] [1738845625.565674508] [CompressedPublisher]: [16UC1] is not a color format. but [mono8] is. The conversion does not make sense[0m
[realsense2_camera_node-1] [31m[ERROR] [1738845625.580483693] [camera.camera]: cv_bridge exception: '[16UC1] is not a color format. but [bgr8] is. The conversion does not make sense'[0m
[realsense2_camera_node-1] [31m[ERROR] [1738845625.689219182] [CompressedPublisher]: [16UC1] is not a color format. but [mono8] is. The conversion does not make sense[0m
[realsense2_camera_node-1] [31m[ERROR] [1738845625.699298513] [camera.camera]: cv_bridge exception: '[16UC1] is not a color format. but [bgr8] is. The conversion does not make sense'[0m
[realsense2_camera_node-1] [31m[ERROR] [1738845625.707122519] [compressed_depth_image_transport]: Compressed Depth Image Transport - Compression requires single-channel 32bit-floating  point or 16bit raw depth images (input format is: rgb8).[0m
[realsense2_camera_node-1] [31m[ERROR] [1738845625.736203506] [CompressedPublisher]: [16UC1] is not a color format. but [mono8] is. The conversion does not make sense[0m
[realsense2_camera_node-1] [31m[ERROR] [1738845625.748793321] [camera.camera]: cv_bridge exception: '[16UC1] is not a color format. but [bgr8] is. The conversion does not make sense'[0m
[realsense2_camera_node-1] [31m[ERROR] [1738845625.853301147] [CompressedPublisher]: [16UC1] is not a color format. but [mono8] is. The conversion does not make sense[0m
[realsense2_camera_node-1] [31m[ERROR] [1738845625.865408829] [camera.camera]: cv_bridge exception: '[16UC1] is not a color format. but [bgr8] is. The conversion does not make sense'[0m
[realsense2_camera_node-1] [31m[ERROR] [1738845625.873775547] [compressed_depth_image_transport]: Compressed Depth Image Transport - Compression requires single-channel 32bit-floating  point or 16bit raw depth images (input format is: rgb8).[0m
[realsense2_camera_node-1] [31m[ERROR] [1738845625.902917995] [CompressedPublisher]: [16UC1] is not a color format. but [mono8] is. The conversion does not make sense[0m
[realsense2_camera_node-1] [31m[ERROR] [1738845625.916717240] [camera.camera]: cv_bridge exception: '[16UC1] is not a color format. but [bgr8] is. The conversion does not make sense'[0m
[realsense2_camera_node-1] [31m[ERROR] [1738845626.023103827] [CompressedPublisher]: [16UC1] is not a color format. but [mono8] is. The conversion does not make sense[0m
[realsense2_camera_node-1] [31m[ERROR] [1738845626.033864551] [camera.camera]: cv_bridge exception: '[16UC1] is not a color format. but [bgr8] is. The conversion does not make sense'[0m
[realsense2_camera_node-1] [31m[ERROR] [1738845626.042181243] [compressed_depth_image_transport]: Compressed Depth Image Transport - Compression requires single-channel 32bit-floating  point or 16bit raw depth images (input format is: rgb8).[0m
[realsense2_camera_node-1] [31m[ERROR] [1738845626.069256715] [CompressedPublisher]: [16UC1] is not a color format. but [mono8] is. The conversion does not make sense[0m
[realsense2_camera_node-1] [31m[ERROR] [1738845626.082195066] [camera.camera]: cv_bridge exception: '[16UC1] is not a color format. but [bgr8] is. The conversion does not make sense'[0m
[realsense2_camera_node-1] [31m[ERROR] [1738845626.188764535] [CompressedPublisher]: [16UC1] is not a color format. but [mono8] is. The conversion does not make sense[0m
[realsense2_camera_node-1] [31m[ERROR] [1738845626.199883559] [camera.camera]: cv_bridge exception: '[16UC1] is not a color format. but [bgr8] is. The conversion does not make sense'[0m
[realsense2_camera_node-1] [31m[ERROR] [1738845626.209403133] [compressed_depth_image_transport]: Compressed Depth Image Transport - Compression requires single-channel 32bit-floating  point or 16bit raw depth images (input format is: rgb8).[0m
[realsense2_camera_node-1] [31m[ERROR] [1738845626.236990162] [CompressedPublisher]: [16UC1] is not a color format. but [mono8] is. The conversion does not make sense[0m
[realsense2_camera_node-1] [31m[ERROR] [1738845626.250219872] [camera.camera]: cv_bridge exception: '[16UC1] is not a color format. but [bgr8] is. The conversion does not make sense'[0m
[realsense2_camera_node-1] [31m[ERROR] [1738845626.357409319] [CompressedPublisher]: [16UC1] is not a color format. but [mono8] is. The conversion does not make sense[0m
[realsense2_camera_node-1] [31m[ERROR] [1738845626.367458662] [camera.camera]: cv_bridge exception: '[16UC1] is not a color format. but [bgr8] is. The conversion does not make sense'[0m
[realsense2_camera_node-1] [31m[ERROR] [1738845626.376138790] [compressed_depth_image_transport]: Compressed Depth Image Transport - Compression requires single-channel 32bit-floating  point or 16bit raw depth images (input format is: rgb8).[0m
[realsense2_camera_node-1] [31m[ERROR] [1738845626.403825263] [CompressedPublisher]: [16UC1] is not a color format. but [mono8] is. The conversion does not make sense[0m
[realsense2_camera_node-1] [31m[ERROR] [1738845626.417151883] [camera.camera]: cv_bridge exception: '[16UC1] is not a color format. but [bgr8] is. The conversion does not make sense'[0m
[realsense2_camera_node-1] [31m[ERROR] [1738845626.522889995] [CompressedPublisher]: [16UC1] is not a color format. but [mono8] is. The conversion does not make sense[0m
[realsense2_camera_node-1] [31m[ERROR] [1738845626.532719343] [camera.camera]: cv_bridge exception: '[16UC1] is not a color format. but [bgr8] is. The conversion does not make sense'[0m
[realsense2_camera_node-1] [31m[ERROR] [1738845626.540844839] [compressed_depth_image_transport]: Compressed Depth Image Transport - Compression requires single-channel 32bit-floating  point or 16bit raw depth images (input format is: rgb8).[0m
[realsense2_camera_node-1] [31m[ERROR] [1738845626.572304299] [CompressedPublisher]: [16UC1] is not a color format. but [mono8] is. The conversion does not make sense[0m
[realsense2_camera_node-1] [31m[ERROR] [1738845626.590231814] [camera.camera]: cv_bridge exception: '[16UC1] is not a color format. but [bgr8] is. The conversion does not make sense'[0m
[realsense2_camera_node-1] [31m[ERROR] [1738845626.689671169] [CompressedPublisher]: [16UC1] is not a color format. but [mono8] is. The conversion does not make sense[0m
[realsense2_camera_node-1] [31m[ERROR] [1738845626.701412129] [camera.camera]: cv_bridge exception: '[16UC1] is not a color format. but [bgr8] is. The conversion does not make sense'[0m
[realsense2_camera_node-1] [31m[ERROR] [1738845626.709699657] [compressed_depth_image_transport]: Compressed Depth Image Transport - Compression requires single-channel 32bit-floating  point or 16bit raw depth images (input format is: rgb8).[0m
[realsense2_camera_node-1] [31m[ERROR] [1738845626.736920593] [CompressedPublisher]: [16UC1] is not a color format. but [mono8] is. The conversion does not make sense[0m
[realsense2_camera_node-1] [31m[ERROR] [1738845626.750564931] [camera.camera]: cv_bridge exception: '[16UC1] is not a color format. but [bgr8] is. The conversion does not make sense'[0m
[realsense2_camera_node-1] [31m[ERROR] [1738845626.857453037] [CompressedPublisher]: [16UC1] is not a color format. but [mono8] is. The conversion does not make sense[0m
[realsense2_camera_node-1] [31m[ERROR] [1738845626.868656024] [camera.camera]: cv_bridge exception: '[16UC1] is not a color format. but [bgr8] is. The conversion does not make sense'[0m
[realsense2_camera_node-1] [31m[ERROR] [1738845626.877298779] [compressed_depth_image_transport]: Compressed Depth Image Transport - Compression requires single-channel 32bit-floating  point or 16bit raw depth images (input format is: rgb8).[0m
[realsense2_camera_node-1] [31m[ERROR] [1738845626.905095906] [CompressedPublisher]: [16UC1] is not a color format. but [mono8] is. The conversion does not make sense[0m
[realsense2_camera_node-1] [31m[ERROR] [1738845626.918333901] [camera.camera]: cv_bridge exception: '[16UC1] is not a color format. but [bgr8] is. The conversion does not make sense'[0m
[realsense2_camera_node-1] [31m[ERROR] [1738845627.025779010] [CompressedPublisher]: [16UC1] is not a color format. but [mono8] is. The conversion does not make sense[0m
[realsense2_camera_node-1] [31m[ERROR] [1738845627.035926920] [camera.camera]: cv_bridge exception: '[16UC1] is not a color format. but [bgr8] is. The conversion does not make sense'[0m
[realsense2_camera_node-1] [31m[ERROR] [1738845627.044217927] [compressed_depth_image_transport]: Compressed Depth Image Transport - Compression requires single-channel 32bit-floating  point or 16bit raw depth images (input format is: rgb8).[0m
[realsense2_camera_node-1] [31m[ERROR] [1738845627.070904358] [CompressedPublisher]: [16UC1] is not a color format. but [mono8] is. The conversion does not make sense[0m
[realsense2_camera_node-1] [31m[ERROR] [1738845627.084295230] [camera.camera]: cv_bridge exception: '[16UC1] is not a color format. but [bgr8] is. The conversion does not make sense'[0m
[realsense2_camera_node-1] [31m[ERROR] [1738845627.192798212] [CompressedPublisher]: [16UC1] is not a color format. but [mono8] is. The conversion does not make sense[0m
[realsense2_camera_node-1] [31m[ERROR] [1738845627.206826953] [camera.camera]: cv_bridge exception: '[16UC1] is not a color format. but [bgr8] is. The conversion does not make sense'[0m
[realsense2_camera_node-1] [31m[ERROR] [1738845627.218014057] [compressed_depth_image_transport]: Compressed Depth Image Transport - Compression requires single-channel 32bit-floating  point or 16bit raw depth images (input format is: rgb8).[0m
[realsense2_camera_node-1] [31m[ERROR] [1738845627.250988867] [CompressedPublisher]: [16UC1] is not a color format. but [mono8] is. The conversion does not make sense[0m
[realsense2_camera_node-1] [31m[ERROR] [1738845627.263639794] [camera.camera]: cv_bridge exception: '[16UC1] is not a color format. but [bgr8] is. The conversion does not make sense'[0m
[realsense2_camera_node-1] [31m[ERROR] [1738845627.359833182] [CompressedPublisher]: [16UC1] is not a color format. but [mono8] is. The conversion does not make sense[0m
[realsense2_camera_node-1] [31m[ERROR] [1738845627.374460543] [camera.camera]: cv_bridge exception: '[16UC1] is not a color format. but [bgr8] is. The conversion does not make sense'[0m
[realsense2_camera_node-1] [31m[ERROR] [1738845627.383930089] [compressed_depth_image_transport]: Compressed Depth Image Transport - Compression requires single-channel 32bit-floating  point or 16bit raw depth images (input format is: rgb8).[0m
[realsense2_camera_node-1] [31m[ERROR] [1738845627.409195578] [CompressedPublisher]: [16UC1] is not a color format. but [mono8] is. The conversion does not make sense[0m
[realsense2_camera_node-1] [31m[ERROR] [1738845627.425072462] [camera.camera]: cv_bridge exception: '[16UC1] is not a color format. but [bgr8] is. The conversion does not make sense'[0m
[realsense2_camera_node-1] [31m[ERROR] [1738845627.524116553] [CompressedPublisher]: [16UC1] is not a color format. but [mono8] is. The conversion does not make sense[0m
[realsense2_camera_node-1] [31m[ERROR] [1738845627.534239855] [camera.camera]: cv_bridge exception: '[16UC1] is not a color format. but [bgr8] is. The conversion does not make sense'[0m
[realsense2_camera_node-1] [31m[ERROR] [1738845627.544378434] [compressed_depth_image_transport]: Compressed Depth Image Transport - Compression requires single-channel 32bit-floating  point or 16bit raw depth images (input format is: rgb8).[0m
[realsense2_camera_node-1] [31m[ERROR] [1738845627.570973789] [CompressedPublisher]: [16UC1] is not a color format. but [mono8] is. The conversion does not make sense[0m
[realsense2_camera_node-1] [31m[ERROR] [1738845627.586141961] [camera.camera]: cv_bridge exception: '[16UC1] is not a color format. but [bgr8] is. The conversion does not make sense'[0m
[realsense2_camera_node-1] [31m[ERROR] [1738845627.690929008] [CompressedPublisher]: [16UC1] is not a color format. but [mono8] is. The conversion does not make sense[0m
[realsense2_camera_node-1] [31m[ERROR] [1738845627.701370227] [camera.camera]: cv_bridge exception: '[16UC1] is not a color format. but [bgr8] is. The conversion does not make sense'[0m
[realsense2_camera_node-1] [31m[ERROR] [1738845627.711063970] [compressed_depth_image_transport]: Compressed Depth Image Transport - Compression requires single-channel 32bit-floating  point or 16bit raw depth images (input format is: rgb8).[0m
[realsense2_camera_node-1] [31m[ERROR] [1738845627.733233757] [CompressedPublisher]: [16UC1] is not a color format. but [mono8] is. The conversion does not make sense[0m
[realsense2_camera_node-1] [31m[ERROR] [1738845627.746452789] [camera.camera]: cv_bridge exception: '[16UC1] is not a color format. but [bgr8] is. The conversion does not make sense'[0m
[realsense2_camera_node-1] [31m[ERROR] [1738845627.858174292] [CompressedPublisher]: [16UC1] is not a color format. but [mono8] is. The conversion does not make sense[0m
[realsense2_camera_node-1] [31m[ERROR] [1738845627.868150605] [camera.camera]: cv_bridge exception: '[16UC1] is not a color format. but [bgr8] is. The conversion does not make sense'[0m
[realsense2_camera_node-1] [31m[ERROR] [1738845627.876499886] [compressed_depth_image_transport]: Compressed Depth Image Transport - Compression requires single-channel 32bit-floating  point or 16bit raw depth images (input format is: rgb8).[0m
[realsense2_camera_node-1] [31m[ERROR] [1738845627.902890368] [CompressedPublisher]: [16UC1] is not a color format. but [mono8] is. The conversion does not make sense[0m
[realsense2_camera_node-1] [31m[ERROR] [1738845627.916212468] [camera.camera]: cv_bridge exception: '[16UC1] is not a color format. but [bgr8] is. The conversion does not make sense'[0m
[realsense2_camera_node-1] [31m[ERROR] [1738845628.024997541] [CompressedPublisher]: [16UC1] is not a color format. but [mono8] is. The conversion does not make sense[0m
[realsense2_camera_node-1] [31m[ERROR] [1738845628.034837117] [camera.camera]: cv_bridge exception: '[16UC1] is not a color format. but [bgr8] is. The conversion does not make sense'[0m
[realsense2_camera_node-1] [31m[ERROR] [1738845628.042874764] [compressed_depth_image_transport]: Compressed Depth Image Transport - Compression requires single-channel 32bit-floating  point or 16bit raw depth images (input format is: rgb8).[0m
[realsense2_camera_node-1] [31m[ERROR] [1738845628.069639147] [CompressedPublisher]: [16UC1] is not a color format. but [mono8] is. The conversion does not make sense[0m
[realsense2_camera_node-1] [31m[ERROR] [1738845628.083115576] [camera.camera]: cv_bridge exception: '[16UC1] is not a color format. but [bgr8] is. The conversion does not make sense'[0m
[realsense2_camera_node-1] [31m[ERROR] [1738845628.194556735] [CompressedPublisher]: [16UC1] is not a color format. but [mono8] is. The conversion does not make sense[0m
[realsense2_camera_node-1] [31m[ERROR] [1738845628.209150740] [camera.camera]: cv_bridge exception: '[16UC1] is not a color format. but [bgr8] is. The conversion does not make sense'[0m
[realsense2_camera_node-1] [31m[ERROR] [1738845628.217860989] [compressed_depth_image_transport]: Compressed Depth Image Transport - Compression requires single-channel 32bit-floating  point or 16bit raw depth images (input format is: rgb8).[0m
[realsense2_camera_node-1] [31m[ERROR] [1738845628.243583938] [CompressedPublisher]: [16UC1] is not a color format. but [mono8] is. The conversion does not make sense[0m
[realsense2_camera_node-1] [31m[ERROR] [1738845628.256499813] [camera.camera]: cv_bridge exception: '[16UC1] is not a color format. but [bgr8] is. The conversion does not make sense'[0m
[realsense2_camera_node-1] [31m[ERROR] [1738845628.361201511] [CompressedPublisher]: [16UC1] is not a color format. but [mono8] is. The conversion does not make sense[0m
[realsense2_camera_node-1] [31m[ERROR] [1738845628.371432018] [camera.camera]: cv_bridge exception: '[16UC1] is not a color format. but [bgr8] is. The conversion does not make sense'[0m
[realsense2_camera_node-1] [31m[ERROR] [1738845628.380197367] [compressed_depth_image_transport]: Compressed Depth Image Transport - Compression requires single-channel 32bit-floating  point or 16bit raw depth images (input format is: rgb8).[0m
[realsense2_camera_node-1] [31m[ERROR] [1738845628.406287851] [CompressedPublisher]: [16UC1] is not a color format. but [mono8] is. The conversion does not make sense[0m
[realsense2_camera_node-1] [31m[ERROR] [1738845628.420210054] [camera.camera]: cv_bridge exception: '[16UC1] is not a color format. but [bgr8] is. The conversion does not make sense'[0m
[realsense2_camera_node-1] [31m[ERROR] [1738845628.528178003] [CompressedPublisher]: [16UC1] is not a color format. but [mono8] is. The conversion does not make sense[0m
[realsense2_camera_node-1] [31m[ERROR] [1738845628.539089617] [camera.camera]: cv_bridge exception: '[16UC1] is not a color format. but [bgr8] is. The conversion does not make sense'[0m
[realsense2_camera_node-1] [31m[ERROR] [1738845628.547709071] [compressed_depth_image_transport]: Compressed Depth Image Transport - Compression requires single-channel 32bit-floating  point or 16bit raw depth images (input format is: rgb8).[0m
[realsense2_camera_node-1] [31m[ERROR] [1738845628.573352797] [CompressedPublisher]: [16UC1] is not a color format. but [mono8] is. The conversion does not make sense[0m
[realsense2_camera_node-1] [31m[ERROR] [1738845628.587426690] [camera.camera]: cv_bridge exception: '[16UC1] is not a color format. but [bgr8] is. The conversion does not make sense'[0m
[realsense2_camera_node-1] [31m[ERROR] [1738845628.693241887] [CompressedPublisher]: [16UC1] is not a color format. but [mono8] is. The conversion does not make sense[0m
[realsense2_camera_node-1] [31m[ERROR] [1738845628.706523391] [camera.camera]: cv_bridge exception: '[16UC1] is not a color format. but [bgr8] is. The conversion does not make sense'[0m
[realsense2_camera_node-1] [31m[ERROR] [1738845628.714869386] [compressed_depth_image_transport]: Compressed Depth Image Transport - Compression requires single-channel 32bit-floating  point or 16bit raw depth images (input format is: rgb8).[0m
[realsense2_camera_node-1] [31m[ERROR] [1738845628.738662555] [CompressedPublisher]: [16UC1] is not a color format. but [mono8] is. The conversion does not make sense[0m
[realsense2_camera_node-1] [31m[ERROR] [1738845628.753784205] [camera.camera]: cv_bridge exception: '[16UC1] is not a color format. but [bgr8] is. The conversion does not make sense'[0m
[realsense2_camera_node-1] [31m[ERROR] [1738845628.860007805] [CompressedPublisher]: [16UC1] is not a color format. but [mono8] is. The conversion does not make sense[0m
[realsense2_camera_node-1] [31m[ERROR] [1738845628.871860273] [camera.camera]: cv_bridge exception: '[16UC1] is not a color format. but [bgr8] is. The conversion does not make sense'[0m
[realsense2_camera_node-1] [31m[ERROR] [1738845628.882558284] [compressed_depth_image_transport]: Compressed Depth Image Transport - Compression requires single-channel 32bit-floating  point or 16bit raw depth images (input format is: rgb8).[0m
[realsense2_camera_node-1] [31m[ERROR] [1738845628.913903256] [CompressedPublisher]: [16UC1] is not a color format. but [mono8] is. The conversion does not make sense[0m
[realsense2_camera_node-1] [31m[ERROR] [1738845628.928723559] [camera.camera]: cv_bridge exception: '[16UC1] is not a color format. but [bgr8] is. The conversion does not make sense'[0m
[realsense2_camera_node-1] [31m[ERROR] [1738845629.027180395] [CompressedPublisher]: [16UC1] is not a color format. but [mono8] is. The conversion does not make sense[0m
[realsense2_camera_node-1] [31m[ERROR] [1738845629.036989580] [camera.camera]: cv_bridge exception: '[16UC1] is not a color format. but [bgr8] is. The conversion does not make sense'[0m
[realsense2_camera_node-1] [31m[ERROR] [1738845629.045062213] [compressed_depth_image_transport]: Compressed Depth Image Transport - Compression requires single-channel 32bit-floating  point or 16bit raw depth images (input format is: rgb8).[0m
[realsense2_camera_node-1] [31m[ERROR] [1738845629.078243879] [CompressedPublisher]: [16UC1] is not a color format. but [mono8] is. The conversion does not make sense[0m
[realsense2_camera_node-1] [31m[ERROR] [1738845629.093985051] [camera.camera]: cv_bridge exception: '[16UC1] is not a color format. but [bgr8] is. The conversion does not make sense'[0m
[realsense2_camera_node-1] [31m[ERROR] [1738845629.197809504] [CompressedPublisher]: [16UC1] is not a color format. but [mono8] is. The conversion does not make sense[0m
[realsense2_camera_node-1] [31m[ERROR] [1738845629.207660296] [camera.camera]: cv_bridge exception: '[16UC1] is not a color format. but [bgr8] is. The conversion does not make sense'[0m
[realsense2_camera_node-1] [31m[ERROR] [1738845629.215627647] [compressed_depth_image_transport]: Compressed Depth Image Transport - Compression requires single-channel 32bit-floating  point or 16bit raw depth images (input format is: rgb8).[0m
[realsense2_camera_node-1] [31m[ERROR] [1738845629.242613266] [CompressedPublisher]: [16UC1] is not a color format. but [mono8] is. The conversion does not make sense[0m
[realsense2_camera_node-1] [31m[ERROR] [1738845629.255249436] [camera.camera]: cv_bridge exception: '[16UC1] is not a color format. but [bgr8] is. The conversion does not make sense'[0m
[realsense2_camera_node-1] [31m[ERROR] [1738845629.364201999] [CompressedPublisher]: [16UC1] is not a color format. but [mono8] is. The conversion does not make sense[0m
[realsense2_camera_node-1] [31m[ERROR] [1738845629.374376463] [camera.camera]: cv_bridge exception: '[16UC1] is not a color format. but [bgr8] is. The conversion does not make sense'[0m
[realsense2_camera_node-1] [31m[ERROR] [1738845629.384207736] [compressed_depth_image_transport]: Compressed Depth Image Transport - Compression requires single-channel 32bit-floating  point or 16bit raw depth images (input format is: rgb8).[0m
[realsense2_camera_node-1] [31m[ERROR] [1738845629.411593229] [CompressedPublisher]: [16UC1] is not a color format. but [mono8] is. The conversion does not make sense[0m
[realsense2_camera_node-1] [31m[ERROR] [1738845629.425137682] [camera.camera]: cv_bridge exception: '[16UC1] is not a color format. but [bgr8] is. The conversion does not make sense'[0m
[realsense2_camera_node-1] [31m[ERROR] [1738845629.529691175] [CompressedPublisher]: [16UC1] is not a color format. but [mono8] is. The conversion does not make sense[0m
[realsense2_camera_node-1] [31m[ERROR] [1738845629.542111033] [camera.camera]: cv_bridge exception: '[16UC1] is not a color format. but [bgr8] is. The conversion does not make sense'[0m
[realsense2_camera_node-1] [31m[ERROR] [1738845629.550495225] [compressed_depth_image_transport]: Compressed Depth Image Transport - Compression requires single-channel 32bit-floating  point or 16bit raw depth images (input format is: rgb8).[0m
[realsense2_camera_node-1] [31m[ERROR] [1738845629.575849614] [CompressedPublisher]: [16UC1] is not a color format. but [mono8] is. The conversion does not make sense[0m
[realsense2_camera_node-1] [31m[ERROR] [1738845629.590770083] [camera.camera]: cv_bridge exception: '[16UC1] is not a color format. but [bgr8] is. The conversion does not make sense'[0m
[realsense2_camera_node-1] [31m[ERROR] [1738845629.695395850] [CompressedPublisher]: [16UC1] is not a color format. but [mono8] is. The conversion does not make sense[0m
[realsense2_camera_node-1] [31m[ERROR] [1738845629.707180357] [camera.camera]: cv_bridge exception: '[16UC1] is not a color format. but [bgr8] is. The conversion does not make sense'[0m
[realsense2_camera_node-1] [31m[ERROR] [1738845629.716557343] [compressed_depth_image_transport]: Compressed Depth Image Transport - Compression requires single-channel 32bit-floating  point or 16bit raw depth images (input format is: rgb8).[0m
[realsense2_camera_node-1] [31m[ERROR] [1738845629.740589258] [CompressedPublisher]: [16UC1] is not a color format. but [mono8] is. The conversion does not make sense[0m
[realsense2_camera_node-1] [31m[ERROR] [1738845629.757386547] [camera.camera]: cv_bridge exception: '[16UC1] is not a color format. but [bgr8] is. The conversion does not make sense'[0m
[realsense2_camera_node-1] [31m[ERROR] [1738845629.862496186] [CompressedPublisher]: [16UC1] is not a color format. but [mono8] is. The conversion does not make sense[0m
[realsense2_camera_node-1] [31m[ERROR] [1738845629.872864559] [camera.camera]: cv_bridge exception: '[16UC1] is not a color format. but [bgr8] is. The conversion does not make sense'[0m
[realsense2_camera_node-1] [31m[ERROR] [1738845629.884009323] [compressed_depth_image_transport]: Compressed Depth Image Transport - Compression requires single-channel 32bit-floating  point or 16bit raw depth images (input format is: rgb8).[0m
[realsense2_camera_node-1] [31m[ERROR] [1738845629.907640748] [CompressedPublisher]: [16UC1] is not a color format. but [mono8] is. The conversion does not make sense[0m
[realsense2_camera_node-1] [31m[ERROR] [1738845629.922768275] [camera.camera]: cv_bridge exception: '[16UC1] is not a color format. but [bgr8] is. The conversion does not make sense'[0m
[realsense2_camera_node-1] [31m[ERROR] [1738845630.029563012] [CompressedPublisher]: [16UC1] is not a color format. but [mono8] is. The conversion does not make sense[0m
[realsense2_camera_node-1] [31m[ERROR] [1738845630.039721679] [camera.camera]: cv_bridge exception: '[16UC1] is not a color format. but [bgr8] is. The conversion does not make sense'[0m
[realsense2_camera_node-1] [31m[ERROR] [1738845630.048322848] [compressed_depth_image_transport]: Compressed Depth Image Transport - Compression requires single-channel 32bit-floating  point or 16bit raw depth images (input format is: rgb8).[0m
[realsense2_camera_node-1] [31m[ERROR] [1738845630.074010295] [CompressedPublisher]: [16UC1] is not a color format. but [mono8] is. The conversion does not make sense[0m
[realsense2_camera_node-1] [31m[ERROR] [1738845630.087867295] [camera.camera]: cv_bridge exception: '[16UC1] is not a color format. but [bgr8] is. The conversion does not make sense'[0m
[realsense2_camera_node-1] [31m[ERROR] [1738845630.196889942] [CompressedPublisher]: [16UC1] is not a color format. but [mono8] is. The conversion does not make sense[0m
[realsense2_camera_node-1] [31m[ERROR] [1738845630.207527257] [camera.camera]: cv_bridge exception: '[16UC1] is not a color format. but [bgr8] is. The conversion does not make sense'[0m
[realsense2_camera_node-1] [31m[ERROR] [1738845630.215976864] [compressed_depth_image_transport]: Compressed Depth Image Transport - Compression requires single-channel 32bit-floating  point or 16bit raw depth images (input format is: rgb8).[0m
[realsense2_camera_node-1] [31m[ERROR] [1738845630.241620843] [CompressedPublisher]: [16UC1] is not a color format. but [mono8] is. The conversion does not make sense[0m
[realsense2_camera_node-1] [31m[ERROR] [1738845630.255653610] [camera.camera]: cv_bridge exception: '[16UC1] is not a color format. but [bgr8] is. The conversion does not make sense'[0m
[realsense2_camera_node-1] [31m[ERROR] [1738845630.366395484] [CompressedPublisher]: [16UC1] is not a color format. but [mono8] is. The conversion does not make sense[0m
[realsense2_camera_node-1] [31m[ERROR] [1738845630.377515571] [camera.camera]: cv_bridge exception: '[16UC1] is not a color format. but [bgr8] is. The conversion does not make sense'[0m
[realsense2_camera_node-1] [31m[ERROR] [1738845630.386002447] [compressed_depth_image_transport]: Compressed Depth Image Transport - Compression requires single-channel 32bit-floating  point or 16bit raw depth images (input format is: rgb8).[0m
[realsense2_camera_node-1] [31m[ERROR] [1738845630.413506594] [CompressedPublisher]: [16UC1] is not a color format. but [mono8] is. The conversion does not make sense[0m
[realsense2_camera_node-1] [31m[ERROR] [1738845630.427483636] [camera.camera]: cv_bridge exception: '[16UC1] is not a color format. but [bgr8] is. The conversion does not make sense'[0m
[realsense2_camera_node-1] [31m[ERROR] [1738845630.530905229] [CompressedPublisher]: [16UC1] is not a color format. but [mono8] is. The conversion does not make sense[0m
[realsense2_camera_node-1] [31m[ERROR] [1738845630.543486669] [camera.camera]: cv_bridge exception: '[16UC1] is not a color format. but [bgr8] is. The conversion does not make sense'[0m
[realsense2_camera_node-1] [31m[ERROR] [1738845630.552046768] [compressed_depth_image_transport]: Compressed Depth Image Transport - Compression requires single-channel 32bit-floating  point or 16bit raw depth images (input format is: rgb8).[0m
[realsense2_camera_node-1] [31m[ERROR] [1738845630.575516582] [CompressedPublisher]: [16UC1] is not a color format. but [mono8] is. The conversion does not make sense[0m
[realsense2_camera_node-1] [31m[ERROR] [1738845630.591241414] [camera.camera]: cv_bridge exception: '[16UC1] is not a color format. but [bgr8] is. The conversion does not make sense'[0m
[realsense2_camera_node-1] [31m[ERROR] [1738845630.700916404] [CompressedPublisher]: [16UC1] is not a color format. but [mono8] is. The conversion does not make sense[0m
[realsense2_camera_node-1] [31m[ERROR] [1738845630.716192642] [camera.camera]: cv_bridge exception: '[16UC1] is not a color format. but [bgr8] is. The conversion does not make sense'[0m
[realsense2_camera_node-1] [31m[ERROR] [1738845630.726177795] [compressed_depth_image_transport]: Compressed Depth Image Transport - Compression requires single-channel 32bit-floating  point or 16bit raw depth images (input format is: rgb8).[0m
[realsense2_camera_node-1] [31m[ERROR] [1738845630.758911025] [CompressedPublisher]: [16UC1] is not a color format. but [mono8] is. The conversion does not make sense[0m
[realsense2_camera_node-1] [31m[ERROR] [1738845630.774879030] [camera.camera]: cv_bridge exception: '[16UC1] is not a color format. but [bgr8] is. The conversion does not make sense'[0m
[realsense2_camera_node-1] [31m[ERROR] [1738845630.867118011] [CompressedPublisher]: [16UC1] is not a color format. but [mono8] is. The conversion does not make sense[0m
[realsense2_camera_node-1] [31m[ERROR] [1738845630.878094273] [camera.camera]: cv_bridge exception: '[16UC1] is not a color format. but [bgr8] is. The conversion does not make sense'[0m
[realsense2_camera_node-1] [31m[ERROR] [1738845630.886542253] [compressed_depth_image_transport]: Compressed Depth Image Transport - Compression requires single-channel 32bit-floating  point or 16bit raw depth images (input format is: rgb8).[0m
[realsense2_camera_node-1] [31m[ERROR] [1738845630.911668387] [CompressedPublisher]: [16UC1] is not a color format. but [mono8] is. The conversion does not make sense[0m
[realsense2_camera_node-1] [31m[ERROR] [1738845630.925829434] [camera.camera]: cv_bridge exception: '[16UC1] is not a color format. but [bgr8] is. The conversion does not make sense'[0m
[realsense2_camera_node-1] [31m[ERROR] [1738845631.031463636] [CompressedPublisher]: [16UC1] is not a color format. but [mono8] is. The conversion does not make sense[0m
[realsense2_camera_node-1] [31m[ERROR] [1738845631.043769679] [camera.camera]: cv_bridge exception: '[16UC1] is not a color format. but [bgr8] is. The conversion does not make sense'[0m
[realsense2_camera_node-1] [31m[ERROR] [1738845631.052566784] [compressed_depth_image_transport]: Compressed Depth Image Transport - Compression requires single-channel 32bit-floating  point or 16bit raw depth images (input format is: rgb8).[0m
[realsense2_camera_node-1] [31m[ERROR] [1738845631.076191281] [CompressedPublisher]: [16UC1] is not a color format. but [mono8] is. The conversion does not make sense[0m
[realsense2_camera_node-1] [31m[ERROR] [1738845631.092692220] [camera.camera]: cv_bridge exception: '[16UC1] is not a color format. but [bgr8] is. The conversion does not make sense'[0m
[realsense2_camera_node-1] [31m[ERROR] [1738845631.198819789] [CompressedPublisher]: [16UC1] is not a color format. but [mono8] is. The conversion does not make sense[0m
[realsense2_camera_node-1] [31m[ERROR] [1738845631.209072892] [camera.camera]: cv_bridge exception: '[16UC1] is not a color format. but [bgr8] is. The conversion does not make sense'[0m
[realsense2_camera_node-1] [31m[ERROR] [1738845631.218085612] [compressed_depth_image_transport]: Compressed Depth Image Transport - Compression requires single-channel 32bit-floating  point or 16bit raw depth images (input format is: rgb8).[0m
[realsense2_camera_node-1] [31m[ERROR] [1738845631.243035677] [CompressedPublisher]: [16UC1] is not a color format. but [mono8] is. The conversion does not make sense[0m
[realsense2_camera_node-1] [31m[ERROR] [1738845631.256999797] [camera.camera]: cv_bridge exception: '[16UC1] is not a color format. but [bgr8] is. The conversion does not make sense'[0m
[realsense2_camera_node-1] [31m[ERROR] [1738845631.365892157] [CompressedPublisher]: [16UC1] is not a color format. but [mono8] is. The conversion does not make sense[0m
[realsense2_camera_node-1] [31m[ERROR] [1738845631.376331509] [camera.camera]: cv_bridge exception: '[16UC1] is not a color format. but [bgr8] is. The conversion does not make sense'[0m
[realsense2_camera_node-1] [31m[ERROR] [1738845631.384906458] [compressed_depth_image_transport]: Compressed Depth Image Transport - Compression requires single-channel 32bit-floating  point or 16bit raw depth images (input format is: rgb8).[0m
[realsense2_camera_node-1] [31m[ERROR] [1738845631.410975853] [CompressedPublisher]: [16UC1] is not a color format. but [mono8] is. The conversion does not make sense[0m
[realsense2_camera_node-1] [31m[ERROR] [1738845631.424673788] [camera.camera]: cv_bridge exception: '[16UC1] is not a color format. but [bgr8] is. The conversion does not make sense'[0m
[realsense2_camera_node-1] [31m[ERROR] [1738845631.534106374] [CompressedPublisher]: [16UC1] is not a color format. but [mono8] is. The conversion does not make sense[0m
[realsense2_camera_node-1] [31m[ERROR] [1738845631.544467654] [camera.camera]: cv_bridge exception: '[16UC1] is not a color format. but [bgr8] is. The conversion does not make sense'[0m
[realsense2_camera_node-1] [31m[ERROR] [1738845631.552861818] [compressed_depth_image_transport]: Compressed Depth Image Transport - Compression requires single-channel 32bit-floating  point or 16bit raw depth images (input format is: rgb8).[0m
[realsense2_camera_node-1] [31m[ERROR] [1738845631.578065284] [CompressedPublisher]: [16UC1] is not a color format. but [mono8] is. The conversion does not make sense[0m
[realsense2_camera_node-1] [31m[ERROR] [1738845631.591711237] [camera.camera]: cv_bridge exception: '[16UC1] is not a color format. but [bgr8] is. The conversion does not make sense'[0m
[realsense2_camera_node-1] [31m[ERROR] [1738845631.702676192] [CompressedPublisher]: [16UC1] is not a color format. but [mono8] is. The conversion does not make sense[0m
[realsense2_camera_node-1] [31m[ERROR] [1738845631.714406747] [camera.camera]: cv_bridge exception: '[16UC1] is not a color format. but [bgr8] is. The conversion does not make sense'[0m
[realsense2_camera_node-1] [31m[ERROR] [1738845631.722842282] [compressed_depth_image_transport]: Compressed Depth Image Transport - Compression requires single-channel 32bit-floating  point or 16bit raw depth images (input format is: rgb8).[0m
[realsense2_camera_node-1] [31m[ERROR] [1738845631.746855280] [CompressedPublisher]: [16UC1] is not a color format. but [mono8] is. The conversion does not make sense[0m
[realsense2_camera_node-1] [31m[ERROR] [1738845631.761959829] [camera.camera]: cv_bridge exception: '[16UC1] is not a color format. but [bgr8] is. The conversion does not make sense'[0m
[realsense2_camera_node-1] [31m[ERROR] [1738845631.867002169] [CompressedPublisher]: [16UC1] is not a color format. but [mono8] is. The conversion does not make sense[0m
[realsense2_camera_node-1] [31m[ERROR] [1738845631.877525539] [camera.camera]: cv_bridge exception: '[16UC1] is not a color format. but [bgr8] is. The conversion does not make sense'[0m
[realsense2_camera_node-1] [31m[ERROR] [1738845631.888005465] [compressed_depth_image_transport]: Compressed Depth Image Transport - Compression requires single-channel 32bit-floating  point or 16bit raw depth images (input format is: rgb8).[0m
[realsense2_camera_node-1] [31m[ERROR] [1738845631.911047739] [CompressedPublisher]: [16UC1] is not a color format. but [mono8] is. The conversion does not make sense[0m
[realsense2_camera_node-1] [31m[ERROR] [1738845631.926556967] [camera.camera]: cv_bridge exception: '[16UC1] is not a color format. but [bgr8] is. The conversion does not make sense'[0m
[realsense2_camera_node-1] [31m[ERROR] [1738845632.034255591] [CompressedPublisher]: [16UC1] is not a color format. but [mono8] is. The conversion does not make sense[0m
[realsense2_camera_node-1] [31m[ERROR] [1738845632.044784410] [camera.camera]: cv_bridge exception: '[16UC1] is not a color format. but [bgr8] is. The conversion does not make sense'[0m
[realsense2_camera_node-1] [31m[ERROR] [1738845632.053401563] [compressed_depth_image_transport]: Compressed Depth Image Transport - Compression requires single-channel 32bit-floating  point or 16bit raw depth images (input format is: rgb8).[0m
[realsense2_camera_node-1] [31m[ERROR] [1738845632.079390401] [CompressedPublisher]: [16UC1] is not a color format. but [mono8] is. The conversion does not make sense[0m
[realsense2_camera_node-1] [31m[ERROR] [1738845632.093202218] [camera.camera]: cv_bridge exception: '[16UC1] is not a color format. but [bgr8] is. The conversion does not make sense'[0m
[realsense2_camera_node-1] [31m[ERROR] [1738845632.201509920] [CompressedPublisher]: [16UC1] is not a color format. but [mono8] is. The conversion does not make sense[0m
[realsense2_camera_node-1] [31m[ERROR] [1738845632.211755473] [camera.camera]: cv_bridge exception: '[16UC1] is not a color format. but [bgr8] is. The conversion does not make sense'[0m
[realsense2_camera_node-1] [31m[ERROR] [1738845632.220025607] [compressed_depth_image_transport]: Compressed Depth Image Transport - Compression requires single-channel 32bit-floating  point or 16bit raw depth images (input format is: rgb8).[0m
[realsense2_camera_node-1] [31m[ERROR] [1738845632.246096874] [CompressedPublisher]: [16UC1] is not a color format. but [mono8] is. The conversion does not make sense[0m
[realsense2_camera_node-1] [31m[ERROR] [1738845632.259990627] [camera.camera]: cv_bridge exception: '[16UC1] is not a color format. but [bgr8] is. The conversion does not make sense'[0m
[realsense2_camera_node-1] [31m[ERROR] [1738845632.371081035] [CompressedPublisher]: [16UC1] is not a color format. but [mono8] is. The conversion does not make sense[0m
[realsense2_camera_node-1] [31m[ERROR] [1738845632.384964506] [camera.camera]: cv_bridge exception: '[16UC1] is not a color format. but [bgr8] is. The conversion does not make sense'[0m
[realsense2_camera_node-1] [31m[ERROR] [1738845632.396659956] [compressed_depth_image_transport]: Compressed Depth Image Transport - Compression requires single-channel 32bit-floating  point or 16bit raw depth images (input format is: rgb8).[0m
[realsense2_camera_node-1] [31m[ERROR] [1738845632.429299065] [CompressedPublisher]: [16UC1] is not a color format. but [mono8] is. The conversion does not make sense[0m
[realsense2_camera_node-1] [31m[ERROR] [1738845632.443667469] [camera.camera]: cv_bridge exception: '[16UC1] is not a color format. but [bgr8] is. The conversion does not make sense'[0m
[realsense2_camera_node-1] [31m[ERROR] [1738845632.535059327] [CompressedPublisher]: [16UC1] is not a color format. but [mono8] is. The conversion does not make sense[0m
[realsense2_camera_node-1] [31m[ERROR] [1738845632.545631034] [camera.camera]: cv_bridge exception: '[16UC1] is not a color format. but [bgr8] is. The conversion does not make sense'[0m
[realsense2_camera_node-1] [31m[ERROR] [1738845632.554073349] [compressed_depth_image_transport]: Compressed Depth Image Transport - Compression requires single-channel 32bit-floating  point or 16bit raw depth images (input format is: rgb8).[0m
[realsense2_camera_node-1] [31m[ERROR] [1738845632.580207281] [CompressedPublisher]: [16UC1] is not a color format. but [mono8] is. The conversion does not make sense[0m
[realsense2_camera_node-1] [31m[ERROR] [1738845632.594512858] [camera.camera]: cv_bridge exception: '[16UC1] is not a color format. but [bgr8] is. The conversion does not make sense'[0m
[realsense2_camera_node-1] [31m[ERROR] [1738845632.703203681] [CompressedPublisher]: [16UC1] is not a color format. but [mono8] is. The conversion does not make sense[0m
[realsense2_camera_node-1] [31m[ERROR] [1738845632.713472614] [camera.camera]: cv_bridge exception: '[16UC1] is not a color format. but [bgr8] is. The conversion does not make sense'[0m
[realsense2_camera_node-1] [31m[ERROR] [1738845632.721909671] [compressed_depth_image_transport]: Compressed Depth Image Transport - Compression requires single-channel 32bit-floating  point or 16bit raw depth images (input format is: rgb8).[0m
[realsense2_camera_node-1] [31m[ERROR] [1738845632.747772844] [CompressedPublisher]: [16UC1] is not a color format. but [mono8] is. The conversion does not make sense[0m
[realsense2_camera_node-1] [31m[ERROR] [1738845632.761966786] [camera.camera]: cv_bridge exception: '[16UC1] is not a color format. but [bgr8] is. The conversion does not make sense'[0m
[realsense2_camera_node-1] [31m[ERROR] [1738845632.870302754] [CompressedPublisher]: [16UC1] is not a color format. but [mono8] is. The conversion does not make sense[0m
[realsense2_camera_node-1] [31m[ERROR] [1738845632.882501885] [camera.camera]: cv_bridge exception: '[16UC1] is not a color format. but [bgr8] is. The conversion does not make sense'[0m
[realsense2_camera_node-1] [31m[ERROR] [1738845632.890632092] [compressed_depth_image_transport]: Compressed Depth Image Transport - Compression requires single-channel 32bit-floating  point or 16bit raw depth images (input format is: rgb8).[0m
[realsense2_camera_node-1] [31m[ERROR] [1738845632.914842685] [CompressedPublisher]: [16UC1] is not a color format. but [mono8] is. The conversion does not make sense[0m
[realsense2_camera_node-1] [31m[ERROR] [1738845632.930102208] [camera.camera]: cv_bridge exception: '[16UC1] is not a color format. but [bgr8] is. The conversion does not make sense'[0m
[realsense2_camera_node-1] [31m[ERROR] [1738845633.036051951] [CompressedPublisher]: [16UC1] is not a color format. but [mono8] is. The conversion does not make sense[0m
[realsense2_camera_node-1] [31m[ERROR] [1738845633.046433739] [camera.camera]: cv_bridge exception: '[16UC1] is not a color format. but [bgr8] is. The conversion does not make sense'[0m
[realsense2_camera_node-1] [31m[ERROR] [1738845633.057307346] [compressed_depth_image_transport]: Compressed Depth Image Transport - Compression requires single-channel 32bit-floating  point or 16bit raw depth images (input format is: rgb8).[0m
[realsense2_camera_node-1] [31m[ERROR] [1738845633.080689807] [CompressedPublisher]: [16UC1] is not a color format. but [mono8] is. The conversion does not make sense[0m
[realsense2_camera_node-1] [31m[ERROR] [1738845633.096570146] [camera.camera]: cv_bridge exception: '[16UC1] is not a color format. but [bgr8] is. The conversion does not make sense'[0m
[realsense2_camera_node-1] [31m[ERROR] [1738845633.203408018] [CompressedPublisher]: [16UC1] is not a color format. but [mono8] is. The conversion does not make sense[0m
[realsense2_camera_node-1] [31m[ERROR] [1738845633.213970708] [camera.camera]: cv_bridge exception: '[16UC1] is not a color format. but [bgr8] is. The conversion does not make sense'[0m
[realsense2_camera_node-1] [31m[ERROR] [1738845633.222398083] [compressed_depth_image_transport]: Compressed Depth Image Transport - Compression requires single-channel 32bit-floating  point or 16bit raw depth images (input format is: rgb8).[0m
[realsense2_camera_node-1] [31m[ERROR] [1738845633.248925778] [CompressedPublisher]: [16UC1] is not a color format. but [mono8] is. The conversion does not make sense[0m
[realsense2_camera_node-1] [31m[ERROR] [1738845633.262692190] [camera.camera]: cv_bridge exception: '[16UC1] is not a color format. but [bgr8] is. The conversion does not make sense'[0m
[realsense2_camera_node-1] [31m[ERROR] [1738845633.371262178] [CompressedPublisher]: [16UC1] is not a color format. but [mono8] is. The conversion does not make sense[0m
[realsense2_camera_node-1] [31m[ERROR] [1738845633.382959965] [camera.camera]: cv_bridge exception: '[16UC1] is not a color format. but [bgr8] is. The conversion does not make sense'[0m
[realsense2_camera_node-1] [31m[ERROR] [1738845633.390964784] [compressed_depth_image_transport]: Compressed Depth Image Transport - Compression requires single-channel 32bit-floating  point or 16bit raw depth images (input format is: rgb8).[0m
[realsense2_camera_node-1] [31m[ERROR] [1738845633.417055600] [CompressedPublisher]: [16UC1] is not a color format. but [mono8] is. The conversion does not make sense[0m
[realsense2_camera_node-1] [31m[ERROR] [1738845633.431568887] [camera.camera]: cv_bridge exception: '[16UC1] is not a color format. but [bgr8] is. The conversion does not make sense'[0m
[realsense2_camera_node-1] [31m[ERROR] [1738845633.539335770] [CompressedPublisher]: [16UC1] is not a color format. but [mono8] is. The conversion does not make sense[0m
[realsense2_camera_node-1] [31m[ERROR] [1738845633.550352903] [camera.camera]: cv_bridge exception: '[16UC1] is not a color format. but [bgr8] is. The conversion does not make sense'[0m
[realsense2_camera_node-1] [31m[ERROR] [1738845633.558683268] [compressed_depth_image_transport]: Compressed Depth Image Transport - Compression requires single-channel 32bit-floating  point or 16bit raw depth images (input format is: rgb8).[0m
[realsense2_camera_node-1] [31m[ERROR] [1738845633.583540313] [CompressedPublisher]: [16UC1] is not a color format. but [mono8] is. The conversion does not make sense[0m
[realsense2_camera_node-1] [31m[ERROR] [1738845633.598073037] [camera.camera]: cv_bridge exception: '[16UC1] is not a color format. but [bgr8] is. The conversion does not make sense'[0m
[realsense2_camera_node-1] [31m[ERROR] [1738845633.704471951] [CompressedPublisher]: [16UC1] is not a color format. but [mono8] is. The conversion does not make sense[0m
[realsense2_camera_node-1] [31m[ERROR] [1738845633.717049073] [camera.camera]: cv_bridge exception: '[16UC1] is not a color format. but [bgr8] is. The conversion does not make sense'[0m
[realsense2_camera_node-1] [31m[ERROR] [1738845633.725750241] [compressed_depth_image_transport]: Compressed Depth Image Transport - Compression requires single-channel 32bit-floating  point or 16bit raw depth images (input format is: rgb8).[0m
[realsense2_camera_node-1] [31m[ERROR] [1738845633.749477549] [CompressedPublisher]: [16UC1] is not a color format. but [mono8] is. The conversion does not make sense[0m
[realsense2_camera_node-1] [31m[ERROR] [1738845633.765722112] [camera.camera]: cv_bridge exception: '[16UC1] is not a color format. but [bgr8] is. The conversion does not make sense'[0m
[realsense2_camera_node-1] [31m[ERROR] [1738845633.871126607] [CompressedPublisher]: [16UC1] is not a color format. but [mono8] is. The conversion does not make sense[0m
[realsense2_camera_node-1] [31m[ERROR] [1738845633.881790399] [camera.camera]: cv_bridge exception: '[16UC1] is not a color format. but [bgr8] is. The conversion does not make sense'[0m
[realsense2_camera_node-1] [31m[ERROR] [1738845633.891161363] [compressed_depth_image_transport]: Compressed Depth Image Transport - Compression requires single-channel 32bit-floating  point or 16bit raw depth images (input format is: rgb8).[0m
[realsense2_camera_node-1] [31m[ERROR] [1738845633.916353381] [CompressedPublisher]: [16UC1] is not a color format. but [mono8] is. The conversion does not make sense[0m
[realsense2_camera_node-1] [31m[ERROR] [1738845633.930081705] [camera.camera]: cv_bridge exception: '[16UC1] is not a color format. but [bgr8] is. The conversion does not make sense'[0m
[realsense2_camera_node-1] [31m[ERROR] [1738845634.038022869] [CompressedPublisher]: [16UC1] is not a color format. but [mono8] is. The conversion does not make sense[0m
[realsense2_camera_node-1] [31m[ERROR] [1738845634.049271768] [camera.camera]: cv_bridge exception: '[16UC1] is not a color format. but [bgr8] is. The conversion does not make sense'[0m
[realsense2_camera_node-1] [31m[ERROR] [1738845634.057642888] [compressed_depth_image_transport]: Compressed Depth Image Transport - Compression requires single-channel 32bit-floating  point or 16bit raw depth images (input format is: rgb8).[0m
[realsense2_camera_node-1] [31m[ERROR] [1738845634.085206822] [CompressedPublisher]: [16UC1] is not a color format. but [mono8] is. The conversion does not make sense[0m
[realsense2_camera_node-1] [31m[ERROR] [1738845634.099538945] [camera.camera]: cv_bridge exception: '[16UC1] is not a color format. but [bgr8] is. The conversion does not make sense'[0m
[realsense2_camera_node-1] [31m[ERROR] [1738845634.207532796] [CompressedPublisher]: [16UC1] is not a color format. but [mono8] is. The conversion does not make sense[0m
[realsense2_camera_node-1] [31m[ERROR] [1738845634.217998269] [camera.camera]: cv_bridge exception: '[16UC1] is not a color format. but [bgr8] is. The conversion does not make sense'[0m
[realsense2_camera_node-1] [31m[ERROR] [1738845634.226303471] [compressed_depth_image_transport]: Compressed Depth Image Transport - Compression requires single-channel 32bit-floating  point or 16bit raw depth images (input format is: rgb8).[0m
[realsense2_camera_node-1] [31m[ERROR] [1738845634.252403069] [CompressedPublisher]: [16UC1] is not a color format. but [mono8] is. The conversion does not make sense[0m
[realsense2_camera_node-1] [31m[ERROR] [1738845634.266191025] [camera.camera]: cv_bridge exception: '[16UC1] is not a color format. but [bgr8] is. The conversion does not make sense'[0m
[realsense2_camera_node-1] [31m[ERROR] [1738845634.372255016] [CompressedPublisher]: [16UC1] is not a color format. but [mono8] is. The conversion does not make sense[0m
[realsense2_camera_node-1] [31m[ERROR] [1738845634.385315967] [camera.camera]: cv_bridge exception: '[16UC1] is not a color format. but [bgr8] is. The conversion does not make sense'[0m
[realsense2_camera_node-1] [31m[ERROR] [1738845634.393702784] [compressed_depth_image_transport]: Compressed Depth Image Transport - Compression requires single-channel 32bit-floating  point or 16bit raw depth images (input format is: rgb8).[0m
[realsense2_camera_node-1] [31m[ERROR] [1738845634.417133930] [CompressedPublisher]: [16UC1] is not a color format. but [mono8] is. The conversion does not make sense[0m
[realsense2_camera_node-1] [31m[ERROR] [1738845634.433040459] [camera.camera]: cv_bridge exception: '[16UC1] is not a color format. but [bgr8] is. The conversion does not make sense'[0m
[realsense2_camera_node-1] [31m[ERROR] [1738845634.539074683] [CompressedPublisher]: [16UC1] is not a color format. but [mono8] is. The conversion does not make sense[0m
[realsense2_camera_node-1] [31m[ERROR] [1738845634.549631398] [camera.camera]: cv_bridge exception: '[16UC1] is not a color format. but [bgr8] is. The conversion does not make sense'[0m
[realsense2_camera_node-1] [31m[ERROR] [1738845634.559596939] [compressed_depth_image_transport]: Compressed Depth Image Transport - Compression requires single-channel 32bit-floating  point or 16bit raw depth images (input format is: rgb8).[0m
[realsense2_camera_node-1] [31m[ERROR] [1738845634.583471272] [CompressedPublisher]: [16UC1] is not a color format. but [mono8] is. The conversion does not make sense[0m
[realsense2_camera_node-1] [31m[ERROR] [1738845634.596972367] [camera.camera]: cv_bridge exception: '[16UC1] is not a color format. but [bgr8] is. The conversion does not make sense'[0m
[realsense2_camera_node-1] [31m[ERROR] [1738845634.706255594] [CompressedPublisher]: [16UC1] is not a color format. but [mono8] is. The conversion does not make sense[0m
[realsense2_camera_node-1] [31m[ERROR] [1738845634.716857423] [camera.camera]: cv_bridge exception: '[16UC1] is not a color format. but [bgr8] is. The conversion does not make sense'[0m
[realsense2_camera_node-1] [31m[ERROR] [1738845634.725500425] [compressed_depth_image_transport]: Compressed Depth Image Transport - Compression requires single-channel 32bit-floating  point or 16bit raw depth images (input format is: rgb8).[0m
[realsense2_camera_node-1] [31m[ERROR] [1738845634.755049022] [CompressedPublisher]: [16UC1] is not a color format. but [mono8] is. The conversion does not make sense[0m
[realsense2_camera_node-1] [31m[ERROR] [1738845634.774399901] [camera.camera]: cv_bridge exception: '[16UC1] is not a color format. but [bgr8] is. The conversion does not make sense'[0m
[realsense2_camera_node-1] [31m[ERROR] [1738845634.873334622] [CompressedPublisher]: [16UC1] is not a color format. but [mono8] is. The conversion does not make sense[0m
[realsense2_camera_node-1] [31m[ERROR] [1738845634.886410348] [camera.camera]: cv_bridge exception: '[16UC1] is not a color format. but [bgr8] is. The conversion does not make sense'[0m
[realsense2_camera_node-1] [31m[ERROR] [1738845634.895350819] [compressed_depth_image_transport]: Compressed Depth Image Transport - Compression requires single-channel 32bit-floating  point or 16bit raw depth images (input format is: rgb8).[0m
[realsense2_camera_node-1] [31m[ERROR] [1738845634.918581077] [CompressedPublisher]: [16UC1] is not a color format. but [mono8] is. The conversion does not make sense[0m
[realsense2_camera_node-1] [31m[ERROR] [1738845634.935075871] [camera.camera]: cv_bridge exception: '[16UC1] is not a color format. but [bgr8] is. The conversion does not make sense'[0m
[realsense2_camera_node-1] [31m[ERROR] [1738845635.056778472] [compressed_depth_image_transport]: Compressed Depth Image Transport - Compression requires single-channel 32bit-floating  point or 16bit raw depth images (input format is: rgb8).[0m
[realsense2_camera_node-1] [31m[ERROR] [1738845635.207353395] [CompressedPublisher]: [16UC1] is not a color format. but [mono8] is. The conversion does not make sense[0m
[realsense2_camera_node-1] [31m[ERROR] [1738845635.220200419] [camera.camera]: cv_bridge exception: '[16UC1] is not a color format. but [bgr8] is. The conversion does not make sense'[0m
[realsense2_camera_node-1] [31m[ERROR] [1738845635.229180541] [compressed_depth_image_transport]: Compressed Depth Image Transport - Compression requires single-channel 32bit-floating  point or 16bit raw depth images (input format is: rgb8).[0m
[realsense2_camera_node-1] [31m[ERROR] [1738845635.252788559] [CompressedPublisher]: [16UC1] is not a color format. but [mono8] is. The conversion does not make sense[0m
[realsense2_camera_node-1] [31m[ERROR] [1738845635.268482580] [camera.camera]: cv_bridge exception: '[16UC1] is not a color format. but [bgr8] is. The conversion does not make sense'[0m
[realsense2_camera_node-1] [31m[ERROR] [1738845635.377285010] [CompressedPublisher]: [16UC1] is not a color format. but [mono8] is. The conversion does not make sense[0m
[realsense2_camera_node-1] [31m[ERROR] [1738845635.392419693] [camera.camera]: cv_bridge exception: '[16UC1] is not a color format. but [bgr8] is. The conversion does not make sense'[0m
[realsense2_camera_node-1] [31m[ERROR] [1738845635.403871852] [compressed_depth_image_transport]: Compressed Depth Image Transport - Compression requires single-channel 32bit-floating  point or 16bit raw depth images (input format is: rgb8).[0m
[realsense2_camera_node-1] [31m[ERROR] [1738845635.434599827] [CompressedPublisher]: [16UC1] is not a color format. but [mono8] is. The conversion does not make sense[0m
[realsense2_camera_node-1] [31m[ERROR] [1738845635.449098607] [camera.camera]: cv_bridge exception: '[16UC1] is not a color format. but [bgr8] is. The conversion does not make sense'[0m
[realsense2_camera_node-1] [31m[ERROR] [1738845635.541437783] [CompressedPublisher]: [16UC1] is not a color format. but [mono8] is. The conversion does not make sense[0m
[realsense2_camera_node-1] [31m[ERROR] [1738845635.553772244] [camera.camera]: cv_bridge exception: '[16UC1] is not a color format. but [bgr8] is. The conversion does not make sense'[0m
[realsense2_camera_node-1] [31m[ERROR] [1738845635.562886472] [compressed_depth_image_transport]: Compressed Depth Image Transport - Compression requires single-channel 32bit-floating  point or 16bit raw depth images (input format is: rgb8).[0m
[realsense2_camera_node-1] [31m[ERROR] [1738845635.585628709] [CompressedPublisher]: [16UC1] is not a color format. but [mono8] is. The conversion does not make sense[0m
[realsense2_camera_node-1] [31m[ERROR] [1738845635.601877464] [camera.camera]: cv_bridge exception: '[16UC1] is not a color format. but [bgr8] is. The conversion does not make sense'[0m
[realsense2_camera_node-1] [31m[ERROR] [1738845635.711377609] [CompressedPublisher]: [16UC1] is not a color format. but [mono8] is. The conversion does not make sense[0m
[realsense2_camera_node-1] [31m[ERROR] [1738845635.726331323] [camera.camera]: cv_bridge exception: '[16UC1] is not a color format. but [bgr8] is. The conversion does not make sense'[0m
[realsense2_camera_node-1] [31m[ERROR] [1738845635.736121595] [compressed_depth_image_transport]: Compressed Depth Image Transport - Compression requires single-channel 32bit-floating  point or 16bit raw depth images (input format is: rgb8).[0m
[realsense2_camera_node-1] [31m[ERROR] [1738845635.767244961] [CompressedPublisher]: [16UC1] is not a color format. but [mono8] is. The conversion does not make sense[0m
[realsense2_camera_node-1] [31m[ERROR] [1738845635.783864789] [camera.camera]: cv_bridge exception: '[16UC1] is not a color format. but [bgr8] is. The conversion does not make sense'[0m
[realsense2_camera_node-1] [31m[ERROR] [1738845635.875850109] [CompressedPublisher]: [16UC1] is not a color format. but [mono8] is. The conversion does not make sense[0m
[realsense2_camera_node-1] [31m[ERROR] [1738845635.890204585] [camera.camera]: cv_bridge exception: '[16UC1] is not a color format. but [bgr8] is. The conversion does not make sense'[0m
[realsense2_camera_node-1] [31m[ERROR] [1738845635.902136480] [compressed_depth_image_transport]: Compressed Depth Image Transport - Compression requires single-channel 32bit-floating  point or 16bit raw depth images (input format is: rgb8).[0m
[realsense2_camera_node-1] [31m[ERROR] [1738845635.927655739] [CompressedPublisher]: [16UC1] is not a color format. but [mono8] is. The conversion does not make sense[0m
[realsense2_camera_node-1] [31m[ERROR] [1738845635.943554366] [camera.camera]: cv_bridge exception: '[16UC1] is not a color format. but [bgr8] is. The conversion does not make sense'[0m
[realsense2_camera_node-1] [31m[ERROR] [1738845636.042318168] [CompressedPublisher]: [16UC1] is not a color format. but [mono8] is. The conversion does not make sense[0m
[realsense2_camera_node-1] [31m[ERROR] [1738845636.052860971] [camera.camera]: cv_bridge exception: '[16UC1] is not a color format. but [bgr8] is. The conversion does not make sense'[0m
[realsense2_camera_node-1] [31m[ERROR] [1738845636.062125325] [compressed_depth_image_transport]: Compressed Depth Image Transport - Compression requires single-channel 32bit-floating  point or 16bit raw depth images (input format is: rgb8).[0m
[realsense2_camera_node-1] [31m[ERROR] [1738845636.087490006] [CompressedPublisher]: [16UC1] is not a color format. but [mono8] is. The conversion does not make sense[0m
[realsense2_camera_node-1] [31m[ERROR] [1738845636.100994521] [camera.camera]: cv_bridge exception: '[16UC1] is not a color format. but [bgr8] is. The conversion does not make sense'[0m
[realsense2_camera_node-1] [31m[ERROR] [1738845636.210303878] [CompressedPublisher]: [16UC1] is not a color format. but [mono8] is. The conversion does not make sense[0m
[realsense2_camera_node-1] [31m[ERROR] [1738845636.220828806] [camera.camera]: cv_bridge exception: '[16UC1] is not a color format. but [bgr8] is. The conversion does not make sense'[0m
[realsense2_camera_node-1] [31m[ERROR] [1738845636.229295708] [compressed_depth_image_transport]: Compressed Depth Image Transport - Compression requires single-channel 32bit-floating  point or 16bit raw depth images (input format is: rgb8).[0m
[realsense2_camera_node-1] [31m[ERROR] [1738845636.255820541] [CompressedPublisher]: [16UC1] is not a color format. but [mono8] is. The conversion does not make sense[0m
[realsense2_camera_node-1] [31m[ERROR] [1738845636.269805336] [camera.camera]: cv_bridge exception: '[16UC1] is not a color format. but [bgr8] is. The conversion does not make sense'[0m
[realsense2_camera_node-1] [31m[ERROR] [1738845636.377974021] [CompressedPublisher]: [16UC1] is not a color format. but [mono8] is. The conversion does not make sense[0m
[realsense2_camera_node-1] [31m[ERROR] [1738845636.390136245] [camera.camera]: cv_bridge exception: '[16UC1] is not a color format. but [bgr8] is. The conversion does not make sense'[0m
[realsense2_camera_node-1] [31m[ERROR] [1738845636.398619341] [compressed_depth_image_transport]: Compressed Depth Image Transport - Compression requires single-channel 32bit-floating  point or 16bit raw depth images (input format is: rgb8).[0m
[realsense2_camera_node-1] [31m[ERROR] [1738845636.422424162] [CompressedPublisher]: [16UC1] is not a color format. but [mono8] is. The conversion does not make sense[0m
[realsense2_camera_node-1] [31m[ERROR] [1738845636.437570885] [camera.camera]: cv_bridge exception: '[16UC1] is not a color format. but [bgr8] is. The conversion does not make sense'[0m
[realsense2_camera_node-1] [31m[ERROR] [1738845636.543715858] [CompressedPublisher]: [16UC1] is not a color format. but [mono8] is. The conversion does not make sense[0m
[realsense2_camera_node-1] [31m[ERROR] [1738845636.555219696] [camera.camera]: cv_bridge exception: '[16UC1] is not a color format. but [bgr8] is. The conversion does not make sense'[0m
[realsense2_camera_node-1] [31m[ERROR] [1738845636.565973679] [compressed_depth_image_transport]: Compressed Depth Image Transport - Compression requires single-channel 32bit-floating  point or 16bit raw depth images (input format is: rgb8).[0m
[realsense2_camera_node-1] [31m[ERROR] [1738845636.589533863] [CompressedPublisher]: [16UC1] is not a color format. but [mono8] is. The conversion does not make sense[0m
[realsense2_camera_node-1] [31m[ERROR] [1738845636.604679172] [camera.camera]: cv_bridge exception: '[16UC1] is not a color format. but [bgr8] is. The conversion does not make sense'[0m
[realsense2_camera_node-1] [31m[ERROR] [1738845636.710938791] [CompressedPublisher]: [16UC1] is not a color format. but [mono8] is. The conversion does not make sense[0m
[realsense2_camera_node-1] [31m[ERROR] [1738845636.721453178] [camera.camera]: cv_bridge exception: '[16UC1] is not a color format. but [bgr8] is. The conversion does not make sense'[0m
[realsense2_camera_node-1] [31m[ERROR] [1738845636.729992190] [compressed_depth_image_transport]: Compressed Depth Image Transport - Compression requires single-channel 32bit-floating  point or 16bit raw depth images (input format is: rgb8).[0m
[realsense2_camera_node-1] [31m[ERROR] [1738845636.756745625] [CompressedPublisher]: [16UC1] is not a color format. but [mono8] is. The conversion does not make sense[0m
[realsense2_camera_node-1] [31m[ERROR] [1738845636.770713554] [camera.camera]: cv_bridge exception: '[16UC1] is not a color format. but [bgr8] is. The conversion does not make sense'[0m
[realsense2_camera_node-1] [31m[ERROR] [1738845636.877698338] [CompressedPublisher]: [16UC1] is not a color format. but [mono8] is. The conversion does not make sense[0m
[realsense2_camera_node-1] [31m[ERROR] [1738845636.888490066] [camera.camera]: cv_bridge exception: '[16UC1] is not a color format. but [bgr8] is. The conversion does not make sense'[0m
[realsense2_camera_node-1] [31m[ERROR] [1738845636.897051566] [compressed_depth_image_transport]: Compressed Depth Image Transport - Compression requires single-channel 32bit-floating  point or 16bit raw depth images (input format is: rgb8).[0m
[realsense2_camera_node-1] [31m[ERROR] [1738845636.923156476] [CompressedPublisher]: [16UC1] is not a color format. but [mono8] is. The conversion does not make sense[0m
[realsense2_camera_node-1] [31m[ERROR] [1738845636.937124291] [camera.camera]: cv_bridge exception: '[16UC1] is not a color format. but [bgr8] is. The conversion does not make sense'[0m
[realsense2_camera_node-1] [31m[ERROR] [1738845637.047659614] [CompressedPublisher]: [16UC1] is not a color format. but [mono8] is. The conversion does not make sense[0m
[realsense2_camera_node-1] [31m[ERROR] [1738845637.062103012] [camera.camera]: cv_bridge exception: '[16UC1] is not a color format. but [bgr8] is. The conversion does not make sense'[0m
[realsense2_camera_node-1] [31m[ERROR] [1738845637.072012306] [compressed_depth_image_transport]: Compressed Depth Image Transport - Compression requires single-channel 32bit-floating  point or 16bit raw depth images (input format is: rgb8).[0m
[realsense2_camera_node-1] [31m[ERROR] [1738845637.098135215] [CompressedPublisher]: [16UC1] is not a color format. but [mono8] is. The conversion does not make sense[0m
[realsense2_camera_node-1] [31m[ERROR] [1738845637.110873276] [camera.camera]: cv_bridge exception: '[16UC1] is not a color format. but [bgr8] is. The conversion does not make sense'[0m
[realsense2_camera_node-1] [31m[ERROR] [1738845637.211904395] [CompressedPublisher]: [16UC1] is not a color format. but [mono8] is. The conversion does not make sense[0m
[realsense2_camera_node-1] [31m[ERROR] [1738845637.223305842] [camera.camera]: cv_bridge exception: '[16UC1] is not a color format. but [bgr8] is. The conversion does not make sense'[0m
[realsense2_camera_node-1] [31m[ERROR] [1738845637.230927445] [compressed_depth_image_transport]: Compressed Depth Image Transport - Compression requires single-channel 32bit-floating  point or 16bit raw depth images (input format is: rgb8).[0m
[realsense2_camera_node-1] [31m[ERROR] [1738845637.257217751] [CompressedPublisher]: [16UC1] is not a color format. but [mono8] is. The conversion does not make sense[0m
[realsense2_camera_node-1] [31m[ERROR] [1738845637.271579271] [camera.camera]: cv_bridge exception: '[16UC1] is not a color format. but [bgr8] is. The conversion does not make sense'[0m
[realsense2_camera_node-1] [31m[ERROR] [1738845637.380674635] [CompressedPublisher]: [16UC1] is not a color format. but [mono8] is. The conversion does not make sense[0m
[realsense2_camera_node-1] [31m[ERROR] [1738845637.389777778] [camera.camera]: cv_bridge exception: '[16UC1] is not a color format. but [bgr8] is. The conversion does not make sense'[0m
[realsense2_camera_node-1] [31m[ERROR] [1738845637.397077457] [compressed_depth_image_transport]: Compressed Depth Image Transport - Compression requires single-channel 32bit-floating  point or 16bit raw depth images (input format is: rgb8).[0m
[realsense2_camera_node-1] [31m[ERROR] [1738845637.425753273] [CompressedPublisher]: [16UC1] is not a color format. but [mono8] is. The conversion does not make sense[0m
[realsense2_camera_node-1] [31m[ERROR] [1738845637.438689652] [camera.camera]: cv_bridge exception: '[16UC1] is not a color format. but [bgr8] is. The conversion does not make sense'[0m
[realsense2_camera_node-1] [31m[ERROR] [1738845637.547264566] [CompressedPublisher]: [16UC1] is not a color format. but [mono8] is. The conversion does not make sense[0m
[realsense2_camera_node-1] [31m[ERROR] [1738845637.556002983] [camera.camera]: cv_bridge exception: '[16UC1] is not a color format. but [bgr8] is. The conversion does not make sense'[0m
[realsense2_camera_node-1] [31m[ERROR] [1738845637.563847530] [compressed_depth_image_transport]: Compressed Depth Image Transport - Compression requires single-channel 32bit-floating  point or 16bit raw depth images (input format is: rgb8).[0m
[realsense2_camera_node-1] [31m[ERROR] [1738845637.591349968] [CompressedPublisher]: [16UC1] is not a color format. but [mono8] is. The conversion does not make sense[0m
[realsense2_camera_node-1] [31m[ERROR] [1738845637.604832046] [camera.camera]: cv_bridge exception: '[16UC1] is not a color format. but [bgr8] is. The conversion does not make sense'[0m
[realsense2_camera_node-1] [31m[ERROR] [1738845637.714003496] [CompressedPublisher]: [16UC1] is not a color format. but [mono8] is. The conversion does not make sense[0m
[realsense2_camera_node-1] [31m[ERROR] [1738845637.722968763] [camera.camera]: cv_bridge exception: '[16UC1] is not a color format. but [bgr8] is. The conversion does not make sense'[0m
[realsense2_camera_node-1] [31m[ERROR] [1738845637.730138625] [compressed_depth_image_transport]: Compressed Depth Image Transport - Compression requires single-channel 32bit-floating  point or 16bit raw depth images (input format is: rgb8).[0m
[realsense2_camera_node-1] [31m[ERROR] [1738845637.760387013] [CompressedPublisher]: [16UC1] is not a color format. but [mono8] is. The conversion does not make sense[0m
[realsense2_camera_node-1] [31m[ERROR] [1738845637.772922830] [camera.camera]: cv_bridge exception: '[16UC1] is not a color format. but [bgr8] is. The conversion does not make sense'[0m
[realsense2_camera_node-1] [31m[ERROR] [1738845637.879895665] [CompressedPublisher]: [16UC1] is not a color format. but [mono8] is. The conversion does not make sense[0m
[realsense2_camera_node-1] [31m[ERROR] [1738845637.891199352] [camera.camera]: cv_bridge exception: '[16UC1] is not a color format. but [bgr8] is. The conversion does not make sense'[0m
[realsense2_camera_node-1] [31m[ERROR] [1738845637.900743855] [compressed_depth_image_transport]: Compressed Depth Image Transport - Compression requires single-channel 32bit-floating  point or 16bit raw depth images (input format is: rgb8).[0m
[realsense2_camera_node-1] [31m[ERROR] [1738845637.943753861] [CompressedPublisher]: [16UC1] is not a color format. but [mono8] is. The conversion does not make sense[0m
[realsense2_camera_node-1] [31m[ERROR] [1738845637.957429393] [camera.camera]: cv_bridge exception: '[16UC1] is not a color format. but [bgr8] is. The conversion does not make sense'[0m
[realsense2_camera_node-1] [31m[ERROR] [1738845638.050949152] [CompressedPublisher]: [16UC1] is not a color format. but [mono8] is. The conversion does not make sense[0m
[realsense2_camera_node-1] [31m[ERROR] [1738845638.061420224] [camera.camera]: cv_bridge exception: '[16UC1] is not a color format. but [bgr8] is. The conversion does not make sense'[0m
[realsense2_camera_node-1] [31m[ERROR] [1738845638.070303268] [compressed_depth_image_transport]: Compressed Depth Image Transport - Compression requires single-channel 32bit-floating  point or 16bit raw depth images (input format is: rgb8).[0m
[realsense2_camera_node-1] [31m[ERROR] [1738845638.098852131] [CompressedPublisher]: [16UC1] is not a color format. but [mono8] is. The conversion does not make sense[0m
[realsense2_camera_node-1] [31m[ERROR] [1738845638.111750841] [camera.camera]: cv_bridge exception: '[16UC1] is not a color format. but [bgr8] is. The conversion does not make sense'[0m
[realsense2_camera_node-1] [31m[ERROR] [1738845638.215161074] [CompressedPublisher]: [16UC1] is not a color format. but [mono8] is. The conversion does not make sense[0m
[realsense2_camera_node-1] [31m[ERROR] [1738845638.225307244] [camera.camera]: cv_bridge exception: '[16UC1] is not a color format. but [bgr8] is. The conversion does not make sense'[0m
[realsense2_camera_node-1] [31m[ERROR] [1738845638.233472202] [compressed_depth_image_transport]: Compressed Depth Image Transport - Compression requires single-channel 32bit-floating  point or 16bit raw depth images (input format is: rgb8).[0m
[realsense2_camera_node-1] [31m[ERROR] [1738845638.262726524] [CompressedPublisher]: [16UC1] is not a color format. but [mono8] is. The conversion does not make sense[0m
[realsense2_camera_node-1] [31m[ERROR] [1738845638.275809750] [camera.camera]: cv_bridge exception: '[16UC1] is not a color format. but [bgr8] is. The conversion does not make sense'[0m
[realsense2_camera_node-1] [31m[ERROR] [1738845638.385409429] [CompressedPublisher]: [16UC1] is not a color format. but [mono8] is. The conversion does not make sense[0m
[realsense2_camera_node-1] [31m[ERROR] [1738845638.395257407] [camera.camera]: cv_bridge exception: '[16UC1] is not a color format. but [bgr8] is. The conversion does not make sense'[0m
[realsense2_camera_node-1] [31m[ERROR] [1738845638.403110668] [compressed_depth_image_transport]: Compressed Depth Image Transport - Compression requires single-channel 32bit-floating  point or 16bit raw depth images (input format is: rgb8).[0m
[realsense2_camera_node-1] [31m[ERROR] [1738845638.433197028] [CompressedPublisher]: [16UC1] is not a color format. but [mono8] is. The conversion does not make sense[0m
[realsense2_camera_node-1] [31m[ERROR] [1738845638.446138818] [camera.camera]: cv_bridge exception: '[16UC1] is not a color format. but [bgr8] is. The conversion does not make sense'[0m
[realsense2_camera_node-1] [31m[ERROR] [1738845638.548285886] [CompressedPublisher]: [16UC1] is not a color format. but [mono8] is. The conversion does not make sense[0m
[realsense2_camera_node-1] [31m[ERROR] [1738845638.560568831] [camera.camera]: cv_bridge exception: '[16UC1] is not a color format. but [bgr8] is. The conversion does not make sense'[0m
[realsense2_camera_node-1] [31m[ERROR] [1738845638.571305390] [compressed_depth_image_transport]: Compressed Depth Image Transport - Compression requires single-channel 32bit-floating  point or 16bit raw depth images (input format is: rgb8).[0m
[realsense2_camera_node-1] [31m[ERROR] [1738845638.607084517] [CompressedPublisher]: [16UC1] is not a color format. but [mono8] is. The conversion does not make sense[0m
[realsense2_camera_node-1] [31m[ERROR] [1738845638.624243689] [camera.camera]: cv_bridge exception: '[16UC1] is not a color format. but [bgr8] is. The conversion does not make sense'[0m
[realsense2_camera_node-1] [31m[ERROR] [1738845638.718045672] [CompressedPublisher]: [16UC1] is not a color format. but [mono8] is. The conversion does not make sense[0m
[realsense2_camera_node-1] [31m[ERROR] [1738845638.732345270] [camera.camera]: cv_bridge exception: '[16UC1] is not a color format. but [bgr8] is. The conversion does not make sense'[0m
[realsense2_camera_node-1] [31m[ERROR] [1738845638.742616827] [compressed_depth_image_transport]: Compressed Depth Image Transport - Compression requires single-channel 32bit-floating  point or 16bit raw depth images (input format is: rgb8).[0m
[realsense2_camera_node-1] [31m[ERROR] [1738845638.768982618] [CompressedPublisher]: [16UC1] is not a color format. but [mono8] is. The conversion does not make sense[0m
[realsense2_camera_node-1] [31m[ERROR] [1738845638.783888156] [camera.camera]: cv_bridge exception: '[16UC1] is not a color format. but [bgr8] is. The conversion does not make sense'[0m
[realsense2_camera_node-1] [31m[ERROR] [1738845638.882464157] [CompressedPublisher]: [16UC1] is not a color format. but [mono8] is. The conversion does not make sense[0m
[realsense2_camera_node-1] [31m[ERROR] [1738845638.892496404] [camera.camera]: cv_bridge exception: '[16UC1] is not a color format. but [bgr8] is. The conversion does not make sense'[0m
[realsense2_camera_node-1] [31m[ERROR] [1738845638.902380602] [compressed_depth_image_transport]: Compressed Depth Image Transport - Compression requires single-channel 32bit-floating  point or 16bit raw depth images (input format is: rgb8).[0m
[realsense2_camera_node-1] [31m[ERROR] [1738845638.927224465] [CompressedPublisher]: [16UC1] is not a color format. but [mono8] is. The conversion does not make sense[0m
[realsense2_camera_node-1] [31m[ERROR] [1738845638.942333954] [camera.camera]: cv_bridge exception: '[16UC1] is not a color format. but [bgr8] is. The conversion does not make sense'[0m
[realsense2_camera_node-1] [31m[ERROR] [1738845639.049124248] [CompressedPublisher]: [16UC1] is not a color format. but [mono8] is. The conversion does not make sense[0m
[realsense2_camera_node-1] [31m[ERROR] [1738845639.060656114] [camera.camera]: cv_bridge exception: '[16UC1] is not a color format. but [bgr8] is. The conversion does not make sense'[0m
[realsense2_camera_node-1] [31m[ERROR] [1738845639.070210962] [compressed_depth_image_transport]: Compressed Depth Image Transport - Compression requires single-channel 32bit-floating  point or 16bit raw depth images (input format is: rgb8).[0m
[realsense2_camera_node-1] [31m[ERROR] [1738845639.095378112] [CompressedPublisher]: [16UC1] is not a color format. but [mono8] is. The conversion does not make sense[0m
[realsense2_camera_node-1] [31m[ERROR] [1738845639.111846238] [camera.camera]: cv_bridge exception: '[16UC1] is not a color format. but [bgr8] is. The conversion does not make sense'[0m
[realsense2_camera_node-1] [31m[ERROR] [1738845639.217406140] [CompressedPublisher]: [16UC1] is not a color format. but [mono8] is. The conversion does not make sense[0m
[realsense2_camera_node-1] [31m[ERROR] [1738845639.227895844] [camera.camera]: cv_bridge exception: '[16UC1] is not a color format. but [bgr8] is. The conversion does not make sense'[0m
[realsense2_camera_node-1] [31m[ERROR] [1738845639.238246782] [compressed_depth_image_transport]: Compressed Depth Image Transport - Compression requires single-channel 32bit-floating  point or 16bit raw depth images (input format is: rgb8).[0m
[realsense2_camera_node-1] [31m[ERROR] [1738845639.265027017] [CompressedPublisher]: [16UC1] is not a color format. but [mono8] is. The conversion does not make sense[0m
[realsense2_camera_node-1] [31m[ERROR] [1738845639.279557449] [camera.camera]: cv_bridge exception: '[16UC1] is not a color format. but [bgr8] is. The conversion does not make sense'[0m
[realsense2_camera_node-1] [31m[ERROR] [1738845639.383333444] [CompressedPublisher]: [16UC1] is not a color format. but [mono8] is. The conversion does not make sense[0m
[realsense2_camera_node-1] [31m[ERROR] [1738845639.392936286] [camera.camera]: cv_bridge exception: '[16UC1] is not a color format. but [bgr8] is. The conversion does not make sense'[0m
[realsense2_camera_node-1] [31m[ERROR] [1738845639.402848085] [compressed_depth_image_transport]: Compressed Depth Image Transport - Compression requires single-channel 32bit-floating  point or 16bit raw depth images (input format is: rgb8).[0m
[realsense2_camera_node-1] [31m[ERROR] [1738845639.437773700] [CompressedPublisher]: [16UC1] is not a color format. but [mono8] is. The conversion does not make sense[0m
[realsense2_camera_node-1] [31m[ERROR] [1738845639.455626029] [camera.camera]: cv_bridge exception: '[16UC1] is not a color format. but [bgr8] is. The conversion does not make sense'[0m
[realsense2_camera_node-1] [31m[ERROR] [1738845639.550379945] [CompressedPublisher]: [16UC1] is not a color format. but [mono8] is. The conversion does not make sense[0m
[realsense2_camera_node-1] [31m[ERROR] [1738845639.559456450] [camera.camera]: cv_bridge exception: '[16UC1] is not a color format. but [bgr8] is. The conversion does not make sense'[0m
[realsense2_camera_node-1] [31m[ERROR] [1738845639.567142452] [compressed_depth_image_transport]: Compressed Depth Image Transport - Compression requires single-channel 32bit-floating  point or 16bit raw depth images (input format is: rgb8).[0m
[realsense2_camera_node-1] [31m[ERROR] [1738845639.598742231] [CompressedPublisher]: [16UC1] is not a color format. but [mono8] is. The conversion does not make sense[0m
[realsense2_camera_node-1] [31m[ERROR] [1738845639.612471460] [camera.camera]: cv_bridge exception: '[16UC1] is not a color format. but [bgr8] is. The conversion does not make sense'[0m
[realsense2_camera_node-1] [31m[ERROR] [1738845639.719650446] [CompressedPublisher]: [16UC1] is not a color format. but [mono8] is. The conversion does not make sense[0m
[realsense2_camera_node-1] [31m[ERROR] [1738845639.730834924] [camera.camera]: cv_bridge exception: '[16UC1] is not a color format. but [bgr8] is. The conversion does not make sense'[0m
[realsense2_camera_node-1] [31m[ERROR] [1738845639.739274345] [compressed_depth_image_transport]: Compressed Depth Image Transport - Compression requires single-channel 32bit-floating  point or 16bit raw depth images (input format is: rgb8).[0m
[realsense2_camera_node-1] [31m[ERROR] [1738845639.767451361] [CompressedPublisher]: [16UC1] is not a color format. but [mono8] is. The conversion does not make sense[0m
[realsense2_camera_node-1] [31m[ERROR] [1738845639.781509624] [camera.camera]: cv_bridge exception: '[16UC1] is not a color format. but [bgr8] is. The conversion does not make sense'[0m
[realsense2_camera_node-1] [31m[ERROR] [1738845639.886779756] [CompressedPublisher]: [16UC1] is not a color format. but [mono8] is. The conversion does not make sense[0m
[realsense2_camera_node-1] [31m[ERROR] [1738845639.898070853] [camera.camera]: cv_bridge exception: '[16UC1] is not a color format. but [bgr8] is. The conversion does not make sense'[0m
[realsense2_camera_node-1] [31m[ERROR] [1738845639.906816609] [compressed_depth_image_transport]: Compressed Depth Image Transport - Compression requires single-channel 32bit-floating  point or 16bit raw depth images (input format is: rgb8).[0m
[realsense2_camera_node-1] [31m[ERROR] [1738845639.934196635] [CompressedPublisher]: [16UC1] is not a color format. but [mono8] is. The conversion does not make sense[0m
[realsense2_camera_node-1] [31m[ERROR] [1738845639.948628402] [camera.camera]: cv_bridge exception: '[16UC1] is not a color format. but [bgr8] is. The conversion does not make sense'[0m
[realsense2_camera_node-1] [31m[ERROR] [1738845640.051713017] [CompressedPublisher]: [16UC1] is not a color format. but [mono8] is. The conversion does not make sense[0m
[realsense2_camera_node-1] [31m[ERROR] [1738845640.062895798] [camera.camera]: cv_bridge exception: '[16UC1] is not a color format. but [bgr8] is. The conversion does not make sense'[0m
[realsense2_camera_node-1] [31m[ERROR] [1738845640.073335590] [compressed_depth_image_transport]: Compressed Depth Image Transport - Compression requires single-channel 32bit-floating  point or 16bit raw depth images (input format is: rgb8).[0m
[realsense2_camera_node-1] [31m[ERROR] [1738845640.096866339] [CompressedPublisher]: [16UC1] is not a color format. but [mono8] is. The conversion does not make sense[0m
[realsense2_camera_node-1] [31m[ERROR] [1738845640.111867474] [camera.camera]: cv_bridge exception: '[16UC1] is not a color format. but [bgr8] is. The conversion does not make sense'[0m
[realsense2_camera_node-1] [31m[ERROR] [1738845640.221395335] [CompressedPublisher]: [16UC1] is not a color format. but [mono8] is. The conversion does not make sense[0m
[realsense2_camera_node-1] [31m[ERROR] [1738845640.236977448] [camera.camera]: cv_bridge exception: '[16UC1] is not a color format. but [bgr8] is. The conversion does not make sense'[0m
[realsense2_camera_node-1] [31m[ERROR] [1738845640.248324316] [compressed_depth_image_transport]: Compressed Depth Image Transport - Compression requires single-channel 32bit-floating  point or 16bit raw depth images (input format is: rgb8).[0m
[realsense2_camera_node-1] [31m[ERROR] [1738845640.274377370] [CompressedPublisher]: [16UC1] is not a color format. but [mono8] is. The conversion does not make sense[0m
[realsense2_camera_node-1] [31m[ERROR] [1738845640.288257784] [camera.camera]: cv_bridge exception: '[16UC1] is not a color format. but [bgr8] is. The conversion does not make sense'[0m
[realsense2_camera_node-1] [31m[ERROR] [1738845640.385700002] [CompressedPublisher]: [16UC1] is not a color format. but [mono8] is. The conversion does not make sense[0m
[realsense2_camera_node-1] [31m[ERROR] [1738845640.399126455] [camera.camera]: cv_bridge exception: '[16UC1] is not a color format. but [bgr8] is. The conversion does not make sense'[0m
[realsense2_camera_node-1] [31m[ERROR] [1738845640.410846265] [compressed_depth_image_transport]: Compressed Depth Image Transport - Compression requires single-channel 32bit-floating  point or 16bit raw depth images (input format is: rgb8).[0m
[realsense2_camera_node-1] [31m[ERROR] [1738845640.442127350] [CompressedPublisher]: [16UC1] is not a color format. but [mono8] is. The conversion does not make sense[0m
[realsense2_camera_node-1] [31m[ERROR] [1738845640.457858376] [camera.camera]: cv_bridge exception: '[16UC1] is not a color format. but [bgr8] is. The conversion does not make sense'[0m
[realsense2_camera_node-1] [31m[ERROR] [1738845640.568447085] [compressed_depth_image_transport]: Compressed Depth Image Transport - Compression requires single-channel 32bit-floating  point or 16bit raw depth images (input format is: rgb8).[0m
[realsense2_camera_node-1] [31m[ERROR] [1738845640.720922211] [CompressedPublisher]: [16UC1] is not a color format. but [mono8] is. The conversion does not make sense[0m
[realsense2_camera_node-1] [31m[ERROR] [1738845640.731949249] [camera.camera]: cv_bridge exception: '[16UC1] is not a color format. but [bgr8] is. The conversion does not make sense'[0m
[realsense2_camera_node-1] [31m[ERROR] [1738845640.741583832] [compressed_depth_image_transport]: Compressed Depth Image Transport - Compression requires single-channel 32bit-floating  point or 16bit raw depth images (input format is: rgb8).[0m
[realsense2_camera_node-1] [31m[ERROR] [1738845640.767351578] [CompressedPublisher]: [16UC1] is not a color format. but [mono8] is. The conversion does not make sense[0m
[realsense2_camera_node-1] [31m[ERROR] [1738845640.782523243] [camera.camera]: cv_bridge exception: '[16UC1] is not a color format. but [bgr8] is. The conversion does not make sense'[0m
[realsense2_camera_node-1] [31m[ERROR] [1738845640.886662116] [CompressedPublisher]: [16UC1] is not a color format. but [mono8] is. The conversion does not make sense[0m
[realsense2_camera_node-1] [31m[ERROR] [1738845640.897916706] [camera.camera]: cv_bridge exception: '[16UC1] is not a color format. but [bgr8] is. The conversion does not make sense'[0m
[realsense2_camera_node-1] [31m[ERROR] [1738845640.908615776] [compressed_depth_image_transport]: Compressed Depth Image Transport - Compression requires single-channel 32bit-floating  point or 16bit raw depth images (input format is: rgb8).[0m
[realsense2_camera_node-1] [31m[ERROR] [1738845640.932315181] [CompressedPublisher]: [16UC1] is not a color format. but [mono8] is. The conversion does not make sense[0m
[realsense2_camera_node-1] [31m[ERROR] [1738845640.946012338] [camera.camera]: cv_bridge exception: '[16UC1] is not a color format. but [bgr8] is. The conversion does not make sense'[0m
[realsense2_camera_node-1] [31m[ERROR] [1738845641.054458566] [CompressedPublisher]: [16UC1] is not a color format. but [mono8] is. The conversion does not make sense[0m
[realsense2_camera_node-1] [31m[ERROR] [1738845641.065452187] [camera.camera]: cv_bridge exception: '[16UC1] is not a color format. but [bgr8] is. The conversion does not make sense'[0m
[realsense2_camera_node-1] [31m[ERROR] [1738845641.074486942] [compressed_depth_image_transport]: Compressed Depth Image Transport - Compression requires single-channel 32bit-floating  point or 16bit raw depth images (input format is: rgb8).[0m
[realsense2_camera_node-1] [31m[ERROR] [1738845641.101529621] [CompressedPublisher]: [16UC1] is not a color format. but [mono8] is. The conversion does not make sense[0m
[realsense2_camera_node-1] [31m[ERROR] [1738845641.115916210] [camera.camera]: cv_bridge exception: '[16UC1] is not a color format. but [bgr8] is. The conversion does not make sense'[0m
[realsense2_camera_node-1] [31m[ERROR] [1738845641.221397668] [CompressedPublisher]: [16UC1] is not a color format. but [mono8] is. The conversion does not make sense[0m
[realsense2_camera_node-1] [31m[ERROR] [1738845641.234607517] [camera.camera]: cv_bridge exception: '[16UC1] is not a color format. but [bgr8] is. The conversion does not make sense'[0m
[realsense2_camera_node-1] [31m[ERROR] [1738845641.243216647] [compressed_depth_image_transport]: Compressed Depth Image Transport - Compression requires single-channel 32bit-floating  point or 16bit raw depth images (input format is: rgb8).[0m
[realsense2_camera_node-1] [31m[ERROR] [1738845641.267691070] [CompressedPublisher]: [16UC1] is not a color format. but [mono8] is. The conversion does not make sense[0m
[realsense2_camera_node-1] [31m[ERROR] [1738845641.283873105] [camera.camera]: cv_bridge exception: '[16UC1] is not a color format. but [bgr8] is. The conversion does not make sense'[0m
[realsense2_camera_node-1] [31m[ERROR] [1738845641.387782307] [CompressedPublisher]: [16UC1] is not a color format. but [mono8] is. The conversion does not make sense[0m
[realsense2_camera_node-1] [31m[ERROR] [1738845641.399755996] [camera.camera]: cv_bridge exception: '[16UC1] is not a color format. but [bgr8] is. The conversion does not make sense'[0m
[realsense2_camera_node-1] [31m[ERROR] [1738845641.410790440] [compressed_depth_image_transport]: Compressed Depth Image Transport - Compression requires single-channel 32bit-floating  point or 16bit raw depth images (input format is: rgb8).[0m
[realsense2_camera_node-1] [31m[ERROR] [1738845641.436055310] [CompressedPublisher]: [16UC1] is not a color format. but [mono8] is. The conversion does not make sense[0m
[realsense2_camera_node-1] [31m[ERROR] [1738845641.451996730] [camera.camera]: cv_bridge exception: '[16UC1] is not a color format. but [bgr8] is. The conversion does not make sense'[0m
[realsense2_camera_node-1] [31m[ERROR] [1738845641.557866487] [CompressedPublisher]: [16UC1] is not a color format. but [mono8] is. The conversion does not make sense[0m
[realsense2_camera_node-1] [31m[ERROR] [1738845641.568868429] [camera.camera]: cv_bridge exception: '[16UC1] is not a color format. but [bgr8] is. The conversion does not make sense'[0m
[realsense2_camera_node-1] [31m[ERROR] [1738845641.577604624] [compressed_depth_image_transport]: Compressed Depth Image Transport - Compression requires single-channel 32bit-floating  point or 16bit raw depth images (input format is: rgb8).[0m
[realsense2_camera_node-1] [31m[ERROR] [1738845641.603139392] [CompressedPublisher]: [16UC1] is not a color format. but [mono8] is. The conversion does not make sense[0m
[realsense2_camera_node-1] [31m[ERROR] [1738845641.617706572] [camera.camera]: cv_bridge exception: '[16UC1] is not a color format. but [bgr8] is. The conversion does not make sense'[0m
[realsense2_camera_node-1] [31m[ERROR] [1738845641.722660421] [CompressedPublisher]: [16UC1] is not a color format. but [mono8] is. The conversion does not make sense[0m
[realsense2_camera_node-1] [31m[ERROR] [1738845641.735204871] [camera.camera]: cv_bridge exception: '[16UC1] is not a color format. but [bgr8] is. The conversion does not make sense'[0m
[realsense2_camera_node-1] [31m[ERROR] [1738845641.744496928] [compressed_depth_image_transport]: Compressed Depth Image Transport - Compression requires single-channel 32bit-floating  point or 16bit raw depth images (input format is: rgb8).[0m
[realsense2_camera_node-1] [31m[ERROR] [1738845641.772198618] [CompressedPublisher]: [16UC1] is not a color format. but [mono8] is. The conversion does not make sense[0m
[realsense2_camera_node-1] [31m[ERROR] [1738845641.788843296] [camera.camera]: cv_bridge exception: '[16UC1] is not a color format. but [bgr8] is. The conversion does not make sense'[0m
[realsense2_camera_node-1] [31m[ERROR] [1738845641.889342100] [CompressedPublisher]: [16UC1] is not a color format. but [mono8] is. The conversion does not make sense[0m
[realsense2_camera_node-1] [31m[ERROR] [1738845641.900254040] [camera.camera]: cv_bridge exception: '[16UC1] is not a color format. but [bgr8] is. The conversion does not make sense'[0m
[realsense2_camera_node-1] [31m[ERROR] [1738845641.909206527] [compressed_depth_image_transport]: Compressed Depth Image Transport - Compression requires single-channel 32bit-floating  point or 16bit raw depth images (input format is: rgb8).[0m
[realsense2_camera_node-1] [31m[ERROR] [1738845641.935641878] [CompressedPublisher]: [16UC1] is not a color format. but [mono8] is. The conversion does not make sense[0m
[realsense2_camera_node-1] [31m[ERROR] [1738845641.950036515] [camera.camera]: cv_bridge exception: '[16UC1] is not a color format. but [bgr8] is. The conversion does not make sense'[0m
[realsense2_camera_node-1] [31m[ERROR] [1738845642.058759415] [CompressedPublisher]: [16UC1] is not a color format. but [mono8] is. The conversion does not make sense[0m
[realsense2_camera_node-1] [31m[ERROR] [1738845642.070911660] [camera.camera]: cv_bridge exception: '[16UC1] is not a color format. but [bgr8] is. The conversion does not make sense'[0m
[realsense2_camera_node-1] [31m[ERROR] [1738845642.079557915] [compressed_depth_image_transport]: Compressed Depth Image Transport - Compression requires single-channel 32bit-floating  point or 16bit raw depth images (input format is: rgb8).[0m
[realsense2_camera_node-1] [31m[ERROR] [1738845642.105849531] [CompressedPublisher]: [16UC1] is not a color format. but [mono8] is. The conversion does not make sense[0m
[realsense2_camera_node-1] [31m[ERROR] [1738845642.120447499] [camera.camera]: cv_bridge exception: '[16UC1] is not a color format. but [bgr8] is. The conversion does not make sense'[0m
[realsense2_camera_node-1] [31m[ERROR] [1738845642.223212810] [CompressedPublisher]: [16UC1] is not a color format. but [mono8] is. The conversion does not make sense[0m
[realsense2_camera_node-1] [31m[ERROR] [1738845642.235490054] [camera.camera]: cv_bridge exception: '[16UC1] is not a color format. but [bgr8] is. The conversion does not make sense'[0m
[realsense2_camera_node-1] [31m[ERROR] [1738845642.246446108] [compressed_depth_image_transport]: Compressed Depth Image Transport - Compression requires single-channel 32bit-floating  point or 16bit raw depth images (input format is: rgb8).[0m
[realsense2_camera_node-1] [31m[ERROR] [1738845642.279803001] [CompressedPublisher]: [16UC1] is not a color format. but [mono8] is. The conversion does not make sense[0m
[realsense2_camera_node-1] [31m[ERROR] [1738845642.296213253] [camera.camera]: cv_bridge exception: '[16UC1] is not a color format. but [bgr8] is. The conversion does not make sense'[0m
[realsense2_camera_node-1] [31m[ERROR] [1738845642.390381036] [CompressedPublisher]: [16UC1] is not a color format. but [mono8] is. The conversion does not make sense[0m
[realsense2_camera_node-1] [31m[ERROR] [1738845642.401538676] [camera.camera]: cv_bridge exception: '[16UC1] is not a color format. but [bgr8] is. The conversion does not make sense'[0m
[realsense2_camera_node-1] [31m[ERROR] [1738845642.410063867] [compressed_depth_image_transport]: Compressed Depth Image Transport - Compression requires single-channel 32bit-floating  point or 16bit raw depth images (input format is: rgb8).[0m
[realsense2_camera_node-1] [31m[ERROR] [1738845642.436953981] [CompressedPublisher]: [16UC1] is not a color format. but [mono8] is. The conversion does not make sense[0m
[realsense2_camera_node-1] [31m[ERROR] [1738845642.451510064] [camera.camera]: cv_bridge exception: '[16UC1] is not a color format. but [bgr8] is. The conversion does not make sense'[0m
[realsense2_camera_node-1] [31m[ERROR] [1738845642.557365261] [CompressedPublisher]: [16UC1] is not a color format. but [mono8] is. The conversion does not make sense[0m
[realsense2_camera_node-1] [31m[ERROR] [1738845642.569414651] [camera.camera]: cv_bridge exception: '[16UC1] is not a color format. but [bgr8] is. The conversion does not make sense'[0m
[realsense2_camera_node-1] [31m[ERROR] [1738845642.578344051] [compressed_depth_image_transport]: Compressed Depth Image Transport - Compression requires single-channel 32bit-floating  point or 16bit raw depth images (input format is: rgb8).[0m
[realsense2_camera_node-1] [31m[ERROR] [1738845642.602512046] [CompressedPublisher]: [16UC1] is not a color format. but [mono8] is. The conversion does not make sense[0m
[realsense2_camera_node-1] [31m[ERROR] [1738845642.619066334] [camera.camera]: cv_bridge exception: '[16UC1] is not a color format. but [bgr8] is. The conversion does not make sense'[0m
[realsense2_camera_node-1] [31m[ERROR] [1738845642.724170910] [CompressedPublisher]: [16UC1] is not a color format. but [mono8] is. The conversion does not make sense[0m
[realsense2_camera_node-1] [31m[ERROR] [1738845642.735196470] [camera.camera]: cv_bridge exception: '[16UC1] is not a color format. but [bgr8] is. The conversion does not make sense'[0m
[realsense2_camera_node-1] [31m[ERROR] [1738845642.746276220] [compressed_depth_image_transport]: Compressed Depth Image Transport - Compression requires single-channel 32bit-floating  point or 16bit raw depth images (input format is: rgb8).[0m
[realsense2_camera_node-1] [31m[ERROR] [1738845642.770398708] [CompressedPublisher]: [16UC1] is not a color format. but [mono8] is. The conversion does not make sense[0m
[realsense2_camera_node-1] [31m[ERROR] [1738845642.784523149] [camera.camera]: cv_bridge exception: '[16UC1] is not a color format. but [bgr8] is. The conversion does not make sense'[0m
[realsense2_camera_node-1] [31m[ERROR] [1738845642.891298970] [CompressedPublisher]: [16UC1] is not a color format. but [mono8] is. The conversion does not make sense[0m
[realsense2_camera_node-1] [31m[ERROR] [1738845642.902542062] [camera.camera]: cv_bridge exception: '[16UC1] is not a color format. but [bgr8] is. The conversion does not make sense'[0m
[realsense2_camera_node-1] [31m[ERROR] [1738845642.911434893] [compressed_depth_image_transport]: Compressed Depth Image Transport - Compression requires single-channel 32bit-floating  point or 16bit raw depth images (input format is: rgb8).[0m
[realsense2_camera_node-1] [31m[ERROR] [1738845642.938426259] [CompressedPublisher]: [16UC1] is not a color format. but [mono8] is. The conversion does not make sense[0m
[realsense2_camera_node-1] [31m[ERROR] [1738845642.952698363] [camera.camera]: cv_bridge exception: '[16UC1] is not a color format. but [bgr8] is. The conversion does not make sense'[0m
[realsense2_camera_node-1] [31m[ERROR] [1738845643.060814265] [CompressedPublisher]: [16UC1] is not a color format. but [mono8] is. The conversion does not make sense[0m
[realsense2_camera_node-1] [31m[ERROR] [1738845643.075846168] [camera.camera]: cv_bridge exception: '[16UC1] is not a color format. but [bgr8] is. The conversion does not make sense'[0m
[realsense2_camera_node-1] [31m[ERROR] [1738845643.086485712] [compressed_depth_image_transport]: Compressed Depth Image Transport - Compression requires single-channel 32bit-floating  point or 16bit raw depth images (input format is: rgb8).[0m
[realsense2_camera_node-1] [31m[ERROR] [1738845643.111860856] [CompressedPublisher]: [16UC1] is not a color format. but [mono8] is. The conversion does not make sense[0m
[realsense2_camera_node-1] [31m[ERROR] [1738845643.126054645] [camera.camera]: cv_bridge exception: '[16UC1] is not a color format. but [bgr8] is. The conversion does not make sense'[0m
[realsense2_camera_node-1] [31m[ERROR] [1738845643.225277207] [CompressedPublisher]: [16UC1] is not a color format. but [mono8] is. The conversion does not make sense[0m
[realsense2_camera_node-1] [31m[ERROR] [1738845643.237154057] [camera.camera]: cv_bridge exception: '[16UC1] is not a color format. but [bgr8] is. The conversion does not make sense'[0m
[realsense2_camera_node-1] [31m[ERROR] [1738845643.248316759] [compressed_depth_image_transport]: Compressed Depth Image Transport - Compression requires single-channel 32bit-floating  point or 16bit raw depth images (input format is: rgb8).[0m
[realsense2_camera_node-1] [31m[ERROR] [1738845643.281270422] [CompressedPublisher]: [16UC1] is not a color format. but [mono8] is. The conversion does not make sense[0m
[realsense2_camera_node-1] [31m[ERROR] [1738845643.296509279] [camera.camera]: cv_bridge exception: '[16UC1] is not a color format. but [bgr8] is. The conversion does not make sense'[0m
[realsense2_camera_node-1] [31m[ERROR] [1738845643.395358479] [CompressedPublisher]: [16UC1] is not a color format. but [mono8] is. The conversion does not make sense[0m
[realsense2_camera_node-1] [31m[ERROR] [1738845643.406342544] [camera.camera]: cv_bridge exception: '[16UC1] is not a color format. but [bgr8] is. The conversion does not make sense'[0m
[realsense2_camera_node-1] [31m[ERROR] [1738845643.415004370] [compressed_depth_image_transport]: Compressed Depth Image Transport - Compression requires single-channel 32bit-floating  point or 16bit raw depth images (input format is: rgb8).[0m
[realsense2_camera_node-1] [31m[ERROR] [1738845643.441187043] [CompressedPublisher]: [16UC1] is not a color format. but [mono8] is. The conversion does not make sense[0m
[realsense2_camera_node-1] [31m[ERROR] [1738845643.455478734] [camera.camera]: cv_bridge exception: '[16UC1] is not a color format. but [bgr8] is. The conversion does not make sense'[0m
[realsense2_camera_node-1] [31m[ERROR] [1738845643.559401836] [CompressedPublisher]: [16UC1] is not a color format. but [mono8] is. The conversion does not make sense[0m
[realsense2_camera_node-1] [31m[ERROR] [1738845643.572666380] [camera.camera]: cv_bridge exception: '[16UC1] is not a color format. but [bgr8] is. The conversion does not make sense'[0m
[realsense2_camera_node-1] [31m[ERROR] [1738845643.581452117] [compressed_depth_image_transport]: Compressed Depth Image Transport - Compression requires single-channel 32bit-floating  point or 16bit raw depth images (input format is: rgb8).[0m
[realsense2_camera_node-1] [31m[ERROR] [1738845643.606427308] [CompressedPublisher]: [16UC1] is not a color format. but [mono8] is. The conversion does not make sense[0m
[realsense2_camera_node-1] [31m[ERROR] [1738845643.622455594] [camera.camera]: cv_bridge exception: '[16UC1] is not a color format. but [bgr8] is. The conversion does not make sense'[0m
[realsense2_camera_node-1] [31m[ERROR] [1738845643.726342128] [CompressedPublisher]: [16UC1] is not a color format. but [mono8] is. The conversion does not make sense[0m
[realsense2_camera_node-1] [31m[ERROR] [1738845643.737485494] [camera.camera]: cv_bridge exception: '[16UC1] is not a color format. but [bgr8] is. The conversion does not make sense'[0m
[realsense2_camera_node-1] [31m[ERROR] [1738845643.746305319] [compressed_depth_image_transport]: Compressed Depth Image Transport - Compression requires single-channel 32bit-floating  point or 16bit raw depth images (input format is: rgb8).[0m
[realsense2_camera_node-1] [31m[ERROR] [1738845643.772501461] [CompressedPublisher]: [16UC1] is not a color format. but [mono8] is. The conversion does not make sense[0m
[realsense2_camera_node-1] [31m[ERROR] [1738845643.786895968] [camera.camera]: cv_bridge exception: '[16UC1] is not a color format. but [bgr8] is. The conversion does not make sense'[0m
[realsense2_camera_node-1] [31m[ERROR] [1738845643.893574362] [CompressedPublisher]: [16UC1] is not a color format. but [mono8] is. The conversion does not make sense[0m
[realsense2_camera_node-1] [31m[ERROR] [1738845643.904811505] [camera.camera]: cv_bridge exception: '[16UC1] is not a color format. but [bgr8] is. The conversion does not make sense'[0m
[realsense2_camera_node-1] [31m[ERROR] [1738845643.913606969] [compressed_depth_image_transport]: Compressed Depth Image Transport - Compression requires single-channel 32bit-floating  point or 16bit raw depth images (input format is: rgb8).[0m
[realsense2_camera_node-1] [31m[ERROR] [1738845643.938918866] [CompressedPublisher]: [16UC1] is not a color format. but [mono8] is. The conversion does not make sense[0m
[realsense2_camera_node-1] [31m[ERROR] [1738845643.952826920] [camera.camera]: cv_bridge exception: '[16UC1] is not a color format. but [bgr8] is. The conversion does not make sense'[0m
[realsense2_camera_node-1] [31m[ERROR] [1738845644.060540991] [CompressedPublisher]: [16UC1] is not a color format. but [mono8] is. The conversion does not make sense[0m
[realsense2_camera_node-1] [31m[ERROR] [1738845644.073583796] [camera.camera]: cv_bridge exception: '[16UC1] is not a color format. but [bgr8] is. The conversion does not make sense'[0m
[realsense2_camera_node-1] [31m[ERROR] [1738845644.082382741] [compressed_depth_image_transport]: Compressed Depth Image Transport - Compression requires single-channel 32bit-floating  point or 16bit raw depth images (input format is: rgb8).[0m
[realsense2_camera_node-1] [31m[ERROR] [1738845644.107213334] [CompressedPublisher]: [16UC1] is not a color format. but [mono8] is. The conversion does not make sense[0m
[realsense2_camera_node-1] [31m[ERROR] [1738845644.122609152] [camera.camera]: cv_bridge exception: '[16UC1] is not a color format. but [bgr8] is. The conversion does not make sense'[0m
[realsense2_camera_node-1] [31m[ERROR] [1738845644.227361164] [CompressedPublisher]: [16UC1] is not a color format. but [mono8] is. The conversion does not make sense[0m
[realsense2_camera_node-1] [31m[ERROR] [1738845644.238386823] [camera.camera]: cv_bridge exception: '[16UC1] is not a color format. but [bgr8] is. The conversion does not make sense'[0m
[realsense2_camera_node-1] [31m[ERROR] [1738845644.247086820] [compressed_depth_image_transport]: Compressed Depth Image Transport - Compression requires single-channel 32bit-floating  point or 16bit raw depth images (input format is: rgb8).[0m
[realsense2_camera_node-1] [31m[ERROR] [1738845644.273257218] [CompressedPublisher]: [16UC1] is not a color format. but [mono8] is. The conversion does not make sense[0m
[realsense2_camera_node-1] [31m[ERROR] [1738845644.287329810] [camera.camera]: cv_bridge exception: '[16UC1] is not a color format. but [bgr8] is. The conversion does not make sense'[0m
[realsense2_camera_node-1] [31m[ERROR] [1738845644.396375847] [CompressedPublisher]: [16UC1] is not a color format. but [mono8] is. The conversion does not make sense[0m
[realsense2_camera_node-1] [31m[ERROR] [1738845644.407593114] [camera.camera]: cv_bridge exception: '[16UC1] is not a color format. but [bgr8] is. The conversion does not make sense'[0m
[realsense2_camera_node-1] [31m[ERROR] [1738845644.416247292] [compressed_depth_image_transport]: Compressed Depth Image Transport - Compression requires single-channel 32bit-floating  point or 16bit raw depth images (input format is: rgb8).[0m
[realsense2_camera_node-1] [31m[ERROR] [1738845644.440265692] [CompressedPublisher]: [16UC1] is not a color format. but [mono8] is. The conversion does not make sense[0m
[realsense2_camera_node-1] [31m[ERROR] [1738845644.457095430] [camera.camera]: cv_bridge exception: '[16UC1] is not a color format. but [bgr8] is. The conversion does not make sense'[0m
[realsense2_camera_node-1] [31m[ERROR] [1738845644.561410815] [CompressedPublisher]: [16UC1] is not a color format. but [mono8] is. The conversion does not make sense[0m
[realsense2_camera_node-1] [31m[ERROR] [1738845644.572464307] [camera.camera]: cv_bridge exception: '[16UC1] is not a color format. but [bgr8] is. The conversion does not make sense'[0m
[realsense2_camera_node-1] [31m[ERROR] [1738845644.583468361] [compressed_depth_image_transport]: Compressed Depth Image Transport - Compression requires single-channel 32bit-floating  point or 16bit raw depth images (input format is: rgb8).[0m
[realsense2_camera_node-1] [31m[ERROR] [1738845644.607329085] [CompressedPublisher]: [16UC1] is not a color format. but [mono8] is. The conversion does not make sense[0m
[realsense2_camera_node-1] [31m[ERROR] [1738845644.621043103] [camera.camera]: cv_bridge exception: '[16UC1] is not a color format. but [bgr8] is. The conversion does not make sense'[0m
[realsense2_camera_node-1] [31m[ERROR] [1738845644.728878118] [CompressedPublisher]: [16UC1] is not a color format. but [mono8] is. The conversion does not make sense[0m
[realsense2_camera_node-1] [31m[ERROR] [1738845644.740218357] [camera.camera]: cv_bridge exception: '[16UC1] is not a color format. but [bgr8] is. The conversion does not make sense'[0m
[realsense2_camera_node-1] [31m[ERROR] [1738845644.749172227] [compressed_depth_image_transport]: Compressed Depth Image Transport - Compression requires single-channel 32bit-floating  point or 16bit raw depth images (input format is: rgb8).[0m
[realsense2_camera_node-1] [31m[ERROR] [1738845644.774969804] [CompressedPublisher]: [16UC1] is not a color format. but [mono8] is. The conversion does not make sense[0m
[realsense2_camera_node-1] [31m[ERROR] [1738845644.789259086] [camera.camera]: cv_bridge exception: '[16UC1] is not a color format. but [bgr8] is. The conversion does not make sense'[0m
[realsense2_camera_node-1] [31m[ERROR] [1738845644.895589747] [CompressedPublisher]: [16UC1] is not a color format. but [mono8] is. The conversion does not make sense[0m
[realsense2_camera_node-1] [31m[ERROR] [1738845644.908154833] [camera.camera]: cv_bridge exception: '[16UC1] is not a color format. but [bgr8] is. The conversion does not make sense'[0m
[realsense2_camera_node-1] [31m[ERROR] [1738845644.918280579] [compressed_depth_image_transport]: Compressed Depth Image Transport - Compression requires single-channel 32bit-floating  point or 16bit raw depth images (input format is: rgb8).[0m
[realsense2_camera_node-1] [31m[ERROR] [1738845644.942624258] [CompressedPublisher]: [16UC1] is not a color format. but [mono8] is. The conversion does not make sense[0m
[realsense2_camera_node-1] [31m[ERROR] [1738845644.958672866] [camera.camera]: cv_bridge exception: '[16UC1] is not a color format. but [bgr8] is. The conversion does not make sense'[0m
[realsense2_camera_node-1] [31m[ERROR] [1738845645.062905344] [CompressedPublisher]: [16UC1] is not a color format. but [mono8] is. The conversion does not make sense[0m
[realsense2_camera_node-1] [31m[ERROR] [1738845645.073980545] [camera.camera]: cv_bridge exception: '[16UC1] is not a color format. but [bgr8] is. The conversion does not make sense'[0m
[realsense2_camera_node-1] [31m[ERROR] [1738845645.082787185] [compressed_depth_image_transport]: Compressed Depth Image Transport - Compression requires single-channel 32bit-floating  point or 16bit raw depth images (input format is: rgb8).[0m
[realsense2_camera_node-1] [31m[ERROR] [1738845645.109191858] [CompressedPublisher]: [16UC1] is not a color format. but [mono8] is. The conversion does not make sense[0m
[realsense2_camera_node-1] [31m[ERROR] [1738845645.123417416] [camera.camera]: cv_bridge exception: '[16UC1] is not a color format. but [bgr8] is. The conversion does not make sense'[0m
[realsense2_camera_node-1] [31m[ERROR] [1738845645.232012311] [CompressedPublisher]: [16UC1] is not a color format. but [mono8] is. The conversion does not make sense[0m
[realsense2_camera_node-1] [31m[ERROR] [1738845645.243319127] [camera.camera]: cv_bridge exception: '[16UC1] is not a color format. but [bgr8] is. The conversion does not make sense'[0m
[realsense2_camera_node-1] [31m[ERROR] [1738845645.252159072] [compressed_depth_image_transport]: Compressed Depth Image Transport - Compression requires single-channel 32bit-floating  point or 16bit raw depth images (input format is: rgb8).[0m
[realsense2_camera_node-1] [31m[ERROR] [1738845645.277681601] [CompressedPublisher]: [16UC1] is not a color format. but [mono8] is. The conversion does not make sense[0m
[realsense2_camera_node-1] [31m[ERROR] [1738845645.292271666] [camera.camera]: cv_bridge exception: '[16UC1] is not a color format. but [bgr8] is. The conversion does not make sense'[0m
[realsense2_camera_node-1] [31m[ERROR] [1738845645.396909317] [CompressedPublisher]: [16UC1] is not a color format. but [mono8] is. The conversion does not make sense[0m
[realsense2_camera_node-1] [31m[ERROR] [1738845645.410158136] [camera.camera]: cv_bridge exception: '[16UC1] is not a color format. but [bgr8] is. The conversion does not make sense'[0m
[realsense2_camera_node-1] [31m[ERROR] [1738845645.419005933] [compressed_depth_image_transport]: Compressed Depth Image Transport - Compression requires single-channel 32bit-floating  point or 16bit raw depth images (input format is: rgb8).[0m
[realsense2_camera_node-1] [31m[ERROR] [1738845645.442859199] [CompressedPublisher]: [16UC1] is not a color format. but [mono8] is. The conversion does not make sense[0m
[realsense2_camera_node-1] [31m[ERROR] [1738845645.459010113] [camera.camera]: cv_bridge exception: '[16UC1] is not a color format. but [bgr8] is. The conversion does not make sense'[0m
[realsense2_camera_node-1] [31m[ERROR] [1738845645.563726186] [CompressedPublisher]: [16UC1] is not a color format. but [mono8] is. The conversion does not make sense[0m
[realsense2_camera_node-1] [31m[ERROR] [1738845645.574672325] [camera.camera]: cv_bridge exception: '[16UC1] is not a color format. but [bgr8] is. The conversion does not make sense'[0m
[realsense2_camera_node-1] [31m[ERROR] [1738845645.583577767] [compressed_depth_image_transport]: Compressed Depth Image Transport - Compression requires single-channel 32bit-floating  point or 16bit raw depth images (input format is: rgb8).[0m
[realsense2_camera_node-1] [31m[ERROR] [1738845645.610273312] [CompressedPublisher]: [16UC1] is not a color format. but [mono8] is. The conversion does not make sense[0m
[realsense2_camera_node-1] [31m[ERROR] [1738845645.624374509] [camera.camera]: cv_bridge exception: '[16UC1] is not a color format. but [bgr8] is. The conversion does not make sense'[0m
[realsense2_camera_node-1] [31m[ERROR] [1738845645.732278525] [CompressedPublisher]: [16UC1] is not a color format. but [mono8] is. The conversion does not make sense[0m
[realsense2_camera_node-1] [31m[ERROR] [1738845645.744099710] [camera.camera]: cv_bridge exception: '[16UC1] is not a color format. but [bgr8] is. The conversion does not make sense'[0m
[realsense2_camera_node-1] [31m[ERROR] [1738845645.753777840] [compressed_depth_image_transport]: Compressed Depth Image Transport - Compression requires single-channel 32bit-floating  point or 16bit raw depth images (input format is: rgb8).[0m
[realsense2_camera_node-1] [31m[ERROR] [1738845645.780665635] [CompressedPublisher]: [16UC1] is not a color format. but [mono8] is. The conversion does not make sense[0m
[realsense2_camera_node-1] [31m[ERROR] [1738845645.796788127] [camera.camera]: cv_bridge exception: '[16UC1] is not a color format. but [bgr8] is. The conversion does not make sense'[0m
[realsense2_camera_node-1] [31m[ERROR] [1738845645.898498384] [CompressedPublisher]: [16UC1] is not a color format. but [mono8] is. The conversion does not make sense[0m
[realsense2_camera_node-1] [31m[ERROR] [1738845645.913090962] [camera.camera]: cv_bridge exception: '[16UC1] is not a color format. but [bgr8] is. The conversion does not make sense'[0m
[realsense2_camera_node-1] [31m[ERROR] [1738845645.925345820] [compressed_depth_image_transport]: Compressed Depth Image Transport - Compression requires single-channel 32bit-floating  point or 16bit raw depth images (input format is: rgb8).[0m
[realsense2_camera_node-1] [31m[ERROR] [1738845645.953440944] [CompressedPublisher]: [16UC1] is not a color format. but [mono8] is. The conversion does not make sense[0m
[realsense2_camera_node-1] [31m[ERROR] [1738845645.970963390] [camera.camera]: cv_bridge exception: '[16UC1] is not a color format. but [bgr8] is. The conversion does not make sense'[0m
[realsense2_camera_node-1] [31m[ERROR] [1738845646.065033919] [CompressedPublisher]: [16UC1] is not a color format. but [mono8] is. The conversion does not make sense[0m
[realsense2_camera_node-1] [31m[ERROR] [1738845646.076099815] [camera.camera]: cv_bridge exception: '[16UC1] is not a color format. but [bgr8] is. The conversion does not make sense'[0m
[realsense2_camera_node-1] [31m[ERROR] [1738845646.084764896] [compressed_depth_image_transport]: Compressed Depth Image Transport - Compression requires single-channel 32bit-floating  point or 16bit raw depth images (input format is: rgb8).[0m
[realsense2_camera_node-1] [31m[ERROR] [1738845646.109606344] [CompressedPublisher]: [16UC1] is not a color format. but [mono8] is. The conversion does not make sense[0m
[realsense2_camera_node-1] [31m[ERROR] [1738845646.124010880] [camera.camera]: cv_bridge exception: '[16UC1] is not a color format. but [bgr8] is. The conversion does not make sense'[0m
[realsense2_camera_node-1] [31m[ERROR] [1738845646.231863961] [CompressedPublisher]: [16UC1] is not a color format. but [mono8] is. The conversion does not make sense[0m
[realsense2_camera_node-1] [31m[ERROR] [1738845646.244399365] [camera.camera]: cv_bridge exception: '[16UC1] is not a color format. but [bgr8] is. The conversion does not make sense'[0m
[realsense2_camera_node-1] [31m[ERROR] [1738845646.252978888] [compressed_depth_image_transport]: Compressed Depth Image Transport - Compression requires single-channel 32bit-floating  point or 16bit raw depth images (input format is: rgb8).[0m
[realsense2_camera_node-1] [31m[ERROR] [1738845646.277325974] [CompressedPublisher]: [16UC1] is not a color format. but [mono8] is. The conversion does not make sense[0m
[realsense2_camera_node-1] [31m[ERROR] [1738845646.293650990] [camera.camera]: cv_bridge exception: '[16UC1] is not a color format. but [bgr8] is. The conversion does not make sense'[0m
[realsense2_camera_node-1] [31m[ERROR] [1738845646.415530715] [compressed_depth_image_transport]: Compressed Depth Image Transport - Compression requires single-channel 32bit-floating  point or 16bit raw depth images (input format is: rgb8).[0m
[realsense2_camera_node-1] [31m[ERROR] [1738845646.568979550] [CompressedPublisher]: [16UC1] is not a color format. but [mono8] is. The conversion does not make sense[0m
[realsense2_camera_node-1] [31m[ERROR] [1738845646.584725307] [camera.camera]: cv_bridge exception: '[16UC1] is not a color format. but [bgr8] is. The conversion does not make sense'[0m
[realsense2_camera_node-1] [31m[ERROR] [1738845646.596759903] [compressed_depth_image_transport]: Compressed Depth Image Transport - Compression requires single-channel 32bit-floating  point or 16bit raw depth images (input format is: rgb8).[0m
[realsense2_camera_node-1] [31m[ERROR] [1738845646.623340533] [CompressedPublisher]: [16UC1] is not a color format. but [mono8] is. The conversion does not make sense[0m
[realsense2_camera_node-1] [31m[ERROR] [1738845646.637233195] [camera.camera]: cv_bridge exception: '[16UC1] is not a color format. but [bgr8] is. The conversion does not make sense'[0m
[realsense2_camera_node-1] [31m[ERROR] [1738845646.732792488] [CompressedPublisher]: [16UC1] is not a color format. but [mono8] is. The conversion does not make sense[0m
[realsense2_camera_node-1] [31m[ERROR] [1738845646.743584612] [camera.camera]: cv_bridge exception: '[16UC1] is not a color format. but [bgr8] is. The conversion does not make sense'[0m
[realsense2_camera_node-1] [31m[ERROR] [1738845646.754069952] [compressed_depth_image_transport]: Compressed Depth Image Transport - Compression requires single-channel 32bit-floating  point or 16bit raw depth images (input format is: rgb8).[0m
[realsense2_camera_node-1] [31m[ERROR] [1738845646.777104566] [CompressedPublisher]: [16UC1] is not a color format. but [mono8] is. The conversion does not make sense[0m
[realsense2_camera_node-1] [31m[ERROR] [1738845646.790948009] [camera.camera]: cv_bridge exception: '[16UC1] is not a color format. but [bgr8] is. The conversion does not make sense'[0m
[realsense2_camera_node-1] [31m[ERROR] [1738845646.899918579] [CompressedPublisher]: [16UC1] is not a color format. but [mono8] is. The conversion does not make sense[0m
[realsense2_camera_node-1] [31m[ERROR] [1738845646.911311468] [camera.camera]: cv_bridge exception: '[16UC1] is not a color format. but [bgr8] is. The conversion does not make sense'[0m
[realsense2_camera_node-1] [31m[ERROR] [1738845646.920117808] [compressed_depth_image_transport]: Compressed Depth Image Transport - Compression requires single-channel 32bit-floating  point or 16bit raw depth images (input format is: rgb8).[0m
[realsense2_camera_node-1] [31m[ERROR] [1738845646.950146516] [CompressedPublisher]: [16UC1] is not a color format. but [mono8] is. The conversion does not make sense[0m
[realsense2_camera_node-1] [31m[ERROR] [1738845646.968954205] [camera.camera]: cv_bridge exception: '[16UC1] is not a color format. but [bgr8] is. The conversion does not make sense'[0m
[realsense2_camera_node-1] [31m[ERROR] [1738845647.067479898] [CompressedPublisher]: [16UC1] is not a color format. but [mono8] is. The conversion does not make sense[0m
[realsense2_camera_node-1] [31m[ERROR] [1738845647.081105870] [camera.camera]: cv_bridge exception: '[16UC1] is not a color format. but [bgr8] is. The conversion does not make sense'[0m
[realsense2_camera_node-1] [31m[ERROR] [1738845647.091626837] [compressed_depth_image_transport]: Compressed Depth Image Transport - Compression requires single-channel 32bit-floating  point or 16bit raw depth images (input format is: rgb8).[0m
[realsense2_camera_node-1] [31m[ERROR] [1738845647.118559976] [CompressedPublisher]: [16UC1] is not a color format. but [mono8] is. The conversion does not make sense[0m
[realsense2_camera_node-1] [31m[ERROR] [1738845647.134742083] [camera.camera]: cv_bridge exception: '[16UC1] is not a color format. but [bgr8] is. The conversion does not make sense'[0m
[realsense2_camera_node-1] [31m[ERROR] [1738845647.234084365] [CompressedPublisher]: [16UC1] is not a color format. but [mono8] is. The conversion does not make sense[0m
[realsense2_camera_node-1] [31m[ERROR] [1738845647.244890016] [camera.camera]: cv_bridge exception: '[16UC1] is not a color format. but [bgr8] is. The conversion does not make sense'[0m
[realsense2_camera_node-1] [31m[ERROR] [1738845647.254848867] [compressed_depth_image_transport]: Compressed Depth Image Transport - Compression requires single-channel 32bit-floating  point or 16bit raw depth images (input format is: rgb8).[0m
[realsense2_camera_node-1] [31m[ERROR] [1738845647.279233471] [CompressedPublisher]: [16UC1] is not a color format. but [mono8] is. The conversion does not make sense[0m
[realsense2_camera_node-1] [31m[ERROR] [1738845647.293828375] [camera.camera]: cv_bridge exception: '[16UC1] is not a color format. but [bgr8] is. The conversion does not make sense'[0m
[realsense2_camera_node-1] [31m[ERROR] [1738845647.402684768] [CompressedPublisher]: [16UC1] is not a color format. but [mono8] is. The conversion does not make sense[0m
[realsense2_camera_node-1] [31m[ERROR] [1738845647.414777699] [camera.camera]: cv_bridge exception: '[16UC1] is not a color format. but [bgr8] is. The conversion does not make sense'[0m
[realsense2_camera_node-1] [31m[ERROR] [1738845647.425376798] [compressed_depth_image_transport]: Compressed Depth Image Transport - Compression requires single-channel 32bit-floating  point or 16bit raw depth images (input format is: rgb8).[0m
[realsense2_camera_node-1] [31m[ERROR] [1738845647.452195412] [CompressedPublisher]: [16UC1] is not a color format. but [mono8] is. The conversion does not make sense[0m
[realsense2_camera_node-1] [31m[ERROR] [1738845647.467097138] [camera.camera]: cv_bridge exception: '[16UC1] is not a color format. but [bgr8] is. The conversion does not make sense'[0m
[realsense2_camera_node-1] [31m[ERROR] [1738845647.570989691] [CompressedPublisher]: [16UC1] is not a color format. but [mono8] is. The conversion does not make sense[0m
[realsense2_camera_node-1] [31m[ERROR] [1738845647.582131375] [camera.camera]: cv_bridge exception: '[16UC1] is not a color format. but [bgr8] is. The conversion does not make sense'[0m
[realsense2_camera_node-1] [31m[ERROR] [1738845647.592800548] [compressed_depth_image_transport]: Compressed Depth Image Transport - Compression requires single-channel 32bit-floating  point or 16bit raw depth images (input format is: rgb8).[0m
[realsense2_camera_node-1] [31m[ERROR] [1738845647.622467164] [CompressedPublisher]: [16UC1] is not a color format. but [mono8] is. The conversion does not make sense[0m
[realsense2_camera_node-1] [31m[ERROR] [1738845647.637461476] [camera.camera]: cv_bridge exception: '[16UC1] is not a color format. but [bgr8] is. The conversion does not make sense'[0m
[realsense2_camera_node-1] [31m[ERROR] [1738845647.735170381] [CompressedPublisher]: [16UC1] is not a color format. but [mono8] is. The conversion does not make sense[0m
[realsense2_camera_node-1] [31m[ERROR] [1738845647.747420010] [camera.camera]: cv_bridge exception: '[16UC1] is not a color format. but [bgr8] is. The conversion does not make sense'[0m
[realsense2_camera_node-1] [31m[ERROR] [1738845647.757080515] [compressed_depth_image_transport]: Compressed Depth Image Transport - Compression requires single-channel 32bit-floating  point or 16bit raw depth images (input format is: rgb8).[0m
[realsense2_camera_node-1] [31m[ERROR] [1738845647.781160888] [CompressedPublisher]: [16UC1] is not a color format. but [mono8] is. The conversion does not make sense[0m
[realsense2_camera_node-1] [31m[ERROR] [1738845647.796360932] [camera.camera]: cv_bridge exception: '[16UC1] is not a color format. but [bgr8] is. The conversion does not make sense'[0m
[realsense2_camera_node-1] [31m[ERROR] [1738845647.903381542] [CompressedPublisher]: [16UC1] is not a color format. but [mono8] is. The conversion does not make sense[0m
[realsense2_camera_node-1] [31m[ERROR] [1738845647.914577897] [camera.camera]: cv_bridge exception: '[16UC1] is not a color format. but [bgr8] is. The conversion does not make sense'[0m
[realsense2_camera_node-1] [31m[ERROR] [1738845647.924069206] [compressed_depth_image_transport]: Compressed Depth Image Transport - Compression requires single-channel 32bit-floating  point or 16bit raw depth images (input format is: rgb8).[0m
[realsense2_camera_node-1] [31m[ERROR] [1738845647.951965488] [CompressedPublisher]: [16UC1] is not a color format. but [mono8] is. The conversion does not make sense[0m
[realsense2_camera_node-1] [31m[ERROR] [1738845647.971458218] [camera.camera]: cv_bridge exception: '[16UC1] is not a color format. but [bgr8] is. The conversion does not make sense'[0m
[realsense2_camera_node-1] [31m[ERROR] [1738845648.069131663] [CompressedPublisher]: [16UC1] is not a color format. but [mono8] is. The conversion does not make sense[0m
[realsense2_camera_node-1] [31m[ERROR] [1738845648.079554821] [camera.camera]: cv_bridge exception: '[16UC1] is not a color format. but [bgr8] is. The conversion does not make sense'[0m
[realsense2_camera_node-1] [31m[ERROR] [1738845648.089966994] [compressed_depth_image_transport]: Compressed Depth Image Transport - Compression requires single-channel 32bit-floating  point or 16bit raw depth images (input format is: rgb8).[0m
[realsense2_camera_node-1] [31m[ERROR] [1738845648.115404703] [CompressedPublisher]: [16UC1] is not a color format. but [mono8] is. The conversion does not make sense[0m
[realsense2_camera_node-1] [31m[ERROR] [1738845648.130567711] [camera.camera]: cv_bridge exception: '[16UC1] is not a color format. but [bgr8] is. The conversion does not make sense'[0m
[realsense2_camera_node-1] [31m[ERROR] [1738845648.236017076] [CompressedPublisher]: [16UC1] is not a color format. but [mono8] is. The conversion does not make sense[0m
[realsense2_camera_node-1] [31m[ERROR] [1738845648.246419395] [camera.camera]: cv_bridge exception: '[16UC1] is not a color format. but [bgr8] is. The conversion does not make sense'[0m
[realsense2_camera_node-1] [31m[ERROR] [1738845648.256451399] [compressed_depth_image_transport]: Compressed Depth Image Transport - Compression requires single-channel 32bit-floating  point or 16bit raw depth images (input format is: rgb8).[0m
[realsense2_camera_node-1] [31m[ERROR] [1738845648.281400783] [CompressedPublisher]: [16UC1] is not a color format. but [mono8] is. The conversion does not make sense[0m
[realsense2_camera_node-1] [31m[ERROR] [1738845648.296692112] [camera.camera]: cv_bridge exception: '[16UC1] is not a color format. but [bgr8] is. The conversion does not make sense'[0m
[realsense2_camera_node-1] [31m[ERROR] [1738845648.403211198] [CompressedPublisher]: [16UC1] is not a color format. but [mono8] is. The conversion does not make sense[0m
[realsense2_camera_node-1] [31m[ERROR] [1738845648.413488690] [camera.camera]: cv_bridge exception: '[16UC1] is not a color format. but [bgr8] is. The conversion does not make sense'[0m
[realsense2_camera_node-1] [31m[ERROR] [1738845648.421945591] [compressed_depth_image_transport]: Compressed Depth Image Transport - Compression requires single-channel 32bit-floating  point or 16bit raw depth images (input format is: rgb8).[0m
[realsense2_camera_node-1] [31m[ERROR] [1738845648.454598058] [CompressedPublisher]: [16UC1] is not a color format. but [mono8] is. The conversion does not make sense[0m
[realsense2_camera_node-1] [31m[ERROR] [1738845648.471208497] [camera.camera]: cv_bridge exception: '[16UC1] is not a color format. but [bgr8] is. The conversion does not make sense'[0m
[realsense2_camera_node-1] [31m[ERROR] [1738845648.572540272] [CompressedPublisher]: [16UC1] is not a color format. but [mono8] is. The conversion does not make sense[0m
[realsense2_camera_node-1] [31m[ERROR] [1738845648.582812924] [camera.camera]: cv_bridge exception: '[16UC1] is not a color format. but [bgr8] is. The conversion does not make sense'[0m
[realsense2_camera_node-1] [31m[ERROR] [1738845648.591143128] [compressed_depth_image_transport]: Compressed Depth Image Transport - Compression requires single-channel 32bit-floating  point or 16bit raw depth images (input format is: rgb8).[0m
[realsense2_camera_node-1] [31m[ERROR] [1738845648.611519132] [CompressedPublisher]: [16UC1] is not a color format. but [mono8] is. The conversion does not make sense[0m
[realsense2_camera_node-1] [31m[ERROR] [1738845648.627604547] [camera.camera]: cv_bridge exception: '[16UC1] is not a color format. but [bgr8] is. The conversion does not make sense'[0m
[realsense2_camera_node-1] [31m[ERROR] [1738845648.737244617] [CompressedPublisher]: [16UC1] is not a color format. but [mono8] is. The conversion does not make sense[0m
[realsense2_camera_node-1] [31m[ERROR] [1738845648.747667545] [camera.camera]: cv_bridge exception: '[16UC1] is not a color format. but [bgr8] is. The conversion does not make sense'[0m
[realsense2_camera_node-1] [31m[ERROR] [1738845648.757340026] [compressed_depth_image_transport]: Compressed Depth Image Transport - Compression requires single-channel 32bit-floating  point or 16bit raw depth images (input format is: rgb8).[0m
[realsense2_camera_node-1] [31m[ERROR] [1738845648.782080477] [CompressedPublisher]: [16UC1] is not a color format. but [mono8] is. The conversion does not make sense[0m
[realsense2_camera_node-1] [31m[ERROR] [1738845648.795642516] [camera.camera]: cv_bridge exception: '[16UC1] is not a color format. but [bgr8] is. The conversion does not make sense'[0m
[realsense2_camera_node-1] [31m[ERROR] [1738845648.904217404] [CompressedPublisher]: [16UC1] is not a color format. but [mono8] is. The conversion does not make sense[0m
[realsense2_camera_node-1] [31m[ERROR] [1738845648.914360002] [camera.camera]: cv_bridge exception: '[16UC1] is not a color format. but [bgr8] is. The conversion does not make sense'[0m
[realsense2_camera_node-1] [31m[ERROR] [1738845648.922598980] [compressed_depth_image_transport]: Compressed Depth Image Transport - Compression requires single-channel 32bit-floating  point or 16bit raw depth images (input format is: rgb8).[0m
[realsense2_camera_node-1] [31m[ERROR] [1738845648.951200321] [CompressedPublisher]: [16UC1] is not a color format. but [mono8] is. The conversion does not make sense[0m
[realsense2_camera_node-1] [31m[ERROR] [1738845648.964640950] [camera.camera]: cv_bridge exception: '[16UC1] is not a color format. but [bgr8] is. The conversion does not make sense'[0m
[realsense2_camera_node-1] [31m[ERROR] [1738845649.073493288] [CompressedPublisher]: [16UC1] is not a color format. but [mono8] is. The conversion does not make sense[0m
[realsense2_camera_node-1] [31m[ERROR] [1738845649.084056901] [camera.camera]: cv_bridge exception: '[16UC1] is not a color format. but [bgr8] is. The conversion does not make sense'[0m
[realsense2_camera_node-1] [31m[ERROR] [1738845649.092295270] [compressed_depth_image_transport]: Compressed Depth Image Transport - Compression requires single-channel 32bit-floating  point or 16bit raw depth images (input format is: rgb8).[0m
[realsense2_camera_node-1] [31m[ERROR] [1738845649.119865706] [CompressedPublisher]: [16UC1] is not a color format. but [mono8] is. The conversion does not make sense[0m
[realsense2_camera_node-1] [31m[ERROR] [1738845649.133323932] [camera.camera]: cv_bridge exception: '[16UC1] is not a color format. but [bgr8] is. The conversion does not make sense'[0m
[realsense2_camera_node-1] [31m[ERROR] [1738845649.238549191] [CompressedPublisher]: [16UC1] is not a color format. but [mono8] is. The conversion does not make sense[0m
[realsense2_camera_node-1] [31m[ERROR] [1738845649.251749378] [camera.camera]: cv_bridge exception: '[16UC1] is not a color format. but [bgr8] is. The conversion does not make sense'[0m
[realsense2_camera_node-1] [31m[ERROR] [1738845649.260855565] [compressed_depth_image_transport]: Compressed Depth Image Transport - Compression requires single-channel 32bit-floating  point or 16bit raw depth images (input format is: rgb8).[0m
[realsense2_camera_node-1] [31m[ERROR] [1738845649.289745200] [CompressedPublisher]: [16UC1] is not a color format. but [mono8] is. The conversion does not make sense[0m
[realsense2_camera_node-1] [31m[ERROR] [1738845649.303851459] [camera.camera]: cv_bridge exception: '[16UC1] is not a color format. but [bgr8] is. The conversion does not make sense'[0m
[realsense2_camera_node-1] [31m[ERROR] [1738845649.405674515] [CompressedPublisher]: [16UC1] is not a color format. but [mono8] is. The conversion does not make sense[0m
[realsense2_camera_node-1] [31m[ERROR] [1738845649.416838161] [camera.camera]: cv_bridge exception: '[16UC1] is not a color format. but [bgr8] is. The conversion does not make sense'[0m
[realsense2_camera_node-1] [31m[ERROR] [1738845649.427200893] [compressed_depth_image_transport]: Compressed Depth Image Transport - Compression requires single-channel 32bit-floating  point or 16bit raw depth images (input format is: rgb8).[0m
[realsense2_camera_node-1] [31m[ERROR] [1738845649.454431459] [CompressedPublisher]: [16UC1] is not a color format. but [mono8] is. The conversion does not make sense[0m
[realsense2_camera_node-1] [31m[ERROR] [1738845649.472989262] [camera.camera]: cv_bridge exception: '[16UC1] is not a color format. but [bgr8] is. The conversion does not make sense'[0m
[realsense2_camera_node-1] [31m[ERROR] [1738845649.572713775] [CompressedPublisher]: [16UC1] is not a color format. but [mono8] is. The conversion does not make sense[0m
[realsense2_camera_node-1] [31m[ERROR] [1738845649.584176647] [camera.camera]: cv_bridge exception: '[16UC1] is not a color format. but [bgr8] is. The conversion does not make sense'[0m
[realsense2_camera_node-1] [31m[ERROR] [1738845649.593098081] [compressed_depth_image_transport]: Compressed Depth Image Transport - Compression requires single-channel 32bit-floating  point or 16bit raw depth images (input format is: rgb8).[0m
[realsense2_camera_node-1] [31m[ERROR] [1738845649.622227134] [CompressedPublisher]: [16UC1] is not a color format. but [mono8] is. The conversion does not make sense[0m
[realsense2_camera_node-1] [31m[ERROR] [1738845649.636496971] [camera.camera]: cv_bridge exception: '[16UC1] is not a color format. but [bgr8] is. The conversion does not make sense'[0m
[realsense2_camera_node-1] [31m[ERROR] [1738845649.742329027] [CompressedPublisher]: [16UC1] is not a color format. but [mono8] is. The conversion does not make sense[0m
[realsense2_camera_node-1] [31m[ERROR] [1738845649.757661475] [camera.camera]: cv_bridge exception: '[16UC1] is not a color format. but [bgr8] is. The conversion does not make sense'[0m
[realsense2_camera_node-1] [31m[ERROR] [1738845649.769097352] [compressed_depth_image_transport]: Compressed Depth Image Transport - Compression requires single-channel 32bit-floating  point or 16bit raw depth images (input format is: rgb8).[0m
[realsense2_camera_node-1] [31m[ERROR] [1738845649.800954203] [CompressedPublisher]: [16UC1] is not a color format. but [mono8] is. The conversion does not make sense[0m
[realsense2_camera_node-1] [31m[ERROR] [1738845649.814916348] [camera.camera]: cv_bridge exception: '[16UC1] is not a color format. but [bgr8] is. The conversion does not make sense'[0m
[realsense2_camera_node-1] [31m[ERROR] [1738845649.906645999] [CompressedPublisher]: [16UC1] is not a color format. but [mono8] is. The conversion does not make sense[0m
[realsense2_camera_node-1] [31m[ERROR] [1738845649.917646226] [camera.camera]: cv_bridge exception: '[16UC1] is not a color format. but [bgr8] is. The conversion does not make sense'[0m
[realsense2_camera_node-1] [31m[ERROR] [1738845649.926318493] [compressed_depth_image_transport]: Compressed Depth Image Transport - Compression requires single-channel 32bit-floating  point or 16bit raw depth images (input format is: rgb8).[0m
[realsense2_camera_node-1] [31m[ERROR] [1738845649.954770525] [CompressedPublisher]: [16UC1] is not a color format. but [mono8] is. The conversion does not make sense[0m
[realsense2_camera_node-1] [31m[ERROR] [1738845649.968992547] [camera.camera]: cv_bridge exception: '[16UC1] is not a color format. but [bgr8] is. The conversion does not make sense'[0m
[realsense2_camera_node-1] [31m[ERROR] [1738845650.074949248] [CompressedPublisher]: [16UC1] is not a color format. but [mono8] is. The conversion does not make sense[0m
[realsense2_camera_node-1] [31m[ERROR] [1738845650.086481402] [camera.camera]: cv_bridge exception: '[16UC1] is not a color format. but [bgr8] is. The conversion does not make sense'[0m
[realsense2_camera_node-1] [31m[ERROR] [1738845650.095684574] [compressed_depth_image_transport]: Compressed Depth Image Transport - Compression requires single-channel 32bit-floating  point or 16bit raw depth images (input format is: rgb8).[0m
[realsense2_camera_node-1] [31m[ERROR] [1738845650.123187631] [CompressedPublisher]: [16UC1] is not a color format. but [mono8] is. The conversion does not make sense[0m
[realsense2_camera_node-1] [31m[ERROR] [1738845650.137565037] [camera.camera]: cv_bridge exception: '[16UC1] is not a color format. but [bgr8] is. The conversion does not make sense'[0m
[realsense2_camera_node-1] [31m[ERROR] [1738845650.240712034] [CompressedPublisher]: [16UC1] is not a color format. but [mono8] is. The conversion does not make sense[0m
[realsense2_camera_node-1] [31m[ERROR] [1738845650.253717515] [camera.camera]: cv_bridge exception: '[16UC1] is not a color format. but [bgr8] is. The conversion does not make sense'[0m
[realsense2_camera_node-1] [31m[ERROR] [1738845650.263670438] [compressed_depth_image_transport]: Compressed Depth Image Transport - Compression requires single-channel 32bit-floating  point or 16bit raw depth images (input format is: rgb8).[0m
[realsense2_camera_node-1] [31m[ERROR] [1738845650.288575543] [CompressedPublisher]: [16UC1] is not a color format. but [mono8] is. The conversion does not make sense[0m
[realsense2_camera_node-1] [31m[ERROR] [1738845650.306604844] [camera.camera]: cv_bridge exception: '[16UC1] is not a color format. but [bgr8] is. The conversion does not make sense'[0m
[realsense2_camera_node-1] [31m[ERROR] [1738845650.408216497] [CompressedPublisher]: [16UC1] is not a color format. but [mono8] is. The conversion does not make sense[0m
[realsense2_camera_node-1] [31m[ERROR] [1738845650.420115681] [camera.camera]: cv_bridge exception: '[16UC1] is not a color format. but [bgr8] is. The conversion does not make sense'[0m
[realsense2_camera_node-1] [31m[ERROR] [1738845650.429438495] [compressed_depth_image_transport]: Compressed Depth Image Transport - Compression requires single-channel 32bit-floating  point or 16bit raw depth images (input format is: rgb8).[0m
[realsense2_camera_node-1] [31m[ERROR] [1738845650.457213630] [CompressedPublisher]: [16UC1] is not a color format. but [mono8] is. The conversion does not make sense[0m
[realsense2_camera_node-1] [31m[ERROR] [1738845650.471772607] [camera.camera]: cv_bridge exception: '[16UC1] is not a color format. but [bgr8] is. The conversion does not make sense'[0m
[realsense2_camera_node-1] [31m[ERROR] [1738845650.577569640] [CompressedPublisher]: [16UC1] is not a color format. but [mono8] is. The conversion does not make sense[0m
[realsense2_camera_node-1] [31m[ERROR] [1738845650.590505648] [camera.camera]: cv_bridge exception: '[16UC1] is not a color format. but [bgr8] is. The conversion does not make sense'[0m
[realsense2_camera_node-1] [31m[ERROR] [1738845650.599489668] [compressed_depth_image_transport]: Compressed Depth Image Transport - Compression requires single-channel 32bit-floating  point or 16bit raw depth images (input format is: rgb8).[0m
[realsense2_camera_node-1] [31m[ERROR] [1738845650.623727463] [CompressedPublisher]: [16UC1] is not a color format. but [mono8] is. The conversion does not make sense[0m
[realsense2_camera_node-1] [31m[ERROR] [1738845650.640250350] [camera.camera]: cv_bridge exception: '[16UC1] is not a color format. but [bgr8] is. The conversion does not make sense'[0m
[realsense2_camera_node-1] [31m[ERROR] [1738845650.744668369] [CompressedPublisher]: [16UC1] is not a color format. but [mono8] is. The conversion does not make sense[0m
[realsense2_camera_node-1] [31m[ERROR] [1738845650.761360919] [camera.camera]: cv_bridge exception: '[16UC1] is not a color format. but [bgr8] is. The conversion does not make sense'[0m
[realsense2_camera_node-1] [31m[ERROR] [1738845650.771989965] [compressed_depth_image_transport]: Compressed Depth Image Transport - Compression requires single-channel 32bit-floating  point or 16bit raw depth images (input format is: rgb8).[0m
[realsense2_camera_node-1] [31m[ERROR] [1738845650.798241455] [CompressedPublisher]: [16UC1] is not a color format. but [mono8] is. The conversion does not make sense[0m
[realsense2_camera_node-1] [31m[ERROR] [1738845650.813010823] [camera.camera]: cv_bridge exception: '[16UC1] is not a color format. but [bgr8] is. The conversion does not make sense'[0m
[realsense2_camera_node-1] [31m[ERROR] [1738845650.909072571] [CompressedPublisher]: [16UC1] is not a color format. but [mono8] is. The conversion does not make sense[0m
[realsense2_camera_node-1] [31m[ERROR] [1738845650.920543313] [camera.camera]: cv_bridge exception: '[16UC1] is not a color format. but [bgr8] is. The conversion does not make sense'[0m
[realsense2_camera_node-1] [31m[ERROR] [1738845650.932023608] [compressed_depth_image_transport]: Compressed Depth Image Transport - Compression requires single-channel 32bit-floating  point or 16bit raw depth images (input format is: rgb8).[0m
[realsense2_camera_node-1] [31m[ERROR] [1738845650.955520808] [CompressedPublisher]: [16UC1] is not a color format. but [mono8] is. The conversion does not make sense[0m
[realsense2_camera_node-1] [31m[ERROR] [1738845650.971094997] [camera.camera]: cv_bridge exception: '[16UC1] is not a color format. but [bgr8] is. The conversion does not make sense'[0m
[realsense2_camera_node-1] [31m[ERROR] [1738845651.076024262] [CompressedPublisher]: [16UC1] is not a color format. but [mono8] is. The conversion does not make sense[0m
[realsense2_camera_node-1] [31m[ERROR] [1738845651.087695472] [camera.camera]: cv_bridge exception: '[16UC1] is not a color format. but [bgr8] is. The conversion does not make sense'[0m
[realsense2_camera_node-1] [31m[ERROR] [1738845651.096815504] [compressed_depth_image_transport]: Compressed Depth Image Transport - Compression requires single-channel 32bit-floating  point or 16bit raw depth images (input format is: rgb8).[0m
[realsense2_camera_node-1] [31m[ERROR] [1738845651.123319332] [CompressedPublisher]: [16UC1] is not a color format. but [mono8] is. The conversion does not make sense[0m
[realsense2_camera_node-1] [31m[ERROR] [1738845651.137979502] [camera.camera]: cv_bridge exception: '[16UC1] is not a color format. but [bgr8] is. The conversion does not make sense'[0m
[realsense2_camera_node-1] [31m[ERROR] [1738845651.242937624] [CompressedPublisher]: [16UC1] is not a color format. but [mono8] is. The conversion does not make sense[0m
[realsense2_camera_node-1] [31m[ERROR] [1738845651.257287953] [camera.camera]: cv_bridge exception: '[16UC1] is not a color format. but [bgr8] is. The conversion does not make sense'[0m
[realsense2_camera_node-1] [31m[ERROR] [1738845651.266483481] [compressed_depth_image_transport]: Compressed Depth Image Transport - Compression requires single-channel 32bit-floating  point or 16bit raw depth images (input format is: rgb8).[0m
[realsense2_camera_node-1] [31m[ERROR] [1738845651.289857848] [CompressedPublisher]: [16UC1] is not a color format. but [mono8] is. The conversion does not make sense[0m
[realsense2_camera_node-1] [31m[ERROR] [1738845651.307273277] [camera.camera]: cv_bridge exception: '[16UC1] is not a color format. but [bgr8] is. The conversion does not make sense'[0m
[realsense2_camera_node-1] [31m[ERROR] [1738845651.410259966] [CompressedPublisher]: [16UC1] is not a color format. but [mono8] is. The conversion does not make sense[0m
[realsense2_camera_node-1] [31m[ERROR] [1738845651.422728231] [camera.camera]: cv_bridge exception: '[16UC1] is not a color format. but [bgr8] is. The conversion does not make sense'[0m
[realsense2_camera_node-1] [31m[ERROR] [1738845651.431908999] [compressed_depth_image_transport]: Compressed Depth Image Transport - Compression requires single-channel 32bit-floating  point or 16bit raw depth images (input format is: rgb8).[0m
[realsense2_camera_node-1] [31m[ERROR] [1738845651.458235676] [CompressedPublisher]: [16UC1] is not a color format. but [mono8] is. The conversion does not make sense[0m
[realsense2_camera_node-1] [31m[ERROR] [1738845651.472759562] [camera.camera]: cv_bridge exception: '[16UC1] is not a color format. but [bgr8] is. The conversion does not make sense'[0m
[realsense2_camera_node-1] [31m[ERROR] [1738845651.578964175] [CompressedPublisher]: [16UC1] is not a color format. but [mono8] is. The conversion does not make sense[0m
[realsense2_camera_node-1] [31m[ERROR] [1738845651.591090138] [camera.camera]: cv_bridge exception: '[16UC1] is not a color format. but [bgr8] is. The conversion does not make sense'[0m
[realsense2_camera_node-1] [31m[ERROR] [1738845651.600129826] [compressed_depth_image_transport]: Compressed Depth Image Transport - Compression requires single-channel 32bit-floating  point or 16bit raw depth images (input format is: rgb8).[0m
[realsense2_camera_node-1] [31m[ERROR] [1738845651.626238233] [CompressedPublisher]: [16UC1] is not a color format. but [mono8] is. The conversion does not make sense[0m
[realsense2_camera_node-1] [31m[ERROR] [1738845651.645255141] [camera.camera]: cv_bridge exception: '[16UC1] is not a color format. but [bgr8] is. The conversion does not make sense'[0m
[realsense2_camera_node-1] [31m[ERROR] [1738845651.744053069] [CompressedPublisher]: [16UC1] is not a color format. but [mono8] is. The conversion does not make sense[0m
[realsense2_camera_node-1] [31m[ERROR] [1738845651.755760509] [camera.camera]: cv_bridge exception: '[16UC1] is not a color format. but [bgr8] is. The conversion does not make sense'[0m
[realsense2_camera_node-1] [31m[ERROR] [1738845651.764768467] [compressed_depth_image_transport]: Compressed Depth Image Transport - Compression requires single-channel 32bit-floating  point or 16bit raw depth images (input format is: rgb8).[0m
[realsense2_camera_node-1] [31m[ERROR] [1738845651.790672832] [CompressedPublisher]: [16UC1] is not a color format. but [mono8] is. The conversion does not make sense[0m
[realsense2_camera_node-1] [31m[ERROR] [1738845651.805603474] [camera.camera]: cv_bridge exception: '[16UC1] is not a color format. but [bgr8] is. The conversion does not make sense'[0m
[realsense2_camera_node-1] [31m[ERROR] [1738845651.912635641] [CompressedPublisher]: [16UC1] is not a color format. but [mono8] is. The conversion does not make sense[0m
[realsense2_camera_node-1] [31m[ERROR] [1738845651.924313262] [camera.camera]: cv_bridge exception: '[16UC1] is not a color format. but [bgr8] is. The conversion does not make sense'[0m
[realsense2_camera_node-1] [31m[ERROR] [1738845651.933289888] [compressed_depth_image_transport]: Compressed Depth Image Transport - Compression requires single-channel 32bit-floating  point or 16bit raw depth images (input format is: rgb8).[0m
[realsense2_camera_node-1] [31m[ERROR] [1738845651.956781889] [CompressedPublisher]: [16UC1] is not a color format. but [mono8] is. The conversion does not make sense[0m
[realsense2_camera_node-1] [31m[ERROR] [1738845651.973429972] [camera.camera]: cv_bridge exception: '[16UC1] is not a color format. but [bgr8] is. The conversion does not make sense'[0m
[realsense2_camera_node-1] [31m[ERROR] [1738845652.078059308] [CompressedPublisher]: [16UC1] is not a color format. but [mono8] is. The conversion does not make sense[0m
[realsense2_camera_node-1] [31m[ERROR] [1738845652.089512549] [camera.camera]: cv_bridge exception: '[16UC1] is not a color format. but [bgr8] is. The conversion does not make sense'[0m
[realsense2_camera_node-1] [31m[ERROR] [1738845652.098426994] [compressed_depth_image_transport]: Compressed Depth Image Transport - Compression requires single-channel 32bit-floating  point or 16bit raw depth images (input format is: rgb8).[0m
[realsense2_camera_node-1] [31m[ERROR] [1738845652.123979528] [CompressedPublisher]: [16UC1] is not a color format. but [mono8] is. The conversion does not make sense[0m
[realsense2_camera_node-1] [31m[ERROR] [1738845652.138996169] [camera.camera]: cv_bridge exception: '[16UC1] is not a color format. but [bgr8] is. The conversion does not make sense'[0m
[realsense2_camera_node-1] [31m[ERROR] [1738845652.246022719] [CompressedPublisher]: [16UC1] is not a color format. but [mono8] is. The conversion does not make sense[0m
[realsense2_camera_node-1] [31m[ERROR] [1738845652.259891160] [camera.camera]: cv_bridge exception: '[16UC1] is not a color format. but [bgr8] is. The conversion does not make sense'[0m
[realsense2_camera_node-1] [31m[ERROR] [1738845652.269140492] [compressed_depth_image_transport]: Compressed Depth Image Transport - Compression requires single-channel 32bit-floating  point or 16bit raw depth images (input format is: rgb8).[0m
[realsense2_camera_node-1] [31m[ERROR] [1738845652.293164620] [CompressedPublisher]: [16UC1] is not a color format. but [mono8] is. The conversion does not make sense[0m
[realsense2_camera_node-1] [31m[ERROR] [1738845652.310283349] [camera.camera]: cv_bridge exception: '[16UC1] is not a color format. but [bgr8] is. The conversion does not make sense'[0m
[realsense2_camera_node-1] [31m[ERROR] [1738845652.412266404] [CompressedPublisher]: [16UC1] is not a color format. but [mono8] is. The conversion does not make sense[0m
[realsense2_camera_node-1] [31m[ERROR] [1738845652.424326409] [camera.camera]: cv_bridge exception: '[16UC1] is not a color format. but [bgr8] is. The conversion does not make sense'[0m
[realsense2_camera_node-1] [31m[ERROR] [1738845652.433449232] [compressed_depth_image_transport]: Compressed Depth Image Transport - Compression requires single-channel 32bit-floating  point or 16bit raw depth images (input format is: rgb8).[0m
[realsense2_camera_node-1] [31m[ERROR] [1738845652.464550498] [CompressedPublisher]: [16UC1] is not a color format. but [mono8] is. The conversion does not make sense[0m
[realsense2_camera_node-1] [31m[ERROR] [1738845652.484591320] [camera.camera]: cv_bridge exception: '[16UC1] is not a color format. but [bgr8] is. The conversion does not make sense'[0m
[realsense2_camera_node-1] [31m[ERROR] [1738845652.579375422] [CompressedPublisher]: [16UC1] is not a color format. but [mono8] is. The conversion does not make sense[0m
[realsense2_camera_node-1] [31m[ERROR] [1738845652.590818890] [camera.camera]: cv_bridge exception: '[16UC1] is not a color format. but [bgr8] is. The conversion does not make sense'[0m
[realsense2_camera_node-1] [31m[ERROR] [1738845652.601795490] [compressed_depth_image_transport]: Compressed Depth Image Transport - Compression requires single-channel 32bit-floating  point or 16bit raw depth images (input format is: rgb8).[0m
[realsense2_camera_node-1] [31m[ERROR] [1738845652.625445431] [CompressedPublisher]: [16UC1] is not a color format. but [mono8] is. The conversion does not make sense[0m
[realsense2_camera_node-1] [31m[ERROR] [1738845652.641948086] [camera.camera]: cv_bridge exception: '[16UC1] is not a color format. but [bgr8] is. The conversion does not make sense'[0m
[realsense2_camera_node-1] [31m[ERROR] [1738845652.746425128] [CompressedPublisher]: [16UC1] is not a color format. but [mono8] is. The conversion does not make sense[0m
[realsense2_camera_node-1] [31m[ERROR] [1738845652.759031379] [camera.camera]: cv_bridge exception: '[16UC1] is not a color format. but [bgr8] is. The conversion does not make sense'[0m
[realsense2_camera_node-1] [31m[ERROR] [1738845652.768292623] [compressed_depth_image_transport]: Compressed Depth Image Transport - Compression requires single-channel 32bit-floating  point or 16bit raw depth images (input format is: rgb8).[0m
[realsense2_camera_node-1] [31m[ERROR] [1738845652.793734048] [CompressedPublisher]: [16UC1] is not a color format. but [mono8] is. The conversion does not make sense[0m
[realsense2_camera_node-1] [31m[ERROR] [1738845652.808693383] [camera.camera]: cv_bridge exception: '[16UC1] is not a color format. but [bgr8] is. The conversion does not make sense'[0m
[realsense2_camera_node-1] [31m[ERROR] [1738845652.913486381] [CompressedPublisher]: [16UC1] is not a color format. but [mono8] is. The conversion does not make sense[0m
[realsense2_camera_node-1] [31m[ERROR] [1738845652.925618179] [camera.camera]: cv_bridge exception: '[16UC1] is not a color format. but [bgr8] is. The conversion does not make sense'[0m
[realsense2_camera_node-1] [31m[ERROR] [1738845652.935587964] [compressed_depth_image_transport]: Compressed Depth Image Transport - Compression requires single-channel 32bit-floating  point or 16bit raw depth images (input format is: rgb8).[0m
[realsense2_camera_node-1] [31m[ERROR] [1738845652.959167293] [CompressedPublisher]: [16UC1] is not a color format. but [mono8] is. The conversion does not make sense[0m
[realsense2_camera_node-1] [31m[ERROR] [1738845652.975152566] [camera.camera]: cv_bridge exception: '[16UC1] is not a color format. but [bgr8] is. The conversion does not make sense'[0m
[realsense2_camera_node-1] [31m[ERROR] [1738845653.080624868] [CompressedPublisher]: [16UC1] is not a color format. but [mono8] is. The conversion does not make sense[0m
[realsense2_camera_node-1] [31m[ERROR] [1738845653.092494818] [camera.camera]: cv_bridge exception: '[16UC1] is not a color format. but [bgr8] is. The conversion does not make sense'[0m
[realsense2_camera_node-1] [31m[ERROR] [1738845653.101418397] [compressed_depth_image_transport]: Compressed Depth Image Transport - Compression requires single-channel 32bit-floating  point or 16bit raw depth images (input format is: rgb8).[0m
[realsense2_camera_node-1] [31m[ERROR] [1738845653.127871589] [CompressedPublisher]: [16UC1] is not a color format. but [mono8] is. The conversion does not make sense[0m
[realsense2_camera_node-1] [31m[ERROR] [1738845653.142488945] [camera.camera]: cv_bridge exception: '[16UC1] is not a color format. but [bgr8] is. The conversion does not make sense'[0m
[realsense2_camera_node-1] [31m[ERROR] [1738845653.246983565] [CompressedPublisher]: [16UC1] is not a color format. but [mono8] is. The conversion does not make sense[0m
[realsense2_camera_node-1] [31m[ERROR] [1738845653.261049808] [camera.camera]: cv_bridge exception: '[16UC1] is not a color format. but [bgr8] is. The conversion does not make sense'[0m
[realsense2_camera_node-1] [31m[ERROR] [1738845653.269644832] [compressed_depth_image_transport]: Compressed Depth Image Transport - Compression requires single-channel 32bit-floating  point or 16bit raw depth images (input format is: rgb8).[0m
[realsense2_camera_node-1] [31m[ERROR] [1738845653.292809608] [CompressedPublisher]: [16UC1] is not a color format. but [mono8] is. The conversion does not make sense[0m
[realsense2_camera_node-1] [31m[ERROR] [1738845653.310540557] [camera.camera]: cv_bridge exception: '[16UC1] is not a color format. but [bgr8] is. The conversion does not make sense'[0m
[realsense2_camera_node-1] [31m[ERROR] [1738845653.415486317] [CompressedPublisher]: [16UC1] is not a color format. but [mono8] is. The conversion does not make sense[0m
[realsense2_camera_node-1] [31m[ERROR] [1738845653.428457240] [camera.camera]: cv_bridge exception: '[16UC1] is not a color format. but [bgr8] is. The conversion does not make sense'[0m
[realsense2_camera_node-1] [31m[ERROR] [1738845653.439288543] [compressed_depth_image_transport]: Compressed Depth Image Transport - Compression requires single-channel 32bit-floating  point or 16bit raw depth images (input format is: rgb8).[0m
[realsense2_camera_node-1] [31m[ERROR] [1738845653.464343295] [CompressedPublisher]: [16UC1] is not a color format. but [mono8] is. The conversion does not make sense[0m
[realsense2_camera_node-1] [31m[ERROR] [1738845653.479232326] [camera.camera]: cv_bridge exception: '[16UC1] is not a color format. but [bgr8] is. The conversion does not make sense'[0m
[realsense2_camera_node-1] [31m[ERROR] [1738845653.583561005] [CompressedPublisher]: [16UC1] is not a color format. but [mono8] is. The conversion does not make sense[0m
[realsense2_camera_node-1] [31m[ERROR] [1738845653.596930835] [camera.camera]: cv_bridge exception: '[16UC1] is not a color format. but [bgr8] is. The conversion does not make sense'[0m
[realsense2_camera_node-1] [31m[ERROR] [1738845653.606334921] [compressed_depth_image_transport]: Compressed Depth Image Transport - Compression requires single-channel 32bit-floating  point or 16bit raw depth images (input format is: rgb8).[0m
[realsense2_camera_node-1] [31m[ERROR] [1738845653.634058581] [CompressedPublisher]: [16UC1] is not a color format. but [mono8] is. The conversion does not make sense[0m
[realsense2_camera_node-1] [31m[ERROR] [1738845653.649483207] [camera.camera]: cv_bridge exception: '[16UC1] is not a color format. but [bgr8] is. The conversion does not make sense'[0m
[realsense2_camera_node-1] [31m[ERROR] [1738845653.751249905] [CompressedPublisher]: [16UC1] is not a color format. but [mono8] is. The conversion does not make sense[0m
[realsense2_camera_node-1] [31m[ERROR] [1738845653.767510769] [camera.camera]: cv_bridge exception: '[16UC1] is not a color format. but [bgr8] is. The conversion does not make sense'[0m
[realsense2_camera_node-1] [31m[ERROR] [1738845653.777152836] [compressed_depth_image_transport]: Compressed Depth Image Transport - Compression requires single-channel 32bit-floating  point or 16bit raw depth images (input format is: rgb8).[0m
[realsense2_camera_node-1] [31m[ERROR] [1738845653.800397444] [CompressedPublisher]: [16UC1] is not a color format. but [mono8] is. The conversion does not make sense[0m
[realsense2_camera_node-1] [31m[ERROR] [1738845653.816297390] [camera.camera]: cv_bridge exception: '[16UC1] is not a color format. but [bgr8] is. The conversion does not make sense'[0m
[realsense2_camera_node-1] [31m[ERROR] [1738845653.918168390] [CompressedPublisher]: [16UC1] is not a color format. but [mono8] is. The conversion does not make sense[0m
[realsense2_camera_node-1] [31m[ERROR] [1738845653.931000674] [camera.camera]: cv_bridge exception: '[16UC1] is not a color format. but [bgr8] is. The conversion does not make sense'[0m
[realsense2_camera_node-1] [31m[ERROR] [1738845653.940405858] [compressed_depth_image_transport]: Compressed Depth Image Transport - Compression requires single-channel 32bit-floating  point or 16bit raw depth images (input format is: rgb8).[0m
[realsense2_camera_node-1] [31m[ERROR] [1738845653.966014946] [CompressedPublisher]: [16UC1] is not a color format. but [mono8] is. The conversion does not make sense[0m
[realsense2_camera_node-1] [31m[ERROR] [1738845653.981034610] [camera.camera]: cv_bridge exception: '[16UC1] is not a color format. but [bgr8] is. The conversion does not make sense'[0m
[realsense2_camera_node-1] [31m[ERROR] [1738845654.083850047] [CompressedPublisher]: [16UC1] is not a color format. but [mono8] is. The conversion does not make sense[0m
[realsense2_camera_node-1] [31m[ERROR] [1738845654.099030665] [camera.camera]: cv_bridge exception: '[16UC1] is not a color format. but [bgr8] is. The conversion does not make sense'[0m
[realsense2_camera_node-1] [31m[ERROR] [1738845654.108613912] [compressed_depth_image_transport]: Compressed Depth Image Transport - Compression requires single-channel 32bit-floating  point or 16bit raw depth images (input format is: rgb8).[0m
[realsense2_camera_node-1] [31m[ERROR] [1738845654.132286602] [CompressedPublisher]: [16UC1] is not a color format. but [mono8] is. The conversion does not make sense[0m
[realsense2_camera_node-1] [31m[ERROR] [1738845654.149400125] [camera.camera]: cv_bridge exception: '[16UC1] is not a color format. but [bgr8] is. The conversion does not make sense'[0m
[realsense2_camera_node-1] [31m[ERROR] [1738845654.249954783] [CompressedPublisher]: [16UC1] is not a color format. but [mono8] is. The conversion does not make sense[0m
[realsense2_camera_node-1] [31m[ERROR] [1738845654.261711224] [camera.camera]: cv_bridge exception: '[16UC1] is not a color format. but [bgr8] is. The conversion does not make sense'[0m
[realsense2_camera_node-1] [31m[ERROR] [1738845654.270613227] [compressed_depth_image_transport]: Compressed Depth Image Transport - Compression requires single-channel 32bit-floating  point or 16bit raw depth images (input format is: rgb8).[0m
[realsense2_camera_node-1] [31m[ERROR] [1738845654.296737175] [CompressedPublisher]: [16UC1] is not a color format. but [mono8] is. The conversion does not make sense[0m
[realsense2_camera_node-1] [31m[ERROR] [1738845654.311904233] [camera.camera]: cv_bridge exception: '[16UC1] is not a color format. but [bgr8] is. The conversion does not make sense'[0m
[realsense2_camera_node-1] [31m[ERROR] [1738845654.416683014] [CompressedPublisher]: [16UC1] is not a color format. but [mono8] is. The conversion does not make sense[0m
[realsense2_camera_node-1] [31m[ERROR] [1738845654.430246090] [camera.camera]: cv_bridge exception: '[16UC1] is not a color format. but [bgr8] is. The conversion does not make sense'[0m
[realsense2_camera_node-1] [31m[ERROR] [1738845654.439639826] [compressed_depth_image_transport]: Compressed Depth Image Transport - Compression requires single-channel 32bit-floating  point or 16bit raw depth images (input format is: rgb8).[0m
[realsense2_camera_node-1] [31m[ERROR] [1738845654.463341259] [CompressedPublisher]: [16UC1] is not a color format. but [mono8] is. The conversion does not make sense[0m
[realsense2_camera_node-1] [31m[ERROR] [1738845654.480138812] [camera.camera]: cv_bridge exception: '[16UC1] is not a color format. but [bgr8] is. The conversion does not make sense'[0m
[realsense2_camera_node-1] [31m[ERROR] [1738845654.583650081] [CompressedPublisher]: [16UC1] is not a color format. but [mono8] is. The conversion does not make sense[0m
[realsense2_camera_node-1] [31m[ERROR] [1738845654.596092115] [camera.camera]: cv_bridge exception: '[16UC1] is not a color format. but [bgr8] is. The conversion does not make sense'[0m
[realsense2_camera_node-1] [31m[ERROR] [1738845654.605196809] [compressed_depth_image_transport]: Compressed Depth Image Transport - Compression requires single-channel 32bit-floating  point or 16bit raw depth images (input format is: rgb8).[0m
[realsense2_camera_node-1] [31m[ERROR] [1738845654.632234865] [CompressedPublisher]: [16UC1] is not a color format. but [mono8] is. The conversion does not make sense[0m
[realsense2_camera_node-1] [31m[ERROR] [1738845654.646735000] [camera.camera]: cv_bridge exception: '[16UC1] is not a color format. but [bgr8] is. The conversion does not make sense'[0m
[realsense2_camera_node-1] [31m[ERROR] [1738845654.750397067] [CompressedPublisher]: [16UC1] is not a color format. but [mono8] is. The conversion does not make sense[0m
[realsense2_camera_node-1] [31m[ERROR] [1738845654.765013459] [camera.camera]: cv_bridge exception: '[16UC1] is not a color format. but [bgr8] is. The conversion does not make sense'[0m
[realsense2_camera_node-1] [31m[ERROR] [1738845654.774206700] [compressed_depth_image_transport]: Compressed Depth Image Transport - Compression requires single-channel 32bit-floating  point or 16bit raw depth images (input format is: rgb8).[0m
[realsense2_camera_node-1] [31m[ERROR] [1738845654.800592067] [CompressedPublisher]: [16UC1] is not a color format. but [mono8] is. The conversion does not make sense[0m
[realsense2_camera_node-1] [31m[ERROR] [1738845654.817988233] [camera.camera]: cv_bridge exception: '[16UC1] is not a color format. but [bgr8] is. The conversion does not make sense'[0m
[realsense2_camera_node-1] [31m[ERROR] [1738845654.917703859] [CompressedPublisher]: [16UC1] is not a color format. but [mono8] is. The conversion does not make sense[0m
[realsense2_camera_node-1] [31m[ERROR] [1738845654.929915271] [camera.camera]: cv_bridge exception: '[16UC1] is not a color format. but [bgr8] is. The conversion does not make sense'[0m
[realsense2_camera_node-1] [31m[ERROR] [1738845654.938988694] [compressed_depth_image_transport]: Compressed Depth Image Transport - Compression requires single-channel 32bit-floating  point or 16bit raw depth images (input format is: rgb8).[0m
[realsense2_camera_node-1] [31m[ERROR] [1738845654.966545172] [CompressedPublisher]: [16UC1] is not a color format. but [mono8] is. The conversion does not make sense[0m
[realsense2_camera_node-1] [31m[ERROR] [1738845654.982355825] [camera.camera]: cv_bridge exception: '[16UC1] is not a color format. but [bgr8] is. The conversion does not make sense'[0m
[realsense2_camera_node-1] [31m[ERROR] [1738845655.087345805] [CompressedPublisher]: [16UC1] is not a color format. but [mono8] is. The conversion does not make sense[0m
[realsense2_camera_node-1] [31m[ERROR] [1738845655.099443614] [camera.camera]: cv_bridge exception: '[16UC1] is not a color format. but [bgr8] is. The conversion does not make sense'[0m
[realsense2_camera_node-1] [31m[ERROR] [1738845655.109376086] [compressed_depth_image_transport]: Compressed Depth Image Transport - Compression requires single-channel 32bit-floating  point or 16bit raw depth images (input format is: rgb8).[0m
[realsense2_camera_node-1] [31m[ERROR] [1738845655.134291614] [CompressedPublisher]: [16UC1] is not a color format. but [mono8] is. The conversion does not make sense[0m
[realsense2_camera_node-1] [31m[ERROR] [1738845655.149263503] [camera.camera]: cv_bridge exception: '[16UC1] is not a color format. but [bgr8] is. The conversion does not make sense'[0m
[realsense2_camera_node-1] [31m[ERROR] [1738845655.251903990] [CompressedPublisher]: [16UC1] is not a color format. but [mono8] is. The conversion does not make sense[0m
[realsense2_camera_node-1] [31m[ERROR] [1738845655.263821498] [camera.camera]: cv_bridge exception: '[16UC1] is not a color format. but [bgr8] is. The conversion does not make sense'[0m
[realsense2_camera_node-1] [31m[ERROR] [1738845655.272643808] [compressed_depth_image_transport]: Compressed Depth Image Transport - Compression requires single-channel 32bit-floating  point or 16bit raw depth images (input format is: rgb8).[0m
[realsense2_camera_node-1] [31m[ERROR] [1738845655.298875152] [CompressedPublisher]: [16UC1] is not a color format. but [mono8] is. The conversion does not make sense[0m
[realsense2_camera_node-1] [31m[ERROR] [1738845655.313597156] [camera.camera]: cv_bridge exception: '[16UC1] is not a color format. but [bgr8] is. The conversion does not make sense'[0m
[realsense2_camera_node-1] [31m[ERROR] [1738845655.420255174] [CompressedPublisher]: [16UC1] is not a color format. but [mono8] is. The conversion does not make sense[0m
[realsense2_camera_node-1] [31m[ERROR] [1738845655.432365351] [camera.camera]: cv_bridge exception: '[16UC1] is not a color format. but [bgr8] is. The conversion does not make sense'[0m
[realsense2_camera_node-1] [31m[ERROR] [1738845655.441386205] [compressed_depth_image_transport]: Compressed Depth Image Transport - Compression requires single-channel 32bit-floating  point or 16bit raw depth images (input format is: rgb8).[0m
[realsense2_camera_node-1] [31m[ERROR] [1738845655.464845437] [CompressedPublisher]: [16UC1] is not a color format. but [mono8] is. The conversion does not make sense[0m
[realsense2_camera_node-1] [31m[ERROR] [1738845655.480510489] [camera.camera]: cv_bridge exception: '[16UC1] is not a color format. but [bgr8] is. The conversion does not make sense'[0m
[realsense2_camera_node-1] [31m[ERROR] [1738845655.586108236] [CompressedPublisher]: [16UC1] is not a color format. but [mono8] is. The conversion does not make sense[0m
[realsense2_camera_node-1] [31m[ERROR] [1738845655.599246650] [camera.camera]: cv_bridge exception: '[16UC1] is not a color format. but [bgr8] is. The conversion does not make sense'[0m
[realsense2_camera_node-1] [31m[ERROR] [1738845655.609647646] [compressed_depth_image_transport]: Compressed Depth Image Transport - Compression requires single-channel 32bit-floating  point or 16bit raw depth images (input format is: rgb8).[0m
[realsense2_camera_node-1] [31m[ERROR] [1738845655.634820194] [CompressedPublisher]: [16UC1] is not a color format. but [mono8] is. The conversion does not make sense[0m
[realsense2_camera_node-1] [31m[ERROR] [1738845655.650336278] [camera.camera]: cv_bridge exception: '[16UC1] is not a color format. but [bgr8] is. The conversion does not make sense'[0m
[realsense2_camera_node-1] [31m[ERROR] [1738845655.755143477] [CompressedPublisher]: [16UC1] is not a color format. but [mono8] is. The conversion does not make sense[0m
[realsense2_camera_node-1] [31m[ERROR] [1738845655.767472263] [camera.camera]: cv_bridge exception: '[16UC1] is not a color format. but [bgr8] is. The conversion does not make sense'[0m
[realsense2_camera_node-1] [31m[ERROR] [1738845655.777568670] [compressed_depth_image_transport]: Compressed Depth Image Transport - Compression requires single-channel 32bit-floating  point or 16bit raw depth images (input format is: rgb8).[0m
[realsense2_camera_node-1] [31m[ERROR] [1738845655.807682438] [CompressedPublisher]: [16UC1] is not a color format. but [mono8] is. The conversion does not make sense[0m
[realsense2_camera_node-1] [31m[ERROR] [1738845655.822882304] [camera.camera]: cv_bridge exception: '[16UC1] is not a color format. but [bgr8] is. The conversion does not make sense'[0m
[realsense2_camera_node-1] [31m[ERROR] [1738845655.919820173] [CompressedPublisher]: [16UC1] is not a color format. but [mono8] is. The conversion does not make sense[0m
[realsense2_camera_node-1] [31m[ERROR] [1738845655.934551400] [camera.camera]: cv_bridge exception: '[16UC1] is not a color format. but [bgr8] is. The conversion does not make sense'[0m
[realsense2_camera_node-1] [31m[ERROR] [1738845655.947301700] [compressed_depth_image_transport]: Compressed Depth Image Transport - Compression requires single-channel 32bit-floating  point or 16bit raw depth images (input format is: rgb8).[0m
[realsense2_camera_node-1] [31m[ERROR] [1738845655.978005506] [CompressedPublisher]: [16UC1] is not a color format. but [mono8] is. The conversion does not make sense[0m
[realsense2_camera_node-1] [31m[ERROR] [1738845655.995446867] [camera.camera]: cv_bridge exception: '[16UC1] is not a color format. but [bgr8] is. The conversion does not make sense'[0m
[realsense2_camera_node-1] [31m[ERROR] [1738845656.087662989] [CompressedPublisher]: [16UC1] is not a color format. but [mono8] is. The conversion does not make sense[0m
[realsense2_camera_node-1] [31m[ERROR] [1738845656.102021354] [camera.camera]: cv_bridge exception: '[16UC1] is not a color format. but [bgr8] is. The conversion does not make sense'[0m
[realsense2_camera_node-1] [31m[ERROR] [1738845656.111965180] [compressed_depth_image_transport]: Compressed Depth Image Transport - Compression requires single-channel 32bit-floating  point or 16bit raw depth images (input format is: rgb8).[0m
[realsense2_camera_node-1] [31m[ERROR] [1738845656.138520232] [CompressedPublisher]: [16UC1] is not a color format. but [mono8] is. The conversion does not make sense[0m
[realsense2_camera_node-1] [31m[ERROR] [1738845656.153513928] [camera.camera]: cv_bridge exception: '[16UC1] is not a color format. but [bgr8] is. The conversion does not make sense'[0m
[realsense2_camera_node-1] [31m[ERROR] [1738845656.254059777] [CompressedPublisher]: [16UC1] is not a color format. but [mono8] is. The conversion does not make sense[0m
[realsense2_camera_node-1] [31m[ERROR] [1738845656.267654161] [camera.camera]: cv_bridge exception: '[16UC1] is not a color format. but [bgr8] is. The conversion does not make sense'[0m
[realsense2_camera_node-1] [31m[ERROR] [1738845656.278837798] [compressed_depth_image_transport]: Compressed Depth Image Transport - Compression requires single-channel 32bit-floating  point or 16bit raw depth images (input format is: rgb8).[0m
[realsense2_camera_node-1] [31m[ERROR] [1738845656.302505621] [CompressedPublisher]: [16UC1] is not a color format. but [mono8] is. The conversion does not make sense[0m
[realsense2_camera_node-1] [31m[ERROR] [1738845656.319173088] [camera.camera]: cv_bridge exception: '[16UC1] is not a color format. but [bgr8] is. The conversion does not make sense'[0m
[realsense2_camera_node-1] [31m[ERROR] [1738845656.421079714] [CompressedPublisher]: [16UC1] is not a color format. but [mono8] is. The conversion does not make sense[0m
[realsense2_camera_node-1] [31m[ERROR] [1738845656.432903966] [camera.camera]: cv_bridge exception: '[16UC1] is not a color format. but [bgr8] is. The conversion does not make sense'[0m
[realsense2_camera_node-1] [31m[ERROR] [1738845656.442536269] [compressed_depth_image_transport]: Compressed Depth Image Transport - Compression requires single-channel 32bit-floating  point or 16bit raw depth images (input format is: rgb8).[0m
[realsense2_camera_node-1] [31m[ERROR] [1738845656.467968180] [CompressedPublisher]: [16UC1] is not a color format. but [mono8] is. The conversion does not make sense[0m
[realsense2_camera_node-1] [31m[ERROR] [1738845656.482847407] [camera.camera]: cv_bridge exception: '[16UC1] is not a color format. but [bgr8] is. The conversion does not make sense'[0m
[realsense2_camera_node-1] [31m[ERROR] [1738845656.589302398] [CompressedPublisher]: [16UC1] is not a color format. but [mono8] is. The conversion does not make sense[0m
[realsense2_camera_node-1] [31m[ERROR] [1738845656.601849166] [camera.camera]: cv_bridge exception: '[16UC1] is not a color format. but [bgr8] is. The conversion does not make sense'[0m
[realsense2_camera_node-1] [31m[ERROR] [1738845656.611015176] [compressed_depth_image_transport]: Compressed Depth Image Transport - Compression requires single-channel 32bit-floating  point or 16bit raw depth images (input format is: rgb8).[0m
[realsense2_camera_node-1] [31m[ERROR] [1738845656.635131048] [CompressedPublisher]: [16UC1] is not a color format. but [mono8] is. The conversion does not make sense[0m
[realsense2_camera_node-1] [31m[ERROR] [1738845656.651273014] [camera.camera]: cv_bridge exception: '[16UC1] is not a color format. but [bgr8] is. The conversion does not make sense'[0m
[realsense2_camera_node-1] [31m[ERROR] [1738845656.755340058] [CompressedPublisher]: [16UC1] is not a color format. but [mono8] is. The conversion does not make sense[0m
[realsense2_camera_node-1] [31m[ERROR] [1738845656.766870492] [camera.camera]: cv_bridge exception: '[16UC1] is not a color format. but [bgr8] is. The conversion does not make sense'[0m
[realsense2_camera_node-1] [31m[ERROR] [1738845656.775790895] [compressed_depth_image_transport]: Compressed Depth Image Transport - Compression requires single-channel 32bit-floating  point or 16bit raw depth images (input format is: rgb8).[0m
[realsense2_camera_node-1] [31m[ERROR] [1738845656.802288216] [CompressedPublisher]: [16UC1] is not a color format. but [mono8] is. The conversion does not make sense[0m
[realsense2_camera_node-1] [31m[ERROR] [1738845656.816582680] [camera.camera]: cv_bridge exception: '[16UC1] is not a color format. but [bgr8] is. The conversion does not make sense'[0m
[realsense2_camera_node-1] [31m[ERROR] [1738845656.922268678] [CompressedPublisher]: [16UC1] is not a color format. but [mono8] is. The conversion does not make sense[0m
[realsense2_camera_node-1] [31m[ERROR] [1738845656.934135639] [camera.camera]: cv_bridge exception: '[16UC1] is not a color format. but [bgr8] is. The conversion does not make sense'[0m
[realsense2_camera_node-1] [31m[ERROR] [1738845656.945319129] [compressed_depth_image_transport]: Compressed Depth Image Transport - Compression requires single-channel 32bit-floating  point or 16bit raw depth images (input format is: rgb8).[0m
[realsense2_camera_node-1] [31m[ERROR] [1738845656.974822646] [CompressedPublisher]: [16UC1] is not a color format. but [mono8] is. The conversion does not make sense[0m
[realsense2_camera_node-1] [31m[ERROR] [1738845656.992123158] [camera.camera]: cv_bridge exception: '[16UC1] is not a color format. but [bgr8] is. The conversion does not make sense'[0m
[realsense2_camera_node-1] [31m[ERROR] [1738845657.091315713] [CompressedPublisher]: [16UC1] is not a color format. but [mono8] is. The conversion does not make sense[0m
[realsense2_camera_node-1] [31m[ERROR] [1738845657.104117313] [camera.camera]: cv_bridge exception: '[16UC1] is not a color format. but [bgr8] is. The conversion does not make sense'[0m
[realsense2_camera_node-1] [31m[ERROR] [1738845657.112694212] [compressed_depth_image_transport]: Compressed Depth Image Transport - Compression requires single-channel 32bit-floating  point or 16bit raw depth images (input format is: rgb8).[0m
[realsense2_camera_node-1] [31m[ERROR] [1738845657.135977697] [CompressedPublisher]: [16UC1] is not a color format. but [mono8] is. The conversion does not make sense[0m
[realsense2_camera_node-1] [31m[ERROR] [1738845657.152571219] [camera.camera]: cv_bridge exception: '[16UC1] is not a color format. but [bgr8] is. The conversion does not make sense'[0m
[realsense2_camera_node-1] [31m[ERROR] [1738845657.256404496] [CompressedPublisher]: [16UC1] is not a color format. but [mono8] is. The conversion does not make sense[0m
[realsense2_camera_node-1] [31m[ERROR] [1738845657.268809240] [camera.camera]: cv_bridge exception: '[16UC1] is not a color format. but [bgr8] is. The conversion does not make sense'[0m
[realsense2_camera_node-1] [31m[ERROR] [1738845657.277857135] [compressed_depth_image_transport]: Compressed Depth Image Transport - Compression requires single-channel 32bit-floating  point or 16bit raw depth images (input format is: rgb8).[0m
[realsense2_camera_node-1] [31m[ERROR] [1738845657.304138567] [CompressedPublisher]: [16UC1] is not a color format. but [mono8] is. The conversion does not make sense[0m
[realsense2_camera_node-1] [31m[ERROR] [1738845657.319007895] [camera.camera]: cv_bridge exception: '[16UC1] is not a color format. but [bgr8] is. The conversion does not make sense'[0m
[realsense2_camera_node-1] [31m[ERROR] [1738845657.423364473] [CompressedPublisher]: [16UC1] is not a color format. but [mono8] is. The conversion does not make sense[0m
[realsense2_camera_node-1] [31m[ERROR] [1738845657.437029554] [camera.camera]: cv_bridge exception: '[16UC1] is not a color format. but [bgr8] is. The conversion does not make sense'[0m
[realsense2_camera_node-1] [31m[ERROR] [1738845657.447873281] [compressed_depth_image_transport]: Compressed Depth Image Transport - Compression requires single-channel 32bit-floating  point or 16bit raw depth images (input format is: rgb8).[0m
[realsense2_camera_node-1] [31m[ERROR] [1738845657.472585044] [CompressedPublisher]: [16UC1] is not a color format. but [mono8] is. The conversion does not make sense[0m
[realsense2_camera_node-1] [31m[ERROR] [1738845657.489313469] [camera.camera]: cv_bridge exception: '[16UC1] is not a color format. but [bgr8] is. The conversion does not make sense'[0m
[realsense2_camera_node-1] [31m[ERROR] [1738845657.590483297] [CompressedPublisher]: [16UC1] is not a color format. but [mono8] is. The conversion does not make sense[0m
[realsense2_camera_node-1] [31m[ERROR] [1738845657.603980936] [camera.camera]: cv_bridge exception: '[16UC1] is not a color format. but [bgr8] is. The conversion does not make sense'[0m
[realsense2_camera_node-1] [31m[ERROR] [1738845657.614798836] [compressed_depth_image_transport]: Compressed Depth Image Transport - Compression requires single-channel 32bit-floating  point or 16bit raw depth images (input format is: rgb8).[0m
[realsense2_camera_node-1] [31m[ERROR] [1738845657.640563932] [CompressedPublisher]: [16UC1] is not a color format. but [mono8] is. The conversion does not make sense[0m
[realsense2_camera_node-1] [31m[ERROR] [1738845657.655864027] [camera.camera]: cv_bridge exception: '[16UC1] is not a color format. but [bgr8] is. The conversion does not make sense'[0m
[realsense2_camera_node-1] [31m[ERROR] [1738845657.757199529] [CompressedPublisher]: [16UC1] is not a color format. but [mono8] is. The conversion does not make sense[0m
[realsense2_camera_node-1] [31m[ERROR] [1738845657.768759395] [camera.camera]: cv_bridge exception: '[16UC1] is not a color format. but [bgr8] is. The conversion does not make sense'[0m
[realsense2_camera_node-1] [31m[ERROR] [1738845657.778233277] [compressed_depth_image_transport]: Compressed Depth Image Transport - Compression requires single-channel 32bit-floating  point or 16bit raw depth images (input format is: rgb8).[0m
[realsense2_camera_node-1] [31m[ERROR] [1738845657.805610120] [CompressedPublisher]: [16UC1] is not a color format. but [mono8] is. The conversion does not make sense[0m
[realsense2_camera_node-1] [31m[ERROR] [1738845657.820063845] [camera.camera]: cv_bridge exception: '[16UC1] is not a color format. but [bgr8] is. The conversion does not make sense'[0m
[realsense2_camera_node-1] [31m[ERROR] [1738845657.924156038] [CompressedPublisher]: [16UC1] is not a color format. but [mono8] is. The conversion does not make sense[0m
[realsense2_camera_node-1] [31m[ERROR] [1738845657.936989769] [camera.camera]: cv_bridge exception: '[16UC1] is not a color format. but [bgr8] is. The conversion does not make sense'[0m
[realsense2_camera_node-1] [31m[ERROR] [1738845657.946490835] [compressed_depth_image_transport]: Compressed Depth Image Transport - Compression requires single-channel 32bit-floating  point or 16bit raw depth images (input format is: rgb8).[0m
[realsense2_camera_node-1] [31m[ERROR] [1738845657.972031714] [CompressedPublisher]: [16UC1] is not a color format. but [mono8] is. The conversion does not make sense[0m
[realsense2_camera_node-1] [31m[ERROR] [1738845657.987437552] [camera.camera]: cv_bridge exception: '[16UC1] is not a color format. but [bgr8] is. The conversion does not make sense'[0m
[realsense2_camera_node-1] [31m[ERROR] [1738845658.091287450] [CompressedPublisher]: [16UC1] is not a color format. but [mono8] is. The conversion does not make sense[0m
[realsense2_camera_node-1] [31m[ERROR] [1738845658.102742348] [camera.camera]: cv_bridge exception: '[16UC1] is not a color format. but [bgr8] is. The conversion does not make sense'[0m
[realsense2_camera_node-1] [31m[ERROR] [1738845658.111933947] [compressed_depth_image_transport]: Compressed Depth Image Transport - Compression requires single-channel 32bit-floating  point or 16bit raw depth images (input format is: rgb8).[0m
[realsense2_camera_node-1] [31m[ERROR] [1738845658.139697491] [CompressedPublisher]: [16UC1] is not a color format. but [mono8] is. The conversion does not make sense[0m
[realsense2_camera_node-1] [31m[ERROR] [1738845658.153467599] [camera.camera]: cv_bridge exception: '[16UC1] is not a color format. but [bgr8] is. The conversion does not make sense'[0m
[realsense2_camera_node-1] [31m[ERROR] [1738845658.260783351] [CompressedPublisher]: [16UC1] is not a color format. but [mono8] is. The conversion does not make sense[0m
[realsense2_camera_node-1] [31m[ERROR] [1738845658.271910312] [camera.camera]: cv_bridge exception: '[16UC1] is not a color format. but [bgr8] is. The conversion does not make sense'[0m
[realsense2_camera_node-1] [31m[ERROR] [1738845658.280352095] [compressed_depth_image_transport]: Compressed Depth Image Transport - Compression requires single-channel 32bit-floating  point or 16bit raw depth images (input format is: rgb8).[0m
[realsense2_camera_node-1] [31m[ERROR] [1738845658.308406039] [CompressedPublisher]: [16UC1] is not a color format. but [mono8] is. The conversion does not make sense[0m
[realsense2_camera_node-1] [31m[ERROR] [1738845658.322625681] [camera.camera]: cv_bridge exception: '[16UC1] is not a color format. but [bgr8] is. The conversion does not make sense'[0m
[realsense2_camera_node-1] [31m[ERROR] [1738845658.425427115] [CompressedPublisher]: [16UC1] is not a color format. but [mono8] is. The conversion does not make sense[0m
[realsense2_camera_node-1] [31m[ERROR] [1738845658.440020500] [camera.camera]: cv_bridge exception: '[16UC1] is not a color format. but [bgr8] is. The conversion does not make sense'[0m
[realsense2_camera_node-1] [31m[ERROR] [1738845658.448665876] [compressed_depth_image_transport]: Compressed Depth Image Transport - Compression requires single-channel 32bit-floating  point or 16bit raw depth images (input format is: rgb8).[0m
[realsense2_camera_node-1] [31m[ERROR] [1738845658.473365983] [CompressedPublisher]: [16UC1] is not a color format. but [mono8] is. The conversion does not make sense[0m
[realsense2_camera_node-1] [31m[ERROR] [1738845658.489699978] [camera.camera]: cv_bridge exception: '[16UC1] is not a color format. but [bgr8] is. The conversion does not make sense'[0m
[realsense2_camera_node-1] [31m[ERROR] [1738845658.592578847] [CompressedPublisher]: [16UC1] is not a color format. but [mono8] is. The conversion does not make sense[0m
[realsense2_camera_node-1] [31m[ERROR] [1738845658.604886266] [camera.camera]: cv_bridge exception: '[16UC1] is not a color format. but [bgr8] is. The conversion does not make sense'[0m
[realsense2_camera_node-1] [31m[ERROR] [1738845658.615369760] [compressed_depth_image_transport]: Compressed Depth Image Transport - Compression requires single-channel 32bit-floating  point or 16bit raw depth images (input format is: rgb8).[0m
[realsense2_camera_node-1] [31m[ERROR] [1738845658.639246634] [CompressedPublisher]: [16UC1] is not a color format. but [mono8] is. The conversion does not make sense[0m
[realsense2_camera_node-1] [31m[ERROR] [1738845658.656060090] [camera.camera]: cv_bridge exception: '[16UC1] is not a color format. but [bgr8] is. The conversion does not make sense'[0m
[realsense2_camera_node-1] [31m[ERROR] [1738845658.759579089] [CompressedPublisher]: [16UC1] is not a color format. but [mono8] is. The conversion does not make sense[0m
[realsense2_camera_node-1] [31m[ERROR] [1738845658.771600220] [camera.camera]: cv_bridge exception: '[16UC1] is not a color format. but [bgr8] is. The conversion does not make sense'[0m
[realsense2_camera_node-1] [31m[ERROR] [1738845658.780647552] [compressed_depth_image_transport]: Compressed Depth Image Transport - Compression requires single-channel 32bit-floating  point or 16bit raw depth images (input format is: rgb8).[0m
[realsense2_camera_node-1] [31m[ERROR] [1738845658.811714531] [CompressedPublisher]: [16UC1] is not a color format. but [mono8] is. The conversion does not make sense[0m
[realsense2_camera_node-1] [31m[ERROR] [1738845658.828439045] [camera.camera]: cv_bridge exception: '[16UC1] is not a color format. but [bgr8] is. The conversion does not make sense'[0m
[realsense2_camera_node-1] [31m[ERROR] [1738845658.927724919] [CompressedPublisher]: [16UC1] is not a color format. but [mono8] is. The conversion does not make sense[0m
[realsense2_camera_node-1] [31m[ERROR] [1738845658.940129141] [camera.camera]: cv_bridge exception: '[16UC1] is not a color format. but [bgr8] is. The conversion does not make sense'[0m
[realsense2_camera_node-1] [31m[ERROR] [1738845658.949389762] [compressed_depth_image_transport]: Compressed Depth Image Transport - Compression requires single-channel 32bit-floating  point or 16bit raw depth images (input format is: rgb8).[0m
[realsense2_camera_node-1] [31m[ERROR] [1738845658.974906727] [CompressedPublisher]: [16UC1] is not a color format. but [mono8] is. The conversion does not make sense[0m
[realsense2_camera_node-1] [31m[ERROR] [1738845658.993944559] [camera.camera]: cv_bridge exception: '[16UC1] is not a color format. but [bgr8] is. The conversion does not make sense'[0m
[realsense2_camera_node-1] [31m[ERROR] [1738845659.096433703] [CompressedPublisher]: [16UC1] is not a color format. but [mono8] is. The conversion does not make sense[0m
[realsense2_camera_node-1] [31m[ERROR] [1738845659.113528984] [camera.camera]: cv_bridge exception: '[16UC1] is not a color format. but [bgr8] is. The conversion does not make sense'[0m
[realsense2_camera_node-1] [31m[ERROR] [1738845659.123426347] [compressed_depth_image_transport]: Compressed Depth Image Transport - Compression requires single-channel 32bit-floating  point or 16bit raw depth images (input format is: rgb8).[0m
[realsense2_camera_node-1] [31m[ERROR] [1738845659.154805888] [CompressedPublisher]: [16UC1] is not a color format. but [mono8] is. The conversion does not make sense[0m
[realsense2_camera_node-1] [31m[ERROR] [1738845659.174600031] [camera.camera]: cv_bridge exception: '[16UC1] is not a color format. but [bgr8] is. The conversion does not make sense'[0m
[realsense2_camera_node-1] [31m[ERROR] [1738845659.263679403] [CompressedPublisher]: [16UC1] is not a color format. but [mono8] is. The conversion does not make sense[0m
[realsense2_camera_node-1] [31m[ERROR] [1738845659.280211242] [camera.camera]: cv_bridge exception: '[16UC1] is not a color format. but [bgr8] is. The conversion does not make sense'[0m
[realsense2_camera_node-1] [31m[ERROR] [1738845659.292055488] [compressed_depth_image_transport]: Compressed Depth Image Transport - Compression requires single-channel 32bit-floating  point or 16bit raw depth images (input format is: rgb8).[0m
[realsense2_camera_node-1] [31m[ERROR] [1738845659.311808670] [CompressedPublisher]: [16UC1] is not a color format. but [mono8] is. The conversion does not make sense[0m
[realsense2_camera_node-1] [31m[ERROR] [1738845659.326666831] [camera.camera]: cv_bridge exception: '[16UC1] is not a color format. but [bgr8] is. The conversion does not make sense'[0m
[realsense2_camera_node-1] [31m[ERROR] [1738845659.429414326] [CompressedPublisher]: [16UC1] is not a color format. but [mono8] is. The conversion does not make sense[0m
[realsense2_camera_node-1] [31m[ERROR] [1738845659.441221064] [camera.camera]: cv_bridge exception: '[16UC1] is not a color format. but [bgr8] is. The conversion does not make sense'[0m
[realsense2_camera_node-1] [31m[ERROR] [1738845659.450379678] [compressed_depth_image_transport]: Compressed Depth Image Transport - Compression requires single-channel 32bit-floating  point or 16bit raw depth images (input format is: rgb8).[0m
[realsense2_camera_node-1] [31m[ERROR] [1738845659.474047456] [CompressedPublisher]: [16UC1] is not a color format. but [mono8] is. The conversion does not make sense[0m
[realsense2_camera_node-1] [31m[ERROR] [1738845659.488892968] [camera.camera]: cv_bridge exception: '[16UC1] is not a color format. but [bgr8] is. The conversion does not make sense'[0m
[realsense2_camera_node-1] [31m[ERROR] [1738845659.597891415] [CompressedPublisher]: [16UC1] is not a color format. but [mono8] is. The conversion does not make sense[0m
[realsense2_camera_node-1] [31m[ERROR] [1738845659.614769921] [camera.camera]: cv_bridge exception: '[16UC1] is not a color format. but [bgr8] is. The conversion does not make sense'[0m
[realsense2_camera_node-1] [31m[ERROR] [1738845659.624625882] [compressed_depth_image_transport]: Compressed Depth Image Transport - Compression requires single-channel 32bit-floating  point or 16bit raw depth images (input format is: rgb8).[0m
[realsense2_camera_node-1] [31m[ERROR] [1738845659.647408981] [CompressedPublisher]: [16UC1] is not a color format. but [mono8] is. The conversion does not make sense[0m
[realsense2_camera_node-1] [31m[ERROR] [1738845659.664540029] [camera.camera]: cv_bridge exception: '[16UC1] is not a color format. but [bgr8] is. The conversion does not make sense'[0m
[realsense2_camera_node-1] [31m[ERROR] [1738845659.762516806] [CompressedPublisher]: [16UC1] is not a color format. but [mono8] is. The conversion does not make sense[0m
[realsense2_camera_node-1] [31m[ERROR] [1738845659.774554998] [camera.camera]: cv_bridge exception: '[16UC1] is not a color format. but [bgr8] is. The conversion does not make sense'[0m
[realsense2_camera_node-1] [31m[ERROR] [1738845659.784652618] [compressed_depth_image_transport]: Compressed Depth Image Transport - Compression requires single-channel 32bit-floating  point or 16bit raw depth images (input format is: rgb8).[0m
[realsense2_camera_node-1] [31m[ERROR] [1738845659.810083321] [CompressedPublisher]: [16UC1] is not a color format. but [mono8] is. The conversion does not make sense[0m
[realsense2_camera_node-1] [31m[ERROR] [1738845659.825371310] [camera.camera]: cv_bridge exception: '[16UC1] is not a color format. but [bgr8] is. The conversion does not make sense'[0m
[realsense2_camera_node-1] [31m[ERROR] [1738845659.928919907] [CompressedPublisher]: [16UC1] is not a color format. but [mono8] is. The conversion does not make sense[0m
[realsense2_camera_node-1] [31m[ERROR] [1738845659.942821155] [camera.camera]: cv_bridge exception: '[16UC1] is not a color format. but [bgr8] is. The conversion does not make sense'[0m
[realsense2_camera_node-1] [31m[ERROR] [1738845659.952094314] [compressed_depth_image_transport]: Compressed Depth Image Transport - Compression requires single-channel 32bit-floating  point or 16bit raw depth images (input format is: rgb8).[0m
[realsense2_camera_node-1] [31m[ERROR] [1738845659.975117165] [CompressedPublisher]: [16UC1] is not a color format. but [mono8] is. The conversion does not make sense[0m
[realsense2_camera_node-1] [31m[ERROR] [1738845659.992214236] [camera.camera]: cv_bridge exception: '[16UC1] is not a color format. but [bgr8] is. The conversion does not make sense'[0m
[realsense2_camera_node-1] [31m[ERROR] [1738845660.095957365] [CompressedPublisher]: [16UC1] is not a color format. but [mono8] is. The conversion does not make sense[0m
[realsense2_camera_node-1] [31m[ERROR] [1738845660.107805408] [camera.camera]: cv_bridge exception: '[16UC1] is not a color format. but [bgr8] is. The conversion does not make sense'[0m
[realsense2_camera_node-1] [31m[ERROR] [1738845660.116931989] [compressed_depth_image_transport]: Compressed Depth Image Transport - Compression requires single-channel 32bit-floating  point or 16bit raw depth images (input format is: rgb8).[0m
[realsense2_camera_node-1] [31m[ERROR] [1738845660.144262096] [CompressedPublisher]: [16UC1] is not a color format. but [mono8] is. The conversion does not make sense[0m
[realsense2_camera_node-1] [31m[ERROR] [1738845660.163268551] [camera.camera]: cv_bridge exception: '[16UC1] is not a color format. but [bgr8] is. The conversion does not make sense'[0m
[realsense2_camera_node-1] [31m[ERROR] [1738845660.265870530] [CompressedPublisher]: [16UC1] is not a color format. but [mono8] is. The conversion does not make sense[0m
[realsense2_camera_node-1] [31m[ERROR] [1738845660.283015317] [camera.camera]: cv_bridge exception: '[16UC1] is not a color format. but [bgr8] is. The conversion does not make sense'[0m
[realsense2_camera_node-1] [31m[ERROR] [1738845660.294177358] [compressed_depth_image_transport]: Compressed Depth Image Transport - Compression requires single-channel 32bit-floating  point or 16bit raw depth images (input format is: rgb8).[0m
[realsense2_camera_node-1] [31m[ERROR] [1738845660.326378053] [CompressedPublisher]: [16UC1] is not a color format. but [mono8] is. The conversion does not make sense[0m
[realsense2_camera_node-1] [31m[ERROR] [1738845660.342443049] [camera.camera]: cv_bridge exception: '[16UC1] is not a color format. but [bgr8] is. The conversion does not make sense'[0m
[realsense2_camera_node-1] [31m[ERROR] [1738845660.429729458] [CompressedPublisher]: [16UC1] is not a color format. but [mono8] is. The conversion does not make sense[0m
[realsense2_camera_node-1] [31m[ERROR] [1738845660.444506419] [camera.camera]: cv_bridge exception: '[16UC1] is not a color format. but [bgr8] is. The conversion does not make sense'[0m
[realsense2_camera_node-1] [31m[ERROR] [1738845660.453659545] [compressed_depth_image_transport]: Compressed Depth Image Transport - Compression requires single-channel 32bit-floating  point or 16bit raw depth images (input format is: rgb8).[0m
[realsense2_camera_node-1] [31m[ERROR] [1738845660.477888134] [CompressedPublisher]: [16UC1] is not a color format. but [mono8] is. The conversion does not make sense[0m
[realsense2_camera_node-1] [31m[ERROR] [1738845660.496791514] [camera.camera]: cv_bridge exception: '[16UC1] is not a color format. but [bgr8] is. The conversion does not make sense'[0m
[realsense2_camera_node-1] [31m[ERROR] [1738845660.597011635] [CompressedPublisher]: [16UC1] is not a color format. but [mono8] is. The conversion does not make sense[0m
[realsense2_camera_node-1] [31m[ERROR] [1738845660.608619154] [camera.camera]: cv_bridge exception: '[16UC1] is not a color format. but [bgr8] is. The conversion does not make sense'[0m
[realsense2_camera_node-1] [31m[ERROR] [1738845660.617586800] [compressed_depth_image_transport]: Compressed Depth Image Transport - Compression requires single-channel 32bit-floating  point or 16bit raw depth images (input format is: rgb8).[0m
[realsense2_camera_node-1] [31m[ERROR] [1738845660.647934206] [CompressedPublisher]: [16UC1] is not a color format. but [mono8] is. The conversion does not make sense[0m
[realsense2_camera_node-1] [31m[ERROR] [1738845660.668080303] [camera.camera]: cv_bridge exception: '[16UC1] is not a color format. but [bgr8] is. The conversion does not make sense'[0m
[realsense2_camera_node-1] [31m[ERROR] [1738845660.764341011] [CompressedPublisher]: [16UC1] is not a color format. but [mono8] is. The conversion does not make sense[0m
[realsense2_camera_node-1] [31m[ERROR] [1738845660.778542433] [camera.camera]: cv_bridge exception: '[16UC1] is not a color format. but [bgr8] is. The conversion does not make sense'[0m
[realsense2_camera_node-1] [31m[ERROR] [1738845660.788733584] [compressed_depth_image_transport]: Compressed Depth Image Transport - Compression requires single-channel 32bit-floating  point or 16bit raw depth images (input format is: rgb8).[0m
[realsense2_camera_node-1] [31m[ERROR] [1738845660.812352634] [CompressedPublisher]: [16UC1] is not a color format. but [mono8] is. The conversion does not make sense[0m
[realsense2_camera_node-1] [31m[ERROR] [1738845660.829967489] [camera.camera]: cv_bridge exception: '[16UC1] is not a color format. but [bgr8] is. The conversion does not make sense'[0m
[realsense2_camera_node-1] [31m[ERROR] [1738845660.934128664] [CompressedPublisher]: [16UC1] is not a color format. but [mono8] is. The conversion does not make sense[0m
[realsense2_camera_node-1] [31m[ERROR] [1738845660.951467243] [camera.camera]: cv_bridge exception: '[16UC1] is not a color format. but [bgr8] is. The conversion does not make sense'[0m
[realsense2_camera_node-1] [31m[ERROR] [1738845660.961330392] [compressed_depth_image_transport]: Compressed Depth Image Transport - Compression requires single-channel 32bit-floating  point or 16bit raw depth images (input format is: rgb8).[0m
[realsense2_camera_node-1] [31m[ERROR] [1738845660.985473848] [CompressedPublisher]: [16UC1] is not a color format. but [mono8] is. The conversion does not make sense[0m
[realsense2_camera_node-1] [31m[ERROR] [1738845661.000122901] [camera.camera]: cv_bridge exception: '[16UC1] is not a color format. but [bgr8] is. The conversion does not make sense'[0m
[realsense2_camera_node-1] [31m[ERROR] [1738845661.101235570] [CompressedPublisher]: [16UC1] is not a color format. but [mono8] is. The conversion does not make sense[0m
[realsense2_camera_node-1] [31m[ERROR] [1738845661.113321117] [camera.camera]: cv_bridge exception: '[16UC1] is not a color format. but [bgr8] is. The conversion does not make sense'[0m
[realsense2_camera_node-1] [31m[ERROR] [1738845661.122199295] [compressed_depth_image_transport]: Compressed Depth Image Transport - Compression requires single-channel 32bit-floating  point or 16bit raw depth images (input format is: rgb8).[0m
[realsense2_camera_node-1] [31m[ERROR] [1738845661.146831197] [CompressedPublisher]: [16UC1] is not a color format. but [mono8] is. The conversion does not make sense[0m
[realsense2_camera_node-1] [31m[ERROR] [1738845661.161591965] [camera.camera]: cv_bridge exception: '[16UC1] is not a color format. but [bgr8] is. The conversion does not make sense'[0m
[realsense2_camera_node-1] [31m[ERROR] [1738845661.265258258] [CompressedPublisher]: [16UC1] is not a color format. but [mono8] is. The conversion does not make sense[0m
[realsense2_camera_node-1] [31m[ERROR] [1738845661.277399793] [camera.camera]: cv_bridge exception: '[16UC1] is not a color format. but [bgr8] is. The conversion does not make sense'[0m
[realsense2_camera_node-1] [31m[ERROR] [1738845661.288843006] [compressed_depth_image_transport]: Compressed Depth Image Transport - Compression requires single-channel 32bit-floating  point or 16bit raw depth images (input format is: rgb8).[0m
[realsense2_camera_node-1] [31m[ERROR] [1738845661.322103650] [CompressedPublisher]: [16UC1] is not a color format. but [mono8] is. The conversion does not make sense[0m
[realsense2_camera_node-1] [31m[ERROR] [1738845661.339244085] [camera.camera]: cv_bridge exception: '[16UC1] is not a color format. but [bgr8] is. The conversion does not make sense'[0m
[realsense2_camera_node-1] [31m[ERROR] [1738845661.432424925] [CompressedPublisher]: [16UC1] is not a color format. but [mono8] is. The conversion does not make sense[0m
[realsense2_camera_node-1] [31m[ERROR] [1738845661.444595810] [camera.camera]: cv_bridge exception: '[16UC1] is not a color format. but [bgr8] is. The conversion does not make sense'[0m
[realsense2_camera_node-1] [31m[ERROR] [1738845661.453763886] [compressed_depth_image_transport]: Compressed Depth Image Transport - Compression requires single-channel 32bit-floating  point or 16bit raw depth images (input format is: rgb8).[0m
[realsense2_camera_node-1] [31m[ERROR] [1738845661.479856149] [CompressedPublisher]: [16UC1] is not a color format. but [mono8] is. The conversion does not make sense[0m
[realsense2_camera_node-1] [31m[ERROR] [1738845661.494394224] [camera.camera]: cv_bridge exception: '[16UC1] is not a color format. but [bgr8] is. The conversion does not make sense'[0m
[realsense2_camera_node-1] [31m[ERROR] [1738845661.600712755] [CompressedPublisher]: [16UC1] is not a color format. but [mono8] is. The conversion does not make sense[0m
[realsense2_camera_node-1] [31m[ERROR] [1738845661.612969515] [camera.camera]: cv_bridge exception: '[16UC1] is not a color format. but [bgr8] is. The conversion does not make sense'[0m
[realsense2_camera_node-1] [31m[ERROR] [1738845661.622185112] [compressed_depth_image_transport]: Compressed Depth Image Transport - Compression requires single-channel 32bit-floating  point or 16bit raw depth images (input format is: rgb8).[0m
[realsense2_camera_node-1] [31m[ERROR] [1738845661.648127888] [CompressedPublisher]: [16UC1] is not a color format. but [mono8] is. The conversion does not make sense[0m
[realsense2_camera_node-1] [31m[ERROR] [1738845661.662713891] [camera.camera]: cv_bridge exception: '[16UC1] is not a color format. but [bgr8] is. The conversion does not make sense'[0m
[realsense2_camera_node-1] [31m[ERROR] [1738845661.769236866] [CompressedPublisher]: [16UC1] is not a color format. but [mono8] is. The conversion does not make sense[0m
[realsense2_camera_node-1] [31m[ERROR] [1738845661.784865927] [camera.camera]: cv_bridge exception: '[16UC1] is not a color format. but [bgr8] is. The conversion does not make sense'[0m
[realsense2_camera_node-1] [31m[ERROR] [1738845661.794343237] [compressed_depth_image_transport]: Compressed Depth Image Transport - Compression requires single-channel 32bit-floating  point or 16bit raw depth images (input format is: rgb8).[0m
[realsense2_camera_node-1] [31m[ERROR] [1738845661.818807009] [CompressedPublisher]: [16UC1] is not a color format. but [mono8] is. The conversion does not make sense[0m
[realsense2_camera_node-1] [31m[ERROR] [1738845661.835185985] [camera.camera]: cv_bridge exception: '[16UC1] is not a color format. but [bgr8] is. The conversion does not make sense'[0m
[realsense2_camera_node-1] [31m[ERROR] [1738845661.934811810] [CompressedPublisher]: [16UC1] is not a color format. but [mono8] is. The conversion does not make sense[0m
[realsense2_camera_node-1] [31m[ERROR] [1738845661.946531497] [camera.camera]: cv_bridge exception: '[16UC1] is not a color format. but [bgr8] is. The conversion does not make sense'[0m
[realsense2_camera_node-1] [31m[ERROR] [1738845661.955523441] [compressed_depth_image_transport]: Compressed Depth Image Transport - Compression requires single-channel 32bit-floating  point or 16bit raw depth images (input format is: rgb8).[0m
[realsense2_camera_node-1] [31m[ERROR] [1738845661.980989755] [CompressedPublisher]: [16UC1] is not a color format. but [mono8] is. The conversion does not make sense[0m
[realsense2_camera_node-1] [31m[ERROR] [1738845661.996017927] [camera.camera]: cv_bridge exception: '[16UC1] is not a color format. but [bgr8] is. The conversion does not make sense'[0m
[realsense2_camera_node-1] [31m[ERROR] [1738845662.100268322] [CompressedPublisher]: [16UC1] is not a color format. but [mono8] is. The conversion does not make sense[0m
[realsense2_camera_node-1] [31m[ERROR] [1738845662.112344587] [camera.camera]: cv_bridge exception: '[16UC1] is not a color format. but [bgr8] is. The conversion does not make sense'[0m
[realsense2_camera_node-1] [31m[ERROR] [1738845662.124019074] [compressed_depth_image_transport]: Compressed Depth Image Transport - Compression requires single-channel 32bit-floating  point or 16bit raw depth images (input format is: rgb8).[0m
[realsense2_camera_node-1] [31m[ERROR] [1738845662.157118043] [CompressedPublisher]: [16UC1] is not a color format. but [mono8] is. The conversion does not make sense[0m
[realsense2_camera_node-1] [31m[ERROR] [1738845662.174429206] [camera.camera]: cv_bridge exception: '[16UC1] is not a color format. but [bgr8] is. The conversion does not make sense'[0m
[realsense2_camera_node-1] [31m[ERROR] [1738845662.269470870] [CompressedPublisher]: [16UC1] is not a color format. but [mono8] is. The conversion does not make sense[0m
[realsense2_camera_node-1] [31m[ERROR] [1738845662.282308744] [camera.camera]: cv_bridge exception: '[16UC1] is not a color format. but [bgr8] is. The conversion does not make sense'[0m
[realsense2_camera_node-1] [31m[ERROR] [1738845662.291549319] [compressed_depth_image_transport]: Compressed Depth Image Transport - Compression requires single-channel 32bit-floating  point or 16bit raw depth images (input format is: rgb8).[0m
[realsense2_camera_node-1] [31m[ERROR] [1738845662.316573033] [CompressedPublisher]: [16UC1] is not a color format. but [mono8] is. The conversion does not make sense[0m
[realsense2_camera_node-1] [31m[ERROR] [1738845662.331704106] [camera.camera]: cv_bridge exception: '[16UC1] is not a color format. but [bgr8] is. The conversion does not make sense'[0m
[realsense2_camera_node-1] [31m[ERROR] [1738845662.434627943] [CompressedPublisher]: [16UC1] is not a color format. but [mono8] is. The conversion does not make sense[0m
[realsense2_camera_node-1] [31m[ERROR] [1738845662.448075661] [camera.camera]: cv_bridge exception: '[16UC1] is not a color format. but [bgr8] is. The conversion does not make sense'[0m
[realsense2_camera_node-1] [31m[ERROR] [1738845662.458105633] [compressed_depth_image_transport]: Compressed Depth Image Transport - Compression requires single-channel 32bit-floating  point or 16bit raw depth images (input format is: rgb8).[0m
[realsense2_camera_node-1] [31m[ERROR] [1738845662.482402340] [CompressedPublisher]: [16UC1] is not a color format. but [mono8] is. The conversion does not make sense[0m
[realsense2_camera_node-1] [31m[ERROR] [1738845662.498908546] [camera.camera]: cv_bridge exception: '[16UC1] is not a color format. but [bgr8] is. The conversion does not make sense'[0m
[realsense2_camera_node-1] [31m[ERROR] [1738845662.601696015] [CompressedPublisher]: [16UC1] is not a color format. but [mono8] is. The conversion does not make sense[0m
[realsense2_camera_node-1] [31m[ERROR] [1738845662.613765793] [camera.camera]: cv_bridge exception: '[16UC1] is not a color format. but [bgr8] is. The conversion does not make sense'[0m
[realsense2_camera_node-1] [31m[ERROR] [1738845662.623020949] [compressed_depth_image_transport]: Compressed Depth Image Transport - Compression requires single-channel 32bit-floating  point or 16bit raw depth images (input format is: rgb8).[0m
[realsense2_camera_node-1] [31m[ERROR] [1738845662.649089409] [CompressedPublisher]: [16UC1] is not a color format. but [mono8] is. The conversion does not make sense[0m
[realsense2_camera_node-1] [31m[ERROR] [1738845662.663721143] [camera.camera]: cv_bridge exception: '[16UC1] is not a color format. but [bgr8] is. The conversion does not make sense'[0m
[realsense2_camera_node-1] [31m[ERROR] [1738845662.768723227] [CompressedPublisher]: [16UC1] is not a color format. but [mono8] is. The conversion does not make sense[0m
[realsense2_camera_node-1] [31m[ERROR] [1738845662.780944625] [camera.camera]: cv_bridge exception: '[16UC1] is not a color format. but [bgr8] is. The conversion does not make sense'[0m
[realsense2_camera_node-1] [31m[ERROR] [1738845662.790419172] [compressed_depth_image_transport]: Compressed Depth Image Transport - Compression requires single-channel 32bit-floating  point or 16bit raw depth images (input format is: rgb8).[0m
[realsense2_camera_node-1] [31m[ERROR] [1738845662.816302445] [CompressedPublisher]: [16UC1] is not a color format. but [mono8] is. The conversion does not make sense[0m
[realsense2_camera_node-1] [31m[ERROR] [1738845662.830444784] [camera.camera]: cv_bridge exception: '[16UC1] is not a color format. but [bgr8] is. The conversion does not make sense'[0m
[realsense2_camera_node-1] [31m[ERROR] [1738845662.935349304] [CompressedPublisher]: [16UC1] is not a color format. but [mono8] is. The conversion does not make sense[0m
[realsense2_camera_node-1] [31m[ERROR] [1738845662.948282282] [camera.camera]: cv_bridge exception: '[16UC1] is not a color format. but [bgr8] is. The conversion does not make sense'[0m
[realsense2_camera_node-1] [31m[ERROR] [1738845662.957801311] [compressed_depth_image_transport]: Compressed Depth Image Transport - Compression requires single-channel 32bit-floating  point or 16bit raw depth images (input format is: rgb8).[0m
[realsense2_camera_node-1] [31m[ERROR] [1738845662.982165873] [CompressedPublisher]: [16UC1] is not a color format. but [mono8] is. The conversion does not make sense[0m
[realsense2_camera_node-1] [31m[ERROR] [1738845662.999018797] [camera.camera]: cv_bridge exception: '[16UC1] is not a color format. but [bgr8] is. The conversion does not make sense'[0m
[realsense2_camera_node-1] [31m[ERROR] [1738845663.102684196] [CompressedPublisher]: [16UC1] is not a color format. but [mono8] is. The conversion does not make sense[0m
[realsense2_camera_node-1] [31m[ERROR] [1738845663.114815436] [camera.camera]: cv_bridge exception: '[16UC1] is not a color format. but [bgr8] is. The conversion does not make sense'[0m
[realsense2_camera_node-1] [31m[ERROR] [1738845663.123911826] [compressed_depth_image_transport]: Compressed Depth Image Transport - Compression requires single-channel 32bit-floating  point or 16bit raw depth images (input format is: rgb8).[0m
[realsense2_camera_node-1] [31m[ERROR] [1738845663.150288604] [CompressedPublisher]: [16UC1] is not a color format. but [mono8] is. The conversion does not make sense[0m
[realsense2_camera_node-1] [31m[ERROR] [1738845663.164994462] [camera.camera]: cv_bridge exception: '[16UC1] is not a color format. but [bgr8] is. The conversion does not make sense'[0m
[realsense2_camera_node-1] [31m[ERROR] [1738845663.271377000] [CompressedPublisher]: [16UC1] is not a color format. but [mono8] is. The conversion does not make sense[0m
[realsense2_camera_node-1] [31m[ERROR] [1738845663.288004664] [camera.camera]: cv_bridge exception: '[16UC1] is not a color format. but [bgr8] is. The conversion does not make sense'[0m
[realsense2_camera_node-1] [31m[ERROR] [1738845663.300927953] [compressed_depth_image_transport]: Compressed Depth Image Transport - Compression requires single-channel 32bit-floating  point or 16bit raw depth images (input format is: rgb8).[0m
[realsense2_camera_node-1] [31m[ERROR] [1738845663.331763971] [CompressedPublisher]: [16UC1] is not a color format. but [mono8] is. The conversion does not make sense[0m
[realsense2_camera_node-1] [31m[ERROR] [1738845663.346527267] [camera.camera]: cv_bridge exception: '[16UC1] is not a color format. but [bgr8] is. The conversion does not make sense'[0m
[realsense2_camera_node-1] [31m[ERROR] [1738845663.436512314] [CompressedPublisher]: [16UC1] is not a color format. but [mono8] is. The conversion does not make sense[0m
[realsense2_camera_node-1] [31m[ERROR] [1738845663.448241003] [camera.camera]: cv_bridge exception: '[16UC1] is not a color format. but [bgr8] is. The conversion does not make sense'[0m
[realsense2_camera_node-1] [31m[ERROR] [1738845663.457279496] [compressed_depth_image_transport]: Compressed Depth Image Transport - Compression requires single-channel 32bit-floating  point or 16bit raw depth images (input format is: rgb8).[0m
[realsense2_camera_node-1] [31m[ERROR] [1738845663.483215262] [CompressedPublisher]: [16UC1] is not a color format. but [mono8] is. The conversion does not make sense[0m
[realsense2_camera_node-1] [31m[ERROR] [1738845663.497643805] [camera.camera]: cv_bridge exception: '[16UC1] is not a color format. but [bgr8] is. The conversion does not make sense'[0m
[realsense2_camera_node-1] [31m[ERROR] [1738845663.603615313] [CompressedPublisher]: [16UC1] is not a color format. but [mono8] is. The conversion does not make sense[0m
[realsense2_camera_node-1] [31m[ERROR] [1738845663.614860943] [camera.camera]: cv_bridge exception: '[16UC1] is not a color format. but [bgr8] is. The conversion does not make sense'[0m
[realsense2_camera_node-1] [31m[ERROR] [1738845663.623449802] [compressed_depth_image_transport]: Compressed Depth Image Transport - Compression requires single-channel 32bit-floating  point or 16bit raw depth images (input format is: rgb8).[0m
[realsense2_camera_node-1] [31m[ERROR] [1738845663.649854589] [CompressedPublisher]: [16UC1] is not a color format. but [mono8] is. The conversion does not make sense[0m
[realsense2_camera_node-1] [31m[ERROR] [1738845663.663683761] [camera.camera]: cv_bridge exception: '[16UC1] is not a color format. but [bgr8] is. The conversion does not make sense'[0m
[realsense2_camera_node-1] [31m[ERROR] [1738845663.770679674] [CompressedPublisher]: [16UC1] is not a color format. but [mono8] is. The conversion does not make sense[0m
[realsense2_camera_node-1] [31m[ERROR] [1738845663.781626682] [camera.camera]: cv_bridge exception: '[16UC1] is not a color format. but [bgr8] is. The conversion does not make sense'[0m
[realsense2_camera_node-1] [31m[ERROR] [1738845663.790381582] [compressed_depth_image_transport]: Compressed Depth Image Transport - Compression requires single-channel 32bit-floating  point or 16bit raw depth images (input format is: rgb8).[0m
[realsense2_camera_node-1] [31m[ERROR] [1738845663.821634571] [CompressedPublisher]: [16UC1] is not a color format. but [mono8] is. The conversion does not make sense[0m
[realsense2_camera_node-1] [31m[ERROR] [1738845663.838386871] [camera.camera]: cv_bridge exception: '[16UC1] is not a color format. but [bgr8] is. The conversion does not make sense'[0m
[realsense2_camera_node-1] [31m[ERROR] [1738845663.937927402] [CompressedPublisher]: [16UC1] is not a color format. but [mono8] is. The conversion does not make sense[0m
[realsense2_camera_node-1] [31m[ERROR] [1738845663.948640101] [camera.camera]: cv_bridge exception: '[16UC1] is not a color format. but [bgr8] is. The conversion does not make sense'[0m
[realsense2_camera_node-1] [31m[ERROR] [1738845663.957092911] [compressed_depth_image_transport]: Compressed Depth Image Transport - Compression requires single-channel 32bit-floating  point or 16bit raw depth images (input format is: rgb8).[0m
[realsense2_camera_node-1] [31m[ERROR] [1738845663.984849188] [CompressedPublisher]: [16UC1] is not a color format. but [mono8] is. The conversion does not make sense[0m
[realsense2_camera_node-1] [31m[ERROR] [1738845663.998712482] [camera.camera]: cv_bridge exception: '[16UC1] is not a color format. but [bgr8] is. The conversion does not make sense'[0m
[realsense2_camera_node-1] [31m[ERROR] [1738845664.107658517] [CompressedPublisher]: [16UC1] is not a color format. but [mono8] is. The conversion does not make sense[0m
[realsense2_camera_node-1] [31m[ERROR] [1738845664.118333698] [camera.camera]: cv_bridge exception: '[16UC1] is not a color format. but [bgr8] is. The conversion does not make sense'[0m
[realsense2_camera_node-1] [31m[ERROR] [1738845664.126746328] [compressed_depth_image_transport]: Compressed Depth Image Transport - Compression requires single-channel 32bit-floating  point or 16bit raw depth images (input format is: rgb8).[0m
[realsense2_camera_node-1] [31m[ERROR] [1738845664.153694737] [CompressedPublisher]: [16UC1] is not a color format. but [mono8] is. The conversion does not make sense[0m
[realsense2_camera_node-1] [31m[ERROR] [1738845664.167548910] [camera.camera]: cv_bridge exception: '[16UC1] is not a color format. but [bgr8] is. The conversion does not make sense'[0m
[realsense2_camera_node-1] [31m[ERROR] [1738845664.271499018] [CompressedPublisher]: [16UC1] is not a color format. but [mono8] is. The conversion does not make sense[0m
[realsense2_camera_node-1] [31m[ERROR] [1738845664.284919593] [camera.camera]: cv_bridge exception: '[16UC1] is not a color format. but [bgr8] is. The conversion does not make sense'[0m
[realsense2_camera_node-1] [31m[ERROR] [1738845664.293538144] [compressed_depth_image_transport]: Compressed Depth Image Transport - Compression requires single-channel 32bit-floating  point or 16bit raw depth images (input format is: rgb8).[0m
[realsense2_camera_node-1] [31m[ERROR] [1738845664.319908000] [CompressedPublisher]: [16UC1] is not a color format. but [mono8] is. The conversion does not make sense[0m
[realsense2_camera_node-1] [31m[ERROR] [1738845664.335121447] [camera.camera]: cv_bridge exception: '[16UC1] is not a color format. but [bgr8] is. The conversion does not make sense'[0m
[realsense2_camera_node-1] [31m[ERROR] [1738845664.438678112] [CompressedPublisher]: [16UC1] is not a color format. but [mono8] is. The conversion does not make sense[0m
[realsense2_camera_node-1] [31m[ERROR] [1738845664.449684508] [camera.camera]: cv_bridge exception: '[16UC1] is not a color format. but [bgr8] is. The conversion does not make sense'[0m
[realsense2_camera_node-1] [31m[ERROR] [1738845664.460250893] [compressed_depth_image_transport]: Compressed Depth Image Transport - Compression requires single-channel 32bit-floating  point or 16bit raw depth images (input format is: rgb8).[0m
[realsense2_camera_node-1] [31m[ERROR] [1738845664.486436825] [CompressedPublisher]: [16UC1] is not a color format. but [mono8] is. The conversion does not make sense[0m
[realsense2_camera_node-1] [31m[ERROR] [1738845664.503328100] [camera.camera]: cv_bridge exception: '[16UC1] is not a color format. but [bgr8] is. The conversion does not make sense'[0m
[realsense2_camera_node-1] [31m[ERROR] [1738845664.606010163] [CompressedPublisher]: [16UC1] is not a color format. but [mono8] is. The conversion does not make sense[0m
[realsense2_camera_node-1] [31m[ERROR] [1738845664.616909477] [camera.camera]: cv_bridge exception: '[16UC1] is not a color format. but [bgr8] is. The conversion does not make sense'[0m
[realsense2_camera_node-1] [31m[ERROR] [1738845664.625548602] [compressed_depth_image_transport]: Compressed Depth Image Transport - Compression requires single-channel 32bit-floating  point or 16bit raw depth images (input format is: rgb8).[0m
[realsense2_camera_node-1] [31m[ERROR] [1738845664.652404893] [CompressedPublisher]: [16UC1] is not a color format. but [mono8] is. The conversion does not make sense[0m
[realsense2_camera_node-1] [31m[ERROR] [1738845664.666481713] [camera.camera]: cv_bridge exception: '[16UC1] is not a color format. but [bgr8] is. The conversion does not make sense'[0m
[realsense2_camera_node-1] [31m[ERROR] [1738845664.774092967] [CompressedPublisher]: [16UC1] is not a color format. but [mono8] is. The conversion does not make sense[0m
[realsense2_camera_node-1] [31m[ERROR] [1738845664.786434513] [camera.camera]: cv_bridge exception: '[16UC1] is not a color format. but [bgr8] is. The conversion does not make sense'[0m
[realsense2_camera_node-1] [31m[ERROR] [1738845664.796636920] [compressed_depth_image_transport]: Compressed Depth Image Transport - Compression requires single-channel 32bit-floating  point or 16bit raw depth images (input format is: rgb8).[0m
[realsense2_camera_node-1] [31m[ERROR] [1738845664.824095092] [CompressedPublisher]: [16UC1] is not a color format. but [mono8] is. The conversion does not make sense[0m
[realsense2_camera_node-1] [31m[ERROR] [1738845664.838554564] [camera.camera]: cv_bridge exception: '[16UC1] is not a color format. but [bgr8] is. The conversion does not make sense'[0m
[realsense2_camera_node-1] [31m[ERROR] [1738845664.940077084] [CompressedPublisher]: [16UC1] is not a color format. but [mono8] is. The conversion does not make sense[0m
[realsense2_camera_node-1] [31m[ERROR] [1738845664.950619272] [camera.camera]: cv_bridge exception: '[16UC1] is not a color format. but [bgr8] is. The conversion does not make sense'[0m
[realsense2_camera_node-1] [31m[ERROR] [1738845664.958821019] [compressed_depth_image_transport]: Compressed Depth Image Transport - Compression requires single-channel 32bit-floating  point or 16bit raw depth images (input format is: rgb8).[0m
[realsense2_camera_node-1] [31m[ERROR] [1738845664.986992129] [CompressedPublisher]: [16UC1] is not a color format. but [mono8] is. The conversion does not make sense[0m
[realsense2_camera_node-1] [31m[ERROR] [1738845665.000977414] [camera.camera]: cv_bridge exception: '[16UC1] is not a color format. but [bgr8] is. The conversion does not make sense'[0m
[realsense2_camera_node-1] [31m[ERROR] [1738845665.107151917] [CompressedPublisher]: [16UC1] is not a color format. but [mono8] is. The conversion does not make sense[0m
[realsense2_camera_node-1] [31m[ERROR] [1738845665.120857459] [camera.camera]: cv_bridge exception: '[16UC1] is not a color format. but [bgr8] is. The conversion does not make sense'[0m
[realsense2_camera_node-1] [31m[ERROR] [1738845665.129336688] [compressed_depth_image_transport]: Compressed Depth Image Transport - Compression requires single-channel 32bit-floating  point or 16bit raw depth images (input format is: rgb8).[0m
[realsense2_camera_node-1] [31m[ERROR] [1738845665.157164078] [CompressedPublisher]: [16UC1] is not a color format. but [mono8] is. The conversion does not make sense[0m
[realsense2_camera_node-1] [31m[ERROR] [1738845665.171482118] [camera.camera]: cv_bridge exception: '[16UC1] is not a color format. but [bgr8] is. The conversion does not make sense'[0m
[realsense2_camera_node-1] [31m[ERROR] [1738845665.274360923] [CompressedPublisher]: [16UC1] is not a color format. but [mono8] is. The conversion does not make sense[0m
[realsense2_camera_node-1] [31m[ERROR] [1738845665.285234342] [camera.camera]: cv_bridge exception: '[16UC1] is not a color format. but [bgr8] is. The conversion does not make sense'[0m
[realsense2_camera_node-1] [31m[ERROR] [1738845665.294642660] [compressed_depth_image_transport]: Compressed Depth Image Transport - Compression requires single-channel 32bit-floating  point or 16bit raw depth images (input format is: rgb8).[0m
[realsense2_camera_node-1] [31m[ERROR] [1738845665.325530262] [CompressedPublisher]: [16UC1] is not a color format. but [mono8] is. The conversion does not make sense[0m
[realsense2_camera_node-1] [31m[ERROR] [1738845665.339762646] [camera.camera]: cv_bridge exception: '[16UC1] is not a color format. but [bgr8] is. The conversion does not make sense'[0m
[realsense2_camera_node-1] [31m[ERROR] [1738845665.441859197] [CompressedPublisher]: [16UC1] is not a color format. but [mono8] is. The conversion does not make sense[0m
[realsense2_camera_node-1] [31m[ERROR] [1738845665.453399025] [camera.camera]: cv_bridge exception: '[16UC1] is not a color format. but [bgr8] is. The conversion does not make sense'[0m
[realsense2_camera_node-1] [31m[ERROR] [1738845665.463434613] [compressed_depth_image_transport]: Compressed Depth Image Transport - Compression requires single-channel 32bit-floating  point or 16bit raw depth images (input format is: rgb8).[0m
[realsense2_camera_node-1] [31m[ERROR] [1738845665.491366236] [CompressedPublisher]: [16UC1] is not a color format. but [mono8] is. The conversion does not make sense[0m
[realsense2_camera_node-1] [31m[ERROR] [1738845665.507096740] [camera.camera]: cv_bridge exception: '[16UC1] is not a color format. but [bgr8] is. The conversion does not make sense'[0m
[realsense2_camera_node-1] [31m[ERROR] [1738845665.608610300] [CompressedPublisher]: [16UC1] is not a color format. but [mono8] is. The conversion does not make sense[0m
[realsense2_camera_node-1] [31m[ERROR] [1738845665.620261720] [camera.camera]: cv_bridge exception: '[16UC1] is not a color format. but [bgr8] is. The conversion does not make sense'[0m
[realsense2_camera_node-1] [31m[ERROR] [1738845665.630645841] [compressed_depth_image_transport]: Compressed Depth Image Transport - Compression requires single-channel 32bit-floating  point or 16bit raw depth images (input format is: rgb8).[0m
[realsense2_camera_node-1] [31m[ERROR] [1738845665.659620268] [CompressedPublisher]: [16UC1] is not a color format. but [mono8] is. The conversion does not make sense[0m
[realsense2_camera_node-1] [31m[ERROR] [1738845665.676550872] [camera.camera]: cv_bridge exception: '[16UC1] is not a color format. but [bgr8] is. The conversion does not make sense'[0m
[realsense2_camera_node-1] [31m[ERROR] [1738845665.775155271] [CompressedPublisher]: [16UC1] is not a color format. but [mono8] is. The conversion does not make sense[0m
[realsense2_camera_node-1] [31m[ERROR] [1738845665.786398260] [camera.camera]: cv_bridge exception: '[16UC1] is not a color format. but [bgr8] is. The conversion does not make sense'[0m
[realsense2_camera_node-1] [31m[ERROR] [1738845665.797448767] [compressed_depth_image_transport]: Compressed Depth Image Transport - Compression requires single-channel 32bit-floating  point or 16bit raw depth images (input format is: rgb8).[0m
[realsense2_camera_node-1] [31m[ERROR] [1738845665.822921782] [CompressedPublisher]: [16UC1] is not a color format. but [mono8] is. The conversion does not make sense[0m
[realsense2_camera_node-1] [31m[ERROR] [1738845665.838728342] [camera.camera]: cv_bridge exception: '[16UC1] is not a color format. but [bgr8] is. The conversion does not make sense'[0m
[realsense2_camera_node-1] [31m[ERROR] [1738845665.942164729] [CompressedPublisher]: [16UC1] is not a color format. but [mono8] is. The conversion does not make sense[0m
[realsense2_camera_node-1] [31m[ERROR] [1738845665.953585817] [camera.camera]: cv_bridge exception: '[16UC1] is not a color format. but [bgr8] is. The conversion does not make sense'[0m
[realsense2_camera_node-1] [31m[ERROR] [1738845665.963341598] [compressed_depth_image_transport]: Compressed Depth Image Transport - Compression requires single-channel 32bit-floating  point or 16bit raw depth images (input format is: rgb8).[0m
[realsense2_camera_node-1] [31m[ERROR] [1738845665.989480434] [CompressedPublisher]: [16UC1] is not a color format. but [mono8] is. The conversion does not make sense[0m
[realsense2_camera_node-1] [31m[ERROR] [1738845666.004727703] [camera.camera]: cv_bridge exception: '[16UC1] is not a color format. but [bgr8] is. The conversion does not make sense'[0m
[realsense2_camera_node-1] [31m[ERROR] [1738845666.110242050] [CompressedPublisher]: [16UC1] is not a color format. but [mono8] is. The conversion does not make sense[0m
[realsense2_camera_node-1] [31m[ERROR] [1738845666.122353524] [camera.camera]: cv_bridge exception: '[16UC1] is not a color format. but [bgr8] is. The conversion does not make sense'[0m
[realsense2_camera_node-1] [31m[ERROR] [1738845666.131199432] [compressed_depth_image_transport]: Compressed Depth Image Transport - Compression requires single-channel 32bit-floating  point or 16bit raw depth images (input format is: rgb8).[0m
[realsense2_camera_node-1] [31m[ERROR] [1738845666.159508547] [CompressedPublisher]: [16UC1] is not a color format. but [mono8] is. The conversion does not make sense[0m
[realsense2_camera_node-1] [31m[ERROR] [1738845666.175590117] [camera.camera]: cv_bridge exception: '[16UC1] is not a color format. but [bgr8] is. The conversion does not make sense'[0m
[realsense2_camera_node-1] [31m[ERROR] [1738845666.276461804] [CompressedPublisher]: [16UC1] is not a color format. but [mono8] is. The conversion does not make sense[0m
[realsense2_camera_node-1] [31m[ERROR] [1738845666.289458398] [camera.camera]: cv_bridge exception: '[16UC1] is not a color format. but [bgr8] is. The conversion does not make sense'[0m
[realsense2_camera_node-1] [31m[ERROR] [1738845666.298001752] [compressed_depth_image_transport]: Compressed Depth Image Transport - Compression requires single-channel 32bit-floating  point or 16bit raw depth images (input format is: rgb8).[0m
[realsense2_camera_node-1] [31m[ERROR] [1738845666.323531209] [CompressedPublisher]: [16UC1] is not a color format. but [mono8] is. The conversion does not make sense[0m
[realsense2_camera_node-1] [31m[ERROR] [1738845666.338234381] [camera.camera]: cv_bridge exception: '[16UC1] is not a color format. but [bgr8] is. The conversion does not make sense'[0m
[realsense2_camera_node-1] [31m[ERROR] [1738845666.443175579] [CompressedPublisher]: [16UC1] is not a color format. but [mono8] is. The conversion does not make sense[0m
[realsense2_camera_node-1] [31m[ERROR] [1738845666.456792563] [camera.camera]: cv_bridge exception: '[16UC1] is not a color format. but [bgr8] is. The conversion does not make sense'[0m
[realsense2_camera_node-1] [31m[ERROR] [1738845666.466249877] [compressed_depth_image_transport]: Compressed Depth Image Transport - Compression requires single-channel 32bit-floating  point or 16bit raw depth images (input format is: rgb8).[0m
[realsense2_camera_node-1] [31m[ERROR] [1738845666.490594710] [CompressedPublisher]: [16UC1] is not a color format. but [mono8] is. The conversion does not make sense[0m
[realsense2_camera_node-1] [31m[ERROR] [1738845666.506824155] [camera.camera]: cv_bridge exception: '[16UC1] is not a color format. but [bgr8] is. The conversion does not make sense'[0m
[realsense2_camera_node-1] [31m[ERROR] [1738845666.610810786] [CompressedPublisher]: [16UC1] is not a color format. but [mono8] is. The conversion does not make sense[0m
[realsense2_camera_node-1] [31m[ERROR] [1738845666.623779879] [camera.camera]: cv_bridge exception: '[16UC1] is not a color format. but [bgr8] is. The conversion does not make sense'[0m
[realsense2_camera_node-1] [31m[ERROR] [1738845666.633817369] [compressed_depth_image_transport]: Compressed Depth Image Transport - Compression requires single-channel 32bit-floating  point or 16bit raw depth images (input format is: rgb8).[0m
[realsense2_camera_node-1] [31m[ERROR] [1738845666.658125082] [CompressedPublisher]: [16UC1] is not a color format. but [mono8] is. The conversion does not make sense[0m
[realsense2_camera_node-1] [31m[ERROR] [1738845666.675147005] [camera.camera]: cv_bridge exception: '[16UC1] is not a color format. but [bgr8] is. The conversion does not make sense'[0m
[realsense2_camera_node-1] [31m[ERROR] [1738845666.780579547] [CompressedPublisher]: [16UC1] is not a color format. but [mono8] is. The conversion does not make sense[0m
[realsense2_camera_node-1] [31m[ERROR] [1738845666.796647073] [camera.camera]: cv_bridge exception: '[16UC1] is not a color format. but [bgr8] is. The conversion does not make sense'[0m
[realsense2_camera_node-1] [31m[ERROR] [1738845666.808925310] [compressed_depth_image_transport]: Compressed Depth Image Transport - Compression requires single-channel 32bit-floating  point or 16bit raw depth images (input format is: rgb8).[0m
[realsense2_camera_node-1] [31m[ERROR] [1738845666.833821529] [CompressedPublisher]: [16UC1] is not a color format. but [mono8] is. The conversion does not make sense[0m
[realsense2_camera_node-1] [31m[ERROR] [1738845666.848534419] [camera.camera]: cv_bridge exception: '[16UC1] is not a color format. but [bgr8] is. The conversion does not make sense'[0m
[realsense2_camera_node-1] [31m[ERROR] [1738845666.946077405] [CompressedPublisher]: [16UC1] is not a color format. but [mono8] is. The conversion does not make sense[0m
[realsense2_camera_node-1] [31m[ERROR] [1738845666.957008281] [camera.camera]: cv_bridge exception: '[16UC1] is not a color format. but [bgr8] is. The conversion does not make sense'[0m
[realsense2_camera_node-1] [31m[ERROR] [1738845666.965833635] [compressed_depth_image_transport]: Compressed Depth Image Transport - Compression requires single-channel 32bit-floating  point or 16bit raw depth images (input format is: rgb8).[0m
[realsense2_camera_node-1] [31m[ERROR] [1738845666.993925520] [CompressedPublisher]: [16UC1] is not a color format. but [mono8] is. The conversion does not make sense[0m
[realsense2_camera_node-1] [31m[ERROR] [1738845667.013214847] [camera.camera]: cv_bridge exception: '[16UC1] is not a color format. but [bgr8] is. The conversion does not make sense'[0m
[realsense2_camera_node-1] [31m[ERROR] [1738845667.114298383] [CompressedPublisher]: [16UC1] is not a color format. but [mono8] is. The conversion does not make sense[0m
[realsense2_camera_node-1] [31m[ERROR] [1738845667.129543811] [camera.camera]: cv_bridge exception: '[16UC1] is not a color format. but [bgr8] is. The conversion does not make sense'[0m
[realsense2_camera_node-1] [31m[ERROR] [1738845667.139507447] [compressed_depth_image_transport]: Compressed Depth Image Transport - Compression requires single-channel 32bit-floating  point or 16bit raw depth images (input format is: rgb8).[0m
[realsense2_camera_node-1] [31m[ERROR] [1738845667.162865764] [CompressedPublisher]: [16UC1] is not a color format. but [mono8] is. The conversion does not make sense[0m
[realsense2_camera_node-1] [31m[ERROR] [1738845667.179767344] [camera.camera]: cv_bridge exception: '[16UC1] is not a color format. but [bgr8] is. The conversion does not make sense'[0m
[realsense2_camera_node-1] [31m[ERROR] [1738845667.278563159] [CompressedPublisher]: [16UC1] is not a color format. but [mono8] is. The conversion does not make sense[0m
[realsense2_camera_node-1] [31m[ERROR] [1738845667.289851305] [camera.camera]: cv_bridge exception: '[16UC1] is not a color format. but [bgr8] is. The conversion does not make sense'[0m
[realsense2_camera_node-1] [31m[ERROR] [1738845667.299506537] [compressed_depth_image_transport]: Compressed Depth Image Transport - Compression requires single-channel 32bit-floating  point or 16bit raw depth images (input format is: rgb8).[0m
[realsense2_camera_node-1] [31m[ERROR] [1738845667.328013698] [CompressedPublisher]: [16UC1] is not a color format. but [mono8] is. The conversion does not make sense[0m
[realsense2_camera_node-1] [31m[ERROR] [1738845667.342815156] [camera.camera]: cv_bridge exception: '[16UC1] is not a color format. but [bgr8] is. The conversion does not make sense'[0m
[realsense2_camera_node-1] [31m[ERROR] [1738845667.448031865] [CompressedPublisher]: [16UC1] is not a color format. but [mono8] is. The conversion does not make sense[0m
[realsense2_camera_node-1] [31m[ERROR] [1738845667.459091913] [camera.camera]: cv_bridge exception: '[16UC1] is not a color format. but [bgr8] is. The conversion does not make sense'[0m
[realsense2_camera_node-1] [31m[ERROR] [1738845667.468077879] [compressed_depth_image_transport]: Compressed Depth Image Transport - Compression requires single-channel 32bit-floating  point or 16bit raw depth images (input format is: rgb8).[0m
[realsense2_camera_node-1] [31m[ERROR] [1738845667.497612341] [CompressedPublisher]: [16UC1] is not a color format. but [mono8] is. The conversion does not make sense[0m
[realsense2_camera_node-1] [31m[ERROR] [1738845667.517391779] [camera.camera]: cv_bridge exception: '[16UC1] is not a color format. but [bgr8] is. The conversion does not make sense'[0m
[realsense2_camera_node-1] [31m[ERROR] [1738845667.612623432] [CompressedPublisher]: [16UC1] is not a color format. but [mono8] is. The conversion does not make sense[0m
[realsense2_camera_node-1] [31m[ERROR] [1738845667.625848453] [camera.camera]: cv_bridge exception: '[16UC1] is not a color format. but [bgr8] is. The conversion does not make sense'[0m
[realsense2_camera_node-1] [31m[ERROR] [1738845667.634955544] [compressed_depth_image_transport]: Compressed Depth Image Transport - Compression requires single-channel 32bit-floating  point or 16bit raw depth images (input format is: rgb8).[0m
[realsense2_camera_node-1] [31m[ERROR] [1738845667.659363920] [CompressedPublisher]: [16UC1] is not a color format. but [mono8] is. The conversion does not make sense[0m
[realsense2_camera_node-1] [31m[ERROR] [1738845667.675500202] [camera.camera]: cv_bridge exception: '[16UC1] is not a color format. but [bgr8] is. The conversion does not make sense'[0m
[realsense2_camera_node-1] [31m[ERROR] [1738845667.779661272] [CompressedPublisher]: [16UC1] is not a color format. but [mono8] is. The conversion does not make sense[0m
[realsense2_camera_node-1] [31m[ERROR] [1738845667.790400463] [camera.camera]: cv_bridge exception: '[16UC1] is not a color format. but [bgr8] is. The conversion does not make sense'[0m
[realsense2_camera_node-1] [31m[ERROR] [1738845667.800778892] [compressed_depth_image_transport]: Compressed Depth Image Transport - Compression requires single-channel 32bit-floating  point or 16bit raw depth images (input format is: rgb8).[0m
[realsense2_camera_node-1] [31m[ERROR] [1738845667.826461243] [CompressedPublisher]: [16UC1] is not a color format. but [mono8] is. The conversion does not make sense[0m
[realsense2_camera_node-1] [31m[ERROR] [1738845667.842347081] [camera.camera]: cv_bridge exception: '[16UC1] is not a color format. but [bgr8] is. The conversion does not make sense'[0m
[realsense2_camera_node-1] [31m[ERROR] [1738845667.974925039] [CompressedPublisher]: [16UC1] is not a color format. but [mono8] is. The conversion does not make sense[0m
[realsense2_camera_node-1] [31m[ERROR] [1738845667.985634117] [camera.camera]: cv_bridge exception: '[16UC1] is not a color format. but [bgr8] is. The conversion does not make sense'[0m
[realsense2_camera_node-1] [31m[ERROR] [1738845667.994041372] [compressed_depth_image_transport]: Compressed Depth Image Transport - Compression requires single-channel 32bit-floating  point or 16bit raw depth images (input format is: rgb8).[0m
[realsense2_camera_node-1] [31m[ERROR] [1738845668.020057273] [CompressedPublisher]: [16UC1] is not a color format. but [mono8] is. The conversion does not make sense[0m
[realsense2_camera_node-1] [31m[ERROR] [1738845668.034180236] [camera.camera]: cv_bridge exception: '[16UC1] is not a color format. but [bgr8] is. The conversion does not make sense'[0m
[realsense2_camera_node-1] [31m[ERROR] [1738845668.113556801] [CompressedPublisher]: [16UC1] is not a color format. but [mono8] is. The conversion does not make sense[0m
[realsense2_camera_node-1] [31m[ERROR] [1738845668.126465733] [camera.camera]: cv_bridge exception: '[16UC1] is not a color format. but [bgr8] is. The conversion does not make sense'[0m
[realsense2_camera_node-1] [31m[ERROR] [1738845668.135061162] [compressed_depth_image_transport]: Compressed Depth Image Transport - Compression requires single-channel 32bit-floating  point or 16bit raw depth images (input format is: rgb8).[0m
[realsense2_camera_node-1] [31m[ERROR] [1738845668.160495685] [CompressedPublisher]: [16UC1] is not a color format. but [mono8] is. The conversion does not make sense[0m
[realsense2_camera_node-1] [31m[ERROR] [1738845668.175700490] [camera.camera]: cv_bridge exception: '[16UC1] is not a color format. but [bgr8] is. The conversion does not make sense'[0m
[realsense2_camera_node-1] [31m[ERROR] [1738845668.280701574] [CompressedPublisher]: [16UC1] is not a color format. but [mono8] is. The conversion does not make sense[0m
[realsense2_camera_node-1] [31m[ERROR] [1738845668.293205210] [camera.camera]: cv_bridge exception: '[16UC1] is not a color format. but [bgr8] is. The conversion does not make sense'[0m
[realsense2_camera_node-1] [31m[ERROR] [1738845668.301677200] [compressed_depth_image_transport]: Compressed Depth Image Transport - Compression requires single-channel 32bit-floating  point or 16bit raw depth images (input format is: rgb8).[0m
[realsense2_camera_node-1] [31m[ERROR] [1738845668.328659106] [CompressedPublisher]: [16UC1] is not a color format. but [mono8] is. The conversion does not make sense[0m
[realsense2_camera_node-1] [31m[ERROR] [1738845668.342948250] [camera.camera]: cv_bridge exception: '[16UC1] is not a color format. but [bgr8] is. The conversion does not make sense'[0m
[realsense2_camera_node-1] [31m[ERROR] [1738845668.450286703] [CompressedPublisher]: [16UC1] is not a color format. but [mono8] is. The conversion does not make sense[0m
[realsense2_camera_node-1] [31m[ERROR] [1738845668.462443051] [camera.camera]: cv_bridge exception: '[16UC1] is not a color format. but [bgr8] is. The conversion does not make sense'[0m
[realsense2_camera_node-1] [31m[ERROR] [1738845668.471094763] [compressed_depth_image_transport]: Compressed Depth Image Transport - Compression requires single-channel 32bit-floating  point or 16bit raw depth images (input format is: rgb8).[0m
[realsense2_camera_node-1] [31m[ERROR] [1738845668.498775181] [CompressedPublisher]: [16UC1] is not a color format. but [mono8] is. The conversion does not make sense[0m
[realsense2_camera_node-1] [31m[ERROR] [1738845668.513225900] [camera.camera]: cv_bridge exception: '[16UC1] is not a color format. but [bgr8] is. The conversion does not make sense'[0m
[realsense2_camera_node-1] [31m[ERROR] [1738845668.617120302] [CompressedPublisher]: [16UC1] is not a color format. but [mono8] is. The conversion does not make sense[0m
[realsense2_camera_node-1] [31m[ERROR] [1738845668.628656731] [camera.camera]: cv_bridge exception: '[16UC1] is not a color format. but [bgr8] is. The conversion does not make sense'[0m
[realsense2_camera_node-1] [31m[ERROR] [1738845668.637013275] [compressed_depth_image_transport]: Compressed Depth Image Transport - Compression requires single-channel 32bit-floating  point or 16bit raw depth images (input format is: rgb8).[0m
[realsense2_camera_node-1] [31m[ERROR] [1738845668.663281639] [CompressedPublisher]: [16UC1] is not a color format. but [mono8] is. The conversion does not make sense[0m
[realsense2_camera_node-1] [31m[ERROR] [1738845668.677202015] [camera.camera]: cv_bridge exception: '[16UC1] is not a color format. but [bgr8] is. The conversion does not make sense'[0m
[realsense2_camera_node-1] [31m[ERROR] [1738845668.782290304] [CompressedPublisher]: [16UC1] is not a color format. but [mono8] is. The conversion does not make sense[0m
[realsense2_camera_node-1] [31m[ERROR] [1738845668.794594697] [camera.camera]: cv_bridge exception: '[16UC1] is not a color format. but [bgr8] is. The conversion does not make sense'[0m
[realsense2_camera_node-1] [31m[ERROR] [1738845668.803725405] [compressed_depth_image_transport]: Compressed Depth Image Transport - Compression requires single-channel 32bit-floating  point or 16bit raw depth images (input format is: rgb8).[0m
[realsense2_camera_node-1] [31m[ERROR] [1738845668.831812167] [CompressedPublisher]: [16UC1] is not a color format. but [mono8] is. The conversion does not make sense[0m
[realsense2_camera_node-1] [31m[ERROR] [1738845668.845883736] [camera.camera]: cv_bridge exception: '[16UC1] is not a color format. but [bgr8] is. The conversion does not make sense'[0m
[realsense2_camera_node-1] [31m[ERROR] [1738845668.950249348] [CompressedPublisher]: [16UC1] is not a color format. but [mono8] is. The conversion does not make sense[0m
[realsense2_camera_node-1] [31m[ERROR] [1738845668.961071055] [camera.camera]: cv_bridge exception: '[16UC1] is not a color format. but [bgr8] is. The conversion does not make sense'[0m
[realsense2_camera_node-1] [31m[ERROR] [1738845668.969715642] [compressed_depth_image_transport]: Compressed Depth Image Transport - Compression requires single-channel 32bit-floating  point or 16bit raw depth images (input format is: rgb8).[0m
[realsense2_camera_node-1] [31m[ERROR] [1738845668.997417345] [CompressedPublisher]: [16UC1] is not a color format. but [mono8] is. The conversion does not make sense[0m
[realsense2_camera_node-1] [31m[ERROR] [1738845669.011508325] [camera.camera]: cv_bridge exception: '[16UC1] is not a color format. but [bgr8] is. The conversion does not make sense'[0m
[realsense2_camera_node-1] [31m[ERROR] [1738845669.118330888] [CompressedPublisher]: [16UC1] is not a color format. but [mono8] is. The conversion does not make sense[0m
[realsense2_camera_node-1] [31m[ERROR] [1738845669.133259135] [camera.camera]: cv_bridge exception: '[16UC1] is not a color format. but [bgr8] is. The conversion does not make sense'[0m
[realsense2_camera_node-1] [31m[ERROR] [1738845669.144693301] [compressed_depth_image_transport]: Compressed Depth Image Transport - Compression requires single-channel 32bit-floating  point or 16bit raw depth images (input format is: rgb8).[0m
[realsense2_camera_node-1] [31m[ERROR] [1738845669.174658521] [CompressedPublisher]: [16UC1] is not a color format. but [mono8] is. The conversion does not make sense[0m
[realsense2_camera_node-1] [31m[ERROR] [1738845669.188296552] [camera.camera]: cv_bridge exception: '[16UC1] is not a color format. but [bgr8] is. The conversion does not make sense'[0m
[realsense2_camera_node-1] [31m[ERROR] [1738845669.284822444] [CompressedPublisher]: [16UC1] is not a color format. but [mono8] is. The conversion does not make sense[0m
[realsense2_camera_node-1] [31m[ERROR] [1738845669.295320315] [camera.camera]: cv_bridge exception: '[16UC1] is not a color format. but [bgr8] is. The conversion does not make sense'[0m
[realsense2_camera_node-1] [31m[ERROR] [1738845669.303441855] [compressed_depth_image_transport]: Compressed Depth Image Transport - Compression requires single-channel 32bit-floating  point or 16bit raw depth images (input format is: rgb8).[0m
[realsense2_camera_node-1] [31m[ERROR] [1738845669.330762932] [CompressedPublisher]: [16UC1] is not a color format. but [mono8] is. The conversion does not make sense[0m
[realsense2_camera_node-1] [31m[ERROR] [1738845669.345322250] [camera.camera]: cv_bridge exception: '[16UC1] is not a color format. but [bgr8] is. The conversion does not make sense'[0m
[realsense2_camera_node-1] [31m[ERROR] [1738845669.451907758] [CompressedPublisher]: [16UC1] is not a color format. but [mono8] is. The conversion does not make sense[0m
[realsense2_camera_node-1] [31m[ERROR] [1738845669.466888395] [camera.camera]: cv_bridge exception: '[16UC1] is not a color format. but [bgr8] is. The conversion does not make sense'[0m
[realsense2_camera_node-1] [31m[ERROR] [1738845669.478638835] [compressed_depth_image_transport]: Compressed Depth Image Transport - Compression requires single-channel 32bit-floating  point or 16bit raw depth images (input format is: rgb8).[0m
[realsense2_camera_node-1] [31m[ERROR] [1738845669.510249689] [CompressedPublisher]: [16UC1] is not a color format. but [mono8] is. The conversion does not make sense[0m
[realsense2_camera_node-1] [31m[ERROR] [1738845669.524169208] [camera.camera]: cv_bridge exception: '[16UC1] is not a color format. but [bgr8] is. The conversion does not make sense'[0m
[realsense2_camera_node-1] [31m[ERROR] [1738845669.619689520] [CompressedPublisher]: [16UC1] is not a color format. but [mono8] is. The conversion does not make sense[0m
[realsense2_camera_node-1] [31m[ERROR] [1738845669.632544724] [camera.camera]: cv_bridge exception: '[16UC1] is not a color format. but [bgr8] is. The conversion does not make sense'[0m
[realsense2_camera_node-1] [31m[ERROR] [1738845669.641512775] [compressed_depth_image_transport]: Compressed Depth Image Transport - Compression requires single-channel 32bit-floating  point or 16bit raw depth images (input format is: rgb8).[0m
[realsense2_camera_node-1] [31m[ERROR] [1738845669.668970235] [CompressedPublisher]: [16UC1] is not a color format. but [mono8] is. The conversion does not make sense[0m
[realsense2_camera_node-1] [31m[ERROR] [1738845669.687103725] [camera.camera]: cv_bridge exception: '[16UC1] is not a color format. but [bgr8] is. The conversion does not make sense'[0m
[realsense2_camera_node-1] [31m[ERROR] [1738845669.784132411] [CompressedPublisher]: [16UC1] is not a color format. but [mono8] is. The conversion does not make sense[0m
[realsense2_camera_node-1] [31m[ERROR] [1738845669.795246247] [camera.camera]: cv_bridge exception: '[16UC1] is not a color format. but [bgr8] is. The conversion does not make sense'[0m
[realsense2_camera_node-1] [31m[ERROR] [1738845669.805603099] [compressed_depth_image_transport]: Compressed Depth Image Transport - Compression requires single-channel 32bit-floating  point or 16bit raw depth images (input format is: rgb8).[0m
[realsense2_camera_node-1] [31m[ERROR] [1738845669.831431631] [CompressedPublisher]: [16UC1] is not a color format. but [mono8] is. The conversion does not make sense[0m
[realsense2_camera_node-1] [31m[ERROR] [1738845669.848127975] [camera.camera]: cv_bridge exception: '[16UC1] is not a color format. but [bgr8] is. The conversion does not make sense'[0m
[realsense2_camera_node-1] [31m[ERROR] [1738845669.950961044] [CompressedPublisher]: [16UC1] is not a color format. but [mono8] is. The conversion does not make sense[0m
[realsense2_camera_node-1] [31m[ERROR] [1738845669.963445769] [camera.camera]: cv_bridge exception: '[16UC1] is not a color format. but [bgr8] is. The conversion does not make sense'[0m
[realsense2_camera_node-1] [31m[ERROR] [1738845669.974343789] [compressed_depth_image_transport]: Compressed Depth Image Transport - Compression requires single-channel 32bit-floating  point or 16bit raw depth images (input format is: rgb8).[0m
[realsense2_camera_node-1] [31m[ERROR] [1738845669.995730675] [CompressedPublisher]: [16UC1] is not a color format. but [mono8] is. The conversion does not make sense[0m
[realsense2_camera_node-1] [31m[ERROR] [1738845670.010148317] [camera.camera]: cv_bridge exception: '[16UC1] is not a color format. but [bgr8] is. The conversion does not make sense'[0m
[realsense2_camera_node-1] [31m[ERROR] [1738845670.121096698] [CompressedPublisher]: [16UC1] is not a color format. but [mono8] is. The conversion does not make sense[0m
[realsense2_camera_node-1] [31m[ERROR] [1738845670.136599348] [camera.camera]: cv_bridge exception: '[16UC1] is not a color format. but [bgr8] is. The conversion does not make sense'[0m
[realsense2_camera_node-1] [31m[ERROR] [1738845670.148114350] [compressed_depth_image_transport]: Compressed Depth Image Transport - Compression requires single-channel 32bit-floating  point or 16bit raw depth images (input format is: rgb8).[0m
[realsense2_camera_node-1] [31m[ERROR] [1738845670.174878233] [CompressedPublisher]: [16UC1] is not a color format. but [mono8] is. The conversion does not make sense[0m
[realsense2_camera_node-1] [31m[ERROR] [1738845670.189091113] [camera.camera]: cv_bridge exception: '[16UC1] is not a color format. but [bgr8] is. The conversion does not make sense'[0m
[realsense2_camera_node-1] [31m[ERROR] [1738845670.286993904] [CompressedPublisher]: [16UC1] is not a color format. but [mono8] is. The conversion does not make sense[0m
[realsense2_camera_node-1] [31m[ERROR] [1738845670.298058634] [camera.camera]: cv_bridge exception: '[16UC1] is not a color format. but [bgr8] is. The conversion does not make sense'[0m
[realsense2_camera_node-1] [31m[ERROR] [1738845670.306807976] [compressed_depth_image_transport]: Compressed Depth Image Transport - Compression requires single-channel 32bit-floating  point or 16bit raw depth images (input format is: rgb8).[0m
[realsense2_camera_node-1] [31m[ERROR] [1738845670.334058857] [CompressedPublisher]: [16UC1] is not a color format. but [mono8] is. The conversion does not make sense[0m
[realsense2_camera_node-1] [31m[ERROR] [1738845670.348369432] [camera.camera]: cv_bridge exception: '[16UC1] is not a color format. but [bgr8] is. The conversion does not make sense'[0m
[realsense2_camera_node-1] [31m[ERROR] [1738845670.452092041] [CompressedPublisher]: [16UC1] is not a color format. but [mono8] is. The conversion does not make sense[0m
[realsense2_camera_node-1] [31m[ERROR] [1738845670.464416059] [camera.camera]: cv_bridge exception: '[16UC1] is not a color format. but [bgr8] is. The conversion does not make sense'[0m
[realsense2_camera_node-1] [31m[ERROR] [1738845670.566094715] [compressed_depth_image_transport]: Compressed Depth Image Transport - Compression requires single-channel 32bit-floating  point or 16bit raw depth images (input format is: rgb8).[0m
[realsense2_camera_node-1] [31m[ERROR] [1738845670.590952796] [CompressedPublisher]: [16UC1] is not a color format. but [mono8] is. The conversion does not make sense[0m
[realsense2_camera_node-1] [31m[ERROR] [1738845670.605588620] [camera.camera]: cv_bridge exception: '[16UC1] is not a color format. but [bgr8] is. The conversion does not make sense'[0m
[realsense2_camera_node-1] [31m[ERROR] [1738845670.619638173] [CompressedPublisher]: [16UC1] is not a color format. but [mono8] is. The conversion does not make sense[0m
[realsense2_camera_node-1] [31m[ERROR] [1738845670.630435057] [camera.camera]: cv_bridge exception: '[16UC1] is not a color format. but [bgr8] is. The conversion does not make sense'[0m
[realsense2_camera_node-1] [31m[ERROR] [1738845670.640832796] [compressed_depth_image_transport]: Compressed Depth Image Transport - Compression requires single-channel 32bit-floating  point or 16bit raw depth images (input format is: rgb8).[0m
[realsense2_camera_node-1] [31m[ERROR] [1738845670.665171476] [CompressedPublisher]: [16UC1] is not a color format. but [mono8] is. The conversion does not make sense[0m
[realsense2_camera_node-1] [31m[ERROR] [1738845670.679694298] [camera.camera]: cv_bridge exception: '[16UC1] is not a color format. but [bgr8] is. The conversion does not make sense'[0m
[realsense2_camera_node-1] [31m[ERROR] [1738845670.788158282] [CompressedPublisher]: [16UC1] is not a color format. but [mono8] is. The conversion does not make sense[0m
[realsense2_camera_node-1] [31m[ERROR] [1738845670.867761095] [camera.camera]: cv_bridge exception: '[16UC1] is not a color format. but [bgr8] is. The conversion does not make sense'[0m
[realsense2_camera_node-1] [31m[ERROR] [1738845670.880492375] [compressed_depth_image_transport]: Compressed Depth Image Transport - Compression requires single-channel 32bit-floating  point or 16bit raw depth images (input format is: rgb8).[0m
[realsense2_camera_node-1] [31m[ERROR] [1738845670.913854770] [CompressedPublisher]: [16UC1] is not a color format. but [mono8] is. The conversion does not make sense[0m
[realsense2_camera_node-1] [31m[ERROR] [1738845670.930562805] [camera.camera]: cv_bridge exception: '[16UC1] is not a color format. but [bgr8] is. The conversion does not make sense'[0m
[realsense2_camera_node-1] [31m[ERROR] [1738845670.953138352] [CompressedPublisher]: [16UC1] is not a color format. but [mono8] is. The conversion does not make sense[0m
[realsense2_camera_node-1] [31m[ERROR] [1738845670.963845002] [camera.camera]: cv_bridge exception: '[16UC1] is not a color format. but [bgr8] is. The conversion does not make sense'[0m
[realsense2_camera_node-1] [31m[ERROR] [1738845670.974230657] [compressed_depth_image_transport]: Compressed Depth Image Transport - Compression requires single-channel 32bit-floating  point or 16bit raw depth images (input format is: rgb8).[0m
[realsense2_camera_node-1] [31m[ERROR] [1738845670.999190927] [CompressedPublisher]: [16UC1] is not a color format. but [mono8] is. The conversion does not make sense[0m
[realsense2_camera_node-1] [31m[ERROR] [1738845671.013870175] [camera.camera]: cv_bridge exception: '[16UC1] is not a color format. but [bgr8] is. The conversion does not make sense'[0m
[realsense2_camera_node-1] [31m[ERROR] [1738845671.120540741] [CompressedPublisher]: [16UC1] is not a color format. but [mono8] is. The conversion does not make sense[0m
[realsense2_camera_node-1] [31m[ERROR] [1738845671.131543955] [camera.camera]: cv_bridge exception: '[16UC1] is not a color format. but [bgr8] is. The conversion does not make sense'[0m
[realsense2_camera_node-1] [31m[ERROR] [1738845671.140437865] [compressed_depth_image_transport]: Compressed Depth Image Transport - Compression requires single-channel 32bit-floating  point or 16bit raw depth images (input format is: rgb8).[0m
[realsense2_camera_node-1] [31m[ERROR] [1738845671.166369337] [CompressedPublisher]: [16UC1] is not a color format. but [mono8] is. The conversion does not make sense[0m
[realsense2_camera_node-1] [31m[ERROR] [1738845671.180840594] [camera.camera]: cv_bridge exception: '[16UC1] is not a color format. but [bgr8] is. The conversion does not make sense'[0m
[realsense2_camera_node-1] [31m[ERROR] [1738845671.289151842] [CompressedPublisher]: [16UC1] is not a color format. but [mono8] is. The conversion does not make sense[0m
[realsense2_camera_node-1] [31m[ERROR] [1738845671.301332633] [camera.camera]: cv_bridge exception: '[16UC1] is not a color format. but [bgr8] is. The conversion does not make sense'[0m
[realsense2_camera_node-1] [31m[ERROR] [1738845671.311154694] [compressed_depth_image_transport]: Compressed Depth Image Transport - Compression requires single-channel 32bit-floating  point or 16bit raw depth images (input format is: rgb8).[0m
[realsense2_camera_node-1] [31m[ERROR] [1738845671.337854858] [CompressedPublisher]: [16UC1] is not a color format. but [mono8] is. The conversion does not make sense[0m
[realsense2_camera_node-1] [31m[ERROR] [1738845671.352112494] [camera.camera]: cv_bridge exception: '[16UC1] is not a color format. but [bgr8] is. The conversion does not make sense'[0m
[realsense2_camera_node-1] [31m[ERROR] [1738845671.454180623] [CompressedPublisher]: [16UC1] is not a color format. but [mono8] is. The conversion does not make sense[0m
[realsense2_camera_node-1] [31m[ERROR] [1738845671.467460212] [camera.camera]: cv_bridge exception: '[16UC1] is not a color format. but [bgr8] is. The conversion does not make sense'[0m
[realsense2_camera_node-1] [31m[ERROR] [1738845671.476845098] [compressed_depth_image_transport]: Compressed Depth Image Transport - Compression requires single-channel 32bit-floating  point or 16bit raw depth images (input format is: rgb8).[0m
[realsense2_camera_node-1] [31m[ERROR] [1738845671.501446845] [CompressedPublisher]: [16UC1] is not a color format. but [mono8] is. The conversion does not make sense[0m
[realsense2_camera_node-1] [31m[ERROR] [1738845671.516743991] [camera.camera]: cv_bridge exception: '[16UC1] is not a color format. but [bgr8] is. The conversion does not make sense'[0m
[realsense2_camera_node-1] [31m[ERROR] [1738845671.621327752] [CompressedPublisher]: [16UC1] is not a color format. but [mono8] is. The conversion does not make sense[0m
[realsense2_camera_node-1] [31m[ERROR] [1738845671.634037478] [camera.camera]: cv_bridge exception: '[16UC1] is not a color format. but [bgr8] is. The conversion does not make sense'[0m
[realsense2_camera_node-1] [31m[ERROR] [1738845671.643458115] [compressed_depth_image_transport]: Compressed Depth Image Transport - Compression requires single-channel 32bit-floating  point or 16bit raw depth images (input format is: rgb8).[0m
[realsense2_camera_node-1] [31m[ERROR] [1738845671.666858103] [CompressedPublisher]: [16UC1] is not a color format. but [mono8] is. The conversion does not make sense[0m
[realsense2_camera_node-1] [31m[ERROR] [1738845671.683553675] [camera.camera]: cv_bridge exception: '[16UC1] is not a color format. but [bgr8] is. The conversion does not make sense'[0m
[realsense2_camera_node-1] [31m[ERROR] [1738845671.789220148] [CompressedPublisher]: [16UC1] is not a color format. but [mono8] is. The conversion does not make sense[0m
[realsense2_camera_node-1] [31m[ERROR] [1738845671.800860408] [camera.camera]: cv_bridge exception: '[16UC1] is not a color format. but [bgr8] is. The conversion does not make sense'[0m
[realsense2_camera_node-1] [31m[ERROR] [1738845671.811689762] [compressed_depth_image_transport]: Compressed Depth Image Transport - Compression requires single-channel 32bit-floating  point or 16bit raw depth images (input format is: rgb8).[0m
[realsense2_camera_node-1] [31m[ERROR] [1738845671.835229749] [CompressedPublisher]: [16UC1] is not a color format. but [mono8] is. The conversion does not make sense[0m
[realsense2_camera_node-1] [31m[ERROR] [1738845671.849752431] [camera.camera]: cv_bridge exception: '[16UC1] is not a color format. but [bgr8] is. The conversion does not make sense'[0m
[realsense2_camera_node-1] [31m[ERROR] [1738845671.955477513] [CompressedPublisher]: [16UC1] is not a color format. but [mono8] is. The conversion does not make sense[0m
[realsense2_camera_node-1] [31m[ERROR] [1738845671.966564402] [camera.camera]: cv_bridge exception: '[16UC1] is not a color format. but [bgr8] is. The conversion does not make sense'[0m
[realsense2_camera_node-1] [31m[ERROR] [1738845671.976359042] [compressed_depth_image_transport]: Compressed Depth Image Transport - Compression requires single-channel 32bit-floating  point or 16bit raw depth images (input format is: rgb8).[0m
[realsense2_camera_node-1] [31m[ERROR] [1738845672.001876956] [CompressedPublisher]: [16UC1] is not a color format. but [mono8] is. The conversion does not make sense[0m
[realsense2_camera_node-1] [31m[ERROR] [1738845672.016516633] [camera.camera]: cv_bridge exception: '[16UC1] is not a color format. but [bgr8] is. The conversion does not make sense'[0m
[realsense2_camera_node-1] [31m[ERROR] [1738845672.123108356] [CompressedPublisher]: [16UC1] is not a color format. but [mono8] is. The conversion does not make sense[0m
[realsense2_camera_node-1] [31m[ERROR] [1738845672.134025640] [camera.camera]: cv_bridge exception: '[16UC1] is not a color format. but [bgr8] is. The conversion does not make sense'[0m
[realsense2_camera_node-1] [31m[ERROR] [1738845672.142767401] [compressed_depth_image_transport]: Compressed Depth Image Transport - Compression requires single-channel 32bit-floating  point or 16bit raw depth images (input format is: rgb8).[0m
[realsense2_camera_node-1] [31m[ERROR] [1738845672.168387956] [CompressedPublisher]: [16UC1] is not a color format. but [mono8] is. The conversion does not make sense[0m
[realsense2_camera_node-1] [31m[ERROR] [1738845672.182648111] [camera.camera]: cv_bridge exception: '[16UC1] is not a color format. but [bgr8] is. The conversion does not make sense'[0m
[realsense2_camera_node-1] [31m[ERROR] [1738845672.289362100] [CompressedPublisher]: [16UC1] is not a color format. but [mono8] is. The conversion does not make sense[0m
[realsense2_camera_node-1] [31m[ERROR] [1738845672.302972339] [camera.camera]: cv_bridge exception: '[16UC1] is not a color format. but [bgr8] is. The conversion does not make sense'[0m
[realsense2_camera_node-1] [31m[ERROR] [1738845672.314970530] [compressed_depth_image_transport]: Compressed Depth Image Transport - Compression requires single-channel 32bit-floating  point or 16bit raw depth images (input format is: rgb8).[0m
[realsense2_camera_node-1] [31m[ERROR] [1738845672.344369092] [CompressedPublisher]: [16UC1] is not a color format. but [mono8] is. The conversion does not make sense[0m
[realsense2_camera_node-1] [31m[ERROR] [1738845672.359556346] [camera.camera]: cv_bridge exception: '[16UC1] is not a color format. but [bgr8] is. The conversion does not make sense'[0m
[realsense2_camera_node-1] [31m[ERROR] [1738845672.456541286] [CompressedPublisher]: [16UC1] is not a color format. but [mono8] is. The conversion does not make sense[0m
[realsense2_camera_node-1] [31m[ERROR] [1738845672.467363764] [camera.camera]: cv_bridge exception: '[16UC1] is not a color format. but [bgr8] is. The conversion does not make sense'[0m
[realsense2_camera_node-1] [31m[ERROR] [1738845672.477509133] [compressed_depth_image_transport]: Compressed Depth Image Transport - Compression requires single-channel 32bit-floating  point or 16bit raw depth images (input format is: rgb8).[0m
[realsense2_camera_node-1] [31m[ERROR] [1738845672.501593574] [CompressedPublisher]: [16UC1] is not a color format. but [mono8] is. The conversion does not make sense[0m
[realsense2_camera_node-1] [31m[ERROR] [1738845672.516070937] [camera.camera]: cv_bridge exception: '[16UC1] is not a color format. but [bgr8] is. The conversion does not make sense'[0m
[realsense2_camera_node-1] [31m[ERROR] [1738845672.623592641] [CompressedPublisher]: [16UC1] is not a color format. but [mono8] is. The conversion does not make sense[0m
[realsense2_camera_node-1] [31m[ERROR] [1738845672.634453792] [camera.camera]: cv_bridge exception: '[16UC1] is not a color format. but [bgr8] is. The conversion does not make sense'[0m
[realsense2_camera_node-1] [31m[ERROR] [1738845672.643855557] [compressed_depth_image_transport]: Compressed Depth Image Transport - Compression requires single-channel 32bit-floating  point or 16bit raw depth images (input format is: rgb8).[0m
[realsense2_camera_node-1] [31m[ERROR] [1738845672.669755091] [CompressedPublisher]: [16UC1] is not a color format. but [mono8] is. The conversion does not make sense[0m
[realsense2_camera_node-1] [31m[ERROR] [1738845672.683985295] [camera.camera]: cv_bridge exception: '[16UC1] is not a color format. but [bgr8] is. The conversion does not make sense'[0m
[realsense2_camera_node-1] [31m[ERROR] [1738845672.791346200] [CompressedPublisher]: [16UC1] is not a color format. but [mono8] is. The conversion does not make sense[0m
[realsense2_camera_node-1] [31m[ERROR] [1738845672.802197056] [camera.camera]: cv_bridge exception: '[16UC1] is not a color format. but [bgr8] is. The conversion does not make sense'[0m
[realsense2_camera_node-1] [31m[ERROR] [1738845672.810822831] [compressed_depth_image_transport]: Compressed Depth Image Transport - Compression requires single-channel 32bit-floating  point or 16bit raw depth images (input format is: rgb8).[0m
[realsense2_camera_node-1] [31m[ERROR] [1738845672.836680120] [CompressedPublisher]: [16UC1] is not a color format. but [mono8] is. The conversion does not make sense[0m
[realsense2_camera_node-1] [31m[ERROR] [1738845672.850919218] [camera.camera]: cv_bridge exception: '[16UC1] is not a color format. but [bgr8] is. The conversion does not make sense'[0m
[realsense2_camera_node-1] [31m[ERROR] [1738845672.957478232] [CompressedPublisher]: [16UC1] is not a color format. but [mono8] is. The conversion does not make sense[0m
[realsense2_camera_node-1] [31m[ERROR] [1738845672.969640539] [camera.camera]: cv_bridge exception: '[16UC1] is not a color format. but [bgr8] is. The conversion does not make sense'[0m
[realsense2_camera_node-1] [31m[ERROR] [1738845672.979123883] [compressed_depth_image_transport]: Compressed Depth Image Transport - Compression requires single-channel 32bit-floating  point or 16bit raw depth images (input format is: rgb8).[0m
[realsense2_camera_node-1] [31m[ERROR] [1738845673.002524113] [CompressedPublisher]: [16UC1] is not a color format. but [mono8] is. The conversion does not make sense[0m
[realsense2_camera_node-1] [31m[ERROR] [1738845673.019184881] [camera.camera]: cv_bridge exception: '[16UC1] is not a color format. but [bgr8] is. The conversion does not make sense'[0m
[realsense2_camera_node-1] [31m[ERROR] [1738845673.125693918] [CompressedPublisher]: [16UC1] is not a color format. but [mono8] is. The conversion does not make sense[0m
[realsense2_camera_node-1] [31m[ERROR] [1738845673.137063403] [camera.camera]: cv_bridge exception: '[16UC1] is not a color format. but [bgr8] is. The conversion does not make sense'[0m
[realsense2_camera_node-1] [31m[ERROR] [1738845673.146265510] [compressed_depth_image_transport]: Compressed Depth Image Transport - Compression requires single-channel 32bit-floating  point or 16bit raw depth images (input format is: rgb8).[0m
[realsense2_camera_node-1] [31m[ERROR] [1738845673.169238992] [CompressedPublisher]: [16UC1] is not a color format. but [mono8] is. The conversion does not make sense[0m
[realsense2_camera_node-1] [31m[ERROR] [1738845673.185508799] [camera.camera]: cv_bridge exception: '[16UC1] is not a color format. but [bgr8] is. The conversion does not make sense'[0m
[realsense2_camera_node-1] [31m[ERROR] [1738845673.291841798] [CompressedPublisher]: [16UC1] is not a color format. but [mono8] is. The conversion does not make sense[0m
[realsense2_camera_node-1] [31m[ERROR] [1738845673.302467676] [camera.camera]: cv_bridge exception: '[16UC1] is not a color format. but [bgr8] is. The conversion does not make sense'[0m
[realsense2_camera_node-1] [31m[ERROR] [1738845673.313715310] [compressed_depth_image_transport]: Compressed Depth Image Transport - Compression requires single-channel 32bit-floating  point or 16bit raw depth images (input format is: rgb8).[0m
[realsense2_camera_node-1] [31m[ERROR] [1738845673.337019298] [CompressedPublisher]: [16UC1] is not a color format. but [mono8] is. The conversion does not make sense[0m
[realsense2_camera_node-1] [31m[ERROR] [1738845673.350948730] [camera.camera]: cv_bridge exception: '[16UC1] is not a color format. but [bgr8] is. The conversion does not make sense'[0m
[realsense2_camera_node-1] [31m[ERROR] [1738845673.458823762] [CompressedPublisher]: [16UC1] is not a color format. but [mono8] is. The conversion does not make sense[0m
[realsense2_camera_node-1] [31m[ERROR] [1738845673.469705815] [camera.camera]: cv_bridge exception: '[16UC1] is not a color format. but [bgr8] is. The conversion does not make sense'[0m
[realsense2_camera_node-1] [31m[ERROR] [1738845673.479622124] [compressed_depth_image_transport]: Compressed Depth Image Transport - Compression requires single-channel 32bit-floating  point or 16bit raw depth images (input format is: rgb8).[0m
[realsense2_camera_node-1] [31m[ERROR] [1738845673.503699190] [CompressedPublisher]: [16UC1] is not a color format. but [mono8] is. The conversion does not make sense[0m
[realsense2_camera_node-1] [31m[ERROR] [1738845673.517929700] [camera.camera]: cv_bridge exception: '[16UC1] is not a color format. but [bgr8] is. The conversion does not make sense'[0m
[realsense2_camera_node-1] [31m[ERROR] [1738845673.628767936] [CompressedPublisher]: [16UC1] is not a color format. but [mono8] is. The conversion does not make sense[0m
[realsense2_camera_node-1] [31m[ERROR] [1738845673.644196902] [camera.camera]: cv_bridge exception: '[16UC1] is not a color format. but [bgr8] is. The conversion does not make sense'[0m
[realsense2_camera_node-1] [31m[ERROR] [1738845673.655950256] [compressed_depth_image_transport]: Compressed Depth Image Transport - Compression requires single-channel 32bit-floating  point or 16bit raw depth images (input format is: rgb8).[0m
[realsense2_camera_node-1] [31m[ERROR] [1738845673.684706360] [CompressedPublisher]: [16UC1] is not a color format. but [mono8] is. The conversion does not make sense[0m
[realsense2_camera_node-1] [31m[ERROR] [1738845673.700289899] [camera.camera]: cv_bridge exception: '[16UC1] is not a color format. but [bgr8] is. The conversion does not make sense'[0m
[realsense2_camera_node-1] [31m[ERROR] [1738845673.794952256] [CompressedPublisher]: [16UC1] is not a color format. but [mono8] is. The conversion does not make sense[0m
[realsense2_camera_node-1] [31m[ERROR] [1738845673.806561943] [camera.camera]: cv_bridge exception: '[16UC1] is not a color format. but [bgr8] is. The conversion does not make sense'[0m
[realsense2_camera_node-1] [31m[ERROR] [1738845673.815390072] [compressed_depth_image_transport]: Compressed Depth Image Transport - Compression requires single-channel 32bit-floating  point or 16bit raw depth images (input format is: rgb8).[0m
[realsense2_camera_node-1] [31m[ERROR] [1738845673.840310954] [CompressedPublisher]: [16UC1] is not a color format. but [mono8] is. The conversion does not make sense[0m
[realsense2_camera_node-1] [31m[ERROR] [1738845673.855137466] [camera.camera]: cv_bridge exception: '[16UC1] is not a color format. but [bgr8] is. The conversion does not make sense'[0m
[realsense2_camera_node-1] [31m[ERROR] [1738845673.959959972] [CompressedPublisher]: [16UC1] is not a color format. but [mono8] is. The conversion does not make sense[0m
[realsense2_camera_node-1] [31m[ERROR] [1738845673.972241660] [camera.camera]: cv_bridge exception: '[16UC1] is not a color format. but [bgr8] is. The conversion does not make sense'[0m
[realsense2_camera_node-1] [31m[ERROR] [1738845673.981875483] [compressed_depth_image_transport]: Compressed Depth Image Transport - Compression requires single-channel 32bit-floating  point or 16bit raw depth images (input format is: rgb8).[0m
[realsense2_camera_node-1] [31m[ERROR] [1738845674.007575782] [CompressedPublisher]: [16UC1] is not a color format. but [mono8] is. The conversion does not make sense[0m
[realsense2_camera_node-1] [31m[ERROR] [1738845674.024308487] [camera.camera]: cv_bridge exception: '[16UC1] is not a color format. but [bgr8] is. The conversion does not make sense'[0m
[realsense2_camera_node-1] [31m[ERROR] [1738845674.127087502] [CompressedPublisher]: [16UC1] is not a color format. but [mono8] is. The conversion does not make sense[0m
[realsense2_camera_node-1] [31m[ERROR] [1738845674.138215388] [camera.camera]: cv_bridge exception: '[16UC1] is not a color format. but [bgr8] is. The conversion does not make sense'[0m
[realsense2_camera_node-1] [31m[ERROR] [1738845674.147004450] [compressed_depth_image_transport]: Compressed Depth Image Transport - Compression requires single-channel 32bit-floating  point or 16bit raw depth images (input format is: rgb8).[0m
[realsense2_camera_node-1] [31m[ERROR] [1738845674.172941021] [CompressedPublisher]: [16UC1] is not a color format. but [mono8] is. The conversion does not make sense[0m
[realsense2_camera_node-1] [31m[ERROR] [1738845674.186935568] [camera.camera]: cv_bridge exception: '[16UC1] is not a color format. but [bgr8] is. The conversion does not make sense'[0m
[realsense2_camera_node-1] [31m[ERROR] [1738845674.294430267] [CompressedPublisher]: [16UC1] is not a color format. but [mono8] is. The conversion does not make sense[0m
[realsense2_camera_node-1] [31m[ERROR] [1738845674.305104569] [camera.camera]: cv_bridge exception: '[16UC1] is not a color format. but [bgr8] is. The conversion does not make sense'[0m
[realsense2_camera_node-1] [31m[ERROR] [1738845674.314076251] [compressed_depth_image_transport]: Compressed Depth Image Transport - Compression requires single-channel 32bit-floating  point or 16bit raw depth images (input format is: rgb8).[0m
[realsense2_camera_node-1] [31m[ERROR] [1738845674.339753551] [CompressedPublisher]: [16UC1] is not a color format. but [mono8] is. The conversion does not make sense[0m
[realsense2_camera_node-1] [31m[ERROR] [1738845674.353871868] [camera.camera]: cv_bridge exception: '[16UC1] is not a color format. but [bgr8] is. The conversion does not make sense'[0m
[realsense2_camera_node-1] [31m[ERROR] [1738845674.461746145] [CompressedPublisher]: [16UC1] is not a color format. but [mono8] is. The conversion does not make sense[0m
[realsense2_camera_node-1] [31m[ERROR] [1738845674.472320068] [camera.camera]: cv_bridge exception: '[16UC1] is not a color format. but [bgr8] is. The conversion does not make sense'[0m
[realsense2_camera_node-1] [31m[ERROR] [1738845674.481255700] [compressed_depth_image_transport]: Compressed Depth Image Transport - Compression requires single-channel 32bit-floating  point or 16bit raw depth images (input format is: rgb8).[0m
[realsense2_camera_node-1] [31m[ERROR] [1738845674.508005607] [CompressedPublisher]: [16UC1] is not a color format. but [mono8] is. The conversion does not make sense[0m
[realsense2_camera_node-1] [31m[ERROR] [1738845674.526846878] [camera.camera]: cv_bridge exception: '[16UC1] is not a color format. but [bgr8] is. The conversion does not make sense'[0m
[realsense2_camera_node-1] [31m[ERROR] [1738845674.628240034] [CompressedPublisher]: [16UC1] is not a color format. but [mono8] is. The conversion does not make sense[0m
[realsense2_camera_node-1] [31m[ERROR] [1738845674.641750530] [camera.camera]: cv_bridge exception: '[16UC1] is not a color format. but [bgr8] is. The conversion does not make sense'[0m
[realsense2_camera_node-1] [31m[ERROR] [1738845674.650458415] [compressed_depth_image_transport]: Compressed Depth Image Transport - Compression requires single-channel 32bit-floating  point or 16bit raw depth images (input format is: rgb8).[0m
[realsense2_camera_node-1] [31m[ERROR] [1738845674.673741595] [CompressedPublisher]: [16UC1] is not a color format. but [mono8] is. The conversion does not make sense[0m
[realsense2_camera_node-1] [31m[ERROR] [1738845674.690295618] [camera.camera]: cv_bridge exception: '[16UC1] is not a color format. but [bgr8] is. The conversion does not make sense'[0m
[realsense2_camera_node-1] [31m[ERROR] [1738845674.795380292] [CompressedPublisher]: [16UC1] is not a color format. but [mono8] is. The conversion does not make sense[0m
[realsense2_camera_node-1] [31m[ERROR] [1738845674.806288454] [camera.camera]: cv_bridge exception: '[16UC1] is not a color format. but [bgr8] is. The conversion does not make sense'[0m
[realsense2_camera_node-1] [31m[ERROR] [1738845674.817607821] [compressed_depth_image_transport]: Compressed Depth Image Transport - Compression requires single-channel 32bit-floating  point or 16bit raw depth images (input format is: rgb8).[0m
[realsense2_camera_node-1] [31m[ERROR] [1738845674.841003000] [CompressedPublisher]: [16UC1] is not a color format. but [mono8] is. The conversion does not make sense[0m
[realsense2_camera_node-1] [31m[ERROR] [1738845674.856376501] [camera.camera]: cv_bridge exception: '[16UC1] is not a color format. but [bgr8] is. The conversion does not make sense'[0m
[realsense2_camera_node-1] [31m[ERROR] [1738845674.962315998] [CompressedPublisher]: [16UC1] is not a color format. but [mono8] is. The conversion does not make sense[0m
[realsense2_camera_node-1] [31m[ERROR] [1738845674.973152731] [camera.camera]: cv_bridge exception: '[16UC1] is not a color format. but [bgr8] is. The conversion does not make sense'[0m
[realsense2_camera_node-1] [31m[ERROR] [1738845674.982409067] [compressed_depth_image_transport]: Compressed Depth Image Transport - Compression requires single-channel 32bit-floating  point or 16bit raw depth images (input format is: rgb8).[0m
[realsense2_camera_node-1] [31m[ERROR] [1738845675.007295234] [CompressedPublisher]: [16UC1] is not a color format. but [mono8] is. The conversion does not make sense[0m
[realsense2_camera_node-1] [31m[ERROR] [1738845675.021307822] [camera.camera]: cv_bridge exception: '[16UC1] is not a color format. but [bgr8] is. The conversion does not make sense'[0m
[realsense2_camera_node-1] [31m[ERROR] [1738845675.129406626] [CompressedPublisher]: [16UC1] is not a color format. but [mono8] is. The conversion does not make sense[0m
[realsense2_camera_node-1] [31m[ERROR] [1738845675.140207424] [camera.camera]: cv_bridge exception: '[16UC1] is not a color format. but [bgr8] is. The conversion does not make sense'[0m
[realsense2_camera_node-1] [31m[ERROR] [1738845675.149033575] [compressed_depth_image_transport]: Compressed Depth Image Transport - Compression requires single-channel 32bit-floating  point or 16bit raw depth images (input format is: rgb8).[0m
[realsense2_camera_node-1] [31m[ERROR] [1738845675.174926905] [CompressedPublisher]: [16UC1] is not a color format. but [mono8] is. The conversion does not make sense[0m
[realsense2_camera_node-1] [31m[ERROR] [1738845675.189019256] [camera.camera]: cv_bridge exception: '[16UC1] is not a color format. but [bgr8] is. The conversion does not make sense'[0m
[realsense2_camera_node-1] [31m[ERROR] [1738845675.300182249] [CompressedPublisher]: [16UC1] is not a color format. but [mono8] is. The conversion does not make sense[0m
[realsense2_camera_node-1] [31m[ERROR] [1738845675.310794763] [camera.camera]: cv_bridge exception: '[16UC1] is not a color format. but [bgr8] is. The conversion does not make sense'[0m
[realsense2_camera_node-1] [31m[ERROR] [1738845675.319053033] [compressed_depth_image_transport]: Compressed Depth Image Transport - Compression requires single-channel 32bit-floating  point or 16bit raw depth images (input format is: rgb8).[0m
[realsense2_camera_node-1] [31m[ERROR] [1738845675.345667342] [CompressedPublisher]: [16UC1] is not a color format. but [mono8] is. The conversion does not make sense[0m
[realsense2_camera_node-1] [31m[ERROR] [1738845675.359727486] [camera.camera]: cv_bridge exception: '[16UC1] is not a color format. but [bgr8] is. The conversion does not make sense'[0m
[realsense2_camera_node-1] [31m[ERROR] [1738845675.464192679] [CompressedPublisher]: [16UC1] is not a color format. but [mono8] is. The conversion does not make sense[0m
[realsense2_camera_node-1] [31m[ERROR] [1738845675.474610505] [camera.camera]: cv_bridge exception: '[16UC1] is not a color format. but [bgr8] is. The conversion does not make sense'[0m
[realsense2_camera_node-1] [31m[ERROR] [1738845675.483284897] [compressed_depth_image_transport]: Compressed Depth Image Transport - Compression requires single-channel 32bit-floating  point or 16bit raw depth images (input format is: rgb8).[0m
[realsense2_camera_node-1] [31m[ERROR] [1738845675.512171273] [CompressedPublisher]: [16UC1] is not a color format. but [mono8] is. The conversion does not make sense[0m
[realsense2_camera_node-1] [31m[ERROR] [1738845675.526008176] [camera.camera]: cv_bridge exception: '[16UC1] is not a color format. but [bgr8] is. The conversion does not make sense'[0m
[realsense2_camera_node-1] [31m[ERROR] [1738845675.632771858] [CompressedPublisher]: [16UC1] is not a color format. but [mono8] is. The conversion does not make sense[0m
[realsense2_camera_node-1] [31m[ERROR] [1738845675.647119778] [camera.camera]: cv_bridge exception: '[16UC1] is not a color format. but [bgr8] is. The conversion does not make sense'[0m
[realsense2_camera_node-1] [31m[ERROR] [1738845675.657927893] [compressed_depth_image_transport]: Compressed Depth Image Transport - Compression requires single-channel 32bit-floating  point or 16bit raw depth images (input format is: rgb8).[0m
[realsense2_camera_node-1] [31m[ERROR] [1738845675.685505879] [CompressedPublisher]: [16UC1] is not a color format. but [mono8] is. The conversion does not make sense[0m
[realsense2_camera_node-1] [31m[ERROR] [1738845675.700182441] [camera.camera]: cv_bridge exception: '[16UC1] is not a color format. but [bgr8] is. The conversion does not make sense'[0m
[realsense2_camera_node-1] [31m[ERROR] [1738845675.798206017] [CompressedPublisher]: [16UC1] is not a color format. but [mono8] is. The conversion does not make sense[0m
[realsense2_camera_node-1] [31m[ERROR] [1738845675.808471651] [camera.camera]: cv_bridge exception: '[16UC1] is not a color format. but [bgr8] is. The conversion does not make sense'[0m
[realsense2_camera_node-1] [31m[ERROR] [1738845675.816680719] [compressed_depth_image_transport]: Compressed Depth Image Transport - Compression requires single-channel 32bit-floating  point or 16bit raw depth images (input format is: rgb8).[0m
[realsense2_camera_node-1] [31m[ERROR] [1738845675.844432823] [CompressedPublisher]: [16UC1] is not a color format. but [mono8] is. The conversion does not make sense[0m
[realsense2_camera_node-1] [31m[ERROR] [1738845675.858271097] [camera.camera]: cv_bridge exception: '[16UC1] is not a color format. but [bgr8] is. The conversion does not make sense'[0m
[realsense2_camera_node-1] [31m[ERROR] [1738845675.964394329] [CompressedPublisher]: [16UC1] is not a color format. but [mono8] is. The conversion does not make sense[0m
[realsense2_camera_node-1] [31m[ERROR] [1738845675.974592502] [camera.camera]: cv_bridge exception: '[16UC1] is not a color format. but [bgr8] is. The conversion does not make sense'[0m
[realsense2_camera_node-1] [31m[ERROR] [1738845675.983038348] [compressed_depth_image_transport]: Compressed Depth Image Transport - Compression requires single-channel 32bit-floating  point or 16bit raw depth images (input format is: rgb8).[0m
[realsense2_camera_node-1] [31m[ERROR] [1738845676.012194945] [CompressedPublisher]: [16UC1] is not a color format. but [mono8] is. The conversion does not make sense[0m
[realsense2_camera_node-1] [31m[ERROR] [1738845676.025816313] [camera.camera]: cv_bridge exception: '[16UC1] is not a color format. but [bgr8] is. The conversion does not make sense'[0m
[realsense2_camera_node-1] [31m[ERROR] [1738845676.131180134] [CompressedPublisher]: [16UC1] is not a color format. but [mono8] is. The conversion does not make sense[0m
[realsense2_camera_node-1] [31m[ERROR] [1738845676.143381144] [camera.camera]: cv_bridge exception: '[16UC1] is not a color format. but [bgr8] is. The conversion does not make sense'[0m
[realsense2_camera_node-1] [31m[ERROR] [1738845676.151814729] [compressed_depth_image_transport]: Compressed Depth Image Transport - Compression requires single-channel 32bit-floating  point or 16bit raw depth images (input format is: rgb8).[0m
[realsense2_camera_node-1] [31m[ERROR] [1738845676.178775441] [CompressedPublisher]: [16UC1] is not a color format. but [mono8] is. The conversion does not make sense[0m
[realsense2_camera_node-1] [31m[ERROR] [1738845676.193128099] [camera.camera]: cv_bridge exception: '[16UC1] is not a color format. but [bgr8] is. The conversion does not make sense'[0m
[realsense2_camera_node-1] [31m[ERROR] [1738845676.298334043] [CompressedPublisher]: [16UC1] is not a color format. but [mono8] is. The conversion does not make sense[0m
[realsense2_camera_node-1] [31m[ERROR] [1738845676.308546650] [camera.camera]: cv_bridge exception: '[16UC1] is not a color format. but [bgr8] is. The conversion does not make sense'[0m
[realsense2_camera_node-1] [31m[ERROR] [1738845676.318836577] [compressed_depth_image_transport]: Compressed Depth Image Transport - Compression requires single-channel 32bit-floating  point or 16bit raw depth images (input format is: rgb8).[0m
[realsense2_camera_node-1] [31m[ERROR] [1738845676.344551352] [CompressedPublisher]: [16UC1] is not a color format. but [mono8] is. The conversion does not make sense[0m
[realsense2_camera_node-1] [31m[ERROR] [1738845676.360627459] [camera.camera]: cv_bridge exception: '[16UC1] is not a color format. but [bgr8] is. The conversion does not make sense'[0m
[realsense2_camera_node-1] [31m[ERROR] [1738845676.466055461] [CompressedPublisher]: [16UC1] is not a color format. but [mono8] is. The conversion does not make sense[0m
[realsense2_camera_node-1] [31m[ERROR] [1738845676.479739796] [camera.camera]: cv_bridge exception: '[16UC1] is not a color format. but [bgr8] is. The conversion does not make sense'[0m
[realsense2_camera_node-1] [31m[ERROR] [1738845676.488012764] [compressed_depth_image_transport]: Compressed Depth Image Transport - Compression requires single-channel 32bit-floating  point or 16bit raw depth images (input format is: rgb8).[0m
[realsense2_camera_node-1] [31m[ERROR] [1738845676.518462681] [CompressedPublisher]: [16UC1] is not a color format. but [mono8] is. The conversion does not make sense[0m
[realsense2_camera_node-1] [31m[ERROR] [1738845676.532353285] [camera.camera]: cv_bridge exception: '[16UC1] is not a color format. but [bgr8] is. The conversion does not make sense'[0m
[realsense2_camera_node-1] [31m[ERROR] [1738845676.632462807] [CompressedPublisher]: [16UC1] is not a color format. but [mono8] is. The conversion does not make sense[0m
[realsense2_camera_node-1] [31m[ERROR] [1738845676.643413949] [camera.camera]: cv_bridge exception: '[16UC1] is not a color format. but [bgr8] is. The conversion does not make sense'[0m
[realsense2_camera_node-1] [31m[ERROR] [1738845676.653913649] [compressed_depth_image_transport]: Compressed Depth Image Transport - Compression requires single-channel 32bit-floating  point or 16bit raw depth images (input format is: rgb8).[0m
[realsense2_camera_node-1] [31m[ERROR] [1738845676.680253171] [CompressedPublisher]: [16UC1] is not a color format. but [mono8] is. The conversion does not make sense[0m
[realsense2_camera_node-1] [31m[ERROR] [1738845676.695102021] [camera.camera]: cv_bridge exception: '[16UC1] is not a color format. but [bgr8] is. The conversion does not make sense'[0m
[realsense2_camera_node-1] [31m[ERROR] [1738845676.801457100] [CompressedPublisher]: [16UC1] is not a color format. but [mono8] is. The conversion does not make sense[0m
[realsense2_camera_node-1] [31m[ERROR] [1738845676.813587766] [camera.camera]: cv_bridge exception: '[16UC1] is not a color format. but [bgr8] is. The conversion does not make sense'[0m
[realsense2_camera_node-1] [31m[ERROR] [1738845676.821556038] [compressed_depth_image_transport]: Compressed Depth Image Transport - Compression requires single-channel 32bit-floating  point or 16bit raw depth images (input format is: rgb8).[0m
[realsense2_camera_node-1] [31m[ERROR] [1738845676.849553990] [CompressedPublisher]: [16UC1] is not a color format. but [mono8] is. The conversion does not make sense[0m
[realsense2_camera_node-1] [31m[ERROR] [1738845676.863817459] [camera.camera]: cv_bridge exception: '[16UC1] is not a color format. but [bgr8] is. The conversion does not make sense'[0m
[realsense2_camera_node-1] [31m[ERROR] [1738845676.969217847] [CompressedPublisher]: [16UC1] is not a color format. but [mono8] is. The conversion does not make sense[0m
[realsense2_camera_node-1] [31m[ERROR] [1738845676.980717226] [camera.camera]: cv_bridge exception: '[16UC1] is not a color format. but [bgr8] is. The conversion does not make sense'[0m
[realsense2_camera_node-1] [31m[ERROR] [1738845676.988785119] [compressed_depth_image_transport]: Compressed Depth Image Transport - Compression requires single-channel 32bit-floating  point or 16bit raw depth images (input format is: rgb8).[0m
[realsense2_camera_node-1] [31m[ERROR] [1738845677.015488958] [CompressedPublisher]: [16UC1] is not a color format. but [mono8] is. The conversion does not make sense[0m
[realsense2_camera_node-1] [31m[ERROR] [1738845677.029750909] [camera.camera]: cv_bridge exception: '[16UC1] is not a color format. but [bgr8] is. The conversion does not make sense'[0m
[realsense2_camera_node-1] [31m[ERROR] [1738845677.134199681] [CompressedPublisher]: [16UC1] is not a color format. but [mono8] is. The conversion does not make sense[0m
[realsense2_camera_node-1] [31m[ERROR] [1738845677.149152872] [camera.camera]: cv_bridge exception: '[16UC1] is not a color format. but [bgr8] is. The conversion does not make sense'[0m
[realsense2_camera_node-1] [31m[ERROR] [1738845677.160523974] [compressed_depth_image_transport]: Compressed Depth Image Transport - Compression requires single-channel 32bit-floating  point or 16bit raw depth images (input format is: rgb8).[0m
[realsense2_camera_node-1] [31m[ERROR] [1738845677.192023135] [CompressedPublisher]: [16UC1] is not a color format. but [mono8] is. The conversion does not make sense[0m
[realsense2_camera_node-1] [31m[ERROR] [1738845677.206052480] [camera.camera]: cv_bridge exception: '[16UC1] is not a color format. but [bgr8] is. The conversion does not make sense'[0m
[realsense2_camera_node-1] [31m[ERROR] [1738845677.300561143] [CompressedPublisher]: [16UC1] is not a color format. but [mono8] is. The conversion does not make sense[0m
[realsense2_camera_node-1] [31m[ERROR] [1738845677.313142225] [camera.camera]: cv_bridge exception: '[16UC1] is not a color format. but [bgr8] is. The conversion does not make sense'[0m
[realsense2_camera_node-1] [31m[ERROR] [1738845677.321210744] [compressed_depth_image_transport]: Compressed Depth Image Transport - Compression requires single-channel 32bit-floating  point or 16bit raw depth images (input format is: rgb8).[0m
[realsense2_camera_node-1] [31m[ERROR] [1738845677.347358534] [CompressedPublisher]: [16UC1] is not a color format. but [mono8] is. The conversion does not make sense[0m
[realsense2_camera_node-1] [31m[ERROR] [1738845677.361712838] [camera.camera]: cv_bridge exception: '[16UC1] is not a color format. but [bgr8] is. The conversion does not make sense'[0m
[realsense2_camera_node-1] [31m[ERROR] [1738845677.469501414] [CompressedPublisher]: [16UC1] is not a color format. but [mono8] is. The conversion does not make sense[0m
[realsense2_camera_node-1] [31m[ERROR] [1738845677.480704801] [camera.camera]: cv_bridge exception: '[16UC1] is not a color format. but [bgr8] is. The conversion does not make sense'[0m
[realsense2_camera_node-1] [31m[ERROR] [1738845677.489465701] [compressed_depth_image_transport]: Compressed Depth Image Transport - Compression requires single-channel 32bit-floating  point or 16bit raw depth images (input format is: rgb8).[0m
[realsense2_camera_node-1] [31m[ERROR] [1738845677.516052746] [CompressedPublisher]: [16UC1] is not a color format. but [mono8] is. The conversion does not make sense[0m
[realsense2_camera_node-1] [31m[ERROR] [1738845677.530541483] [camera.camera]: cv_bridge exception: '[16UC1] is not a color format. but [bgr8] is. The conversion does not make sense'[0m
[realsense2_camera_node-1] [31m[ERROR] [1738845677.634700768] [CompressedPublisher]: [16UC1] is not a color format. but [mono8] is. The conversion does not make sense[0m
[realsense2_camera_node-1] [31m[ERROR] [1738845677.647324785] [camera.camera]: cv_bridge exception: '[16UC1] is not a color format. but [bgr8] is. The conversion does not make sense'[0m
[realsense2_camera_node-1] [31m[ERROR] [1738845677.656626208] [compressed_depth_image_transport]: Compressed Depth Image Transport - Compression requires single-channel 32bit-floating  point or 16bit raw depth images (input format is: rgb8).[0m
[realsense2_camera_node-1] [31m[ERROR] [1738845677.680314026] [CompressedPublisher]: [16UC1] is not a color format. but [mono8] is. The conversion does not make sense[0m
[realsense2_camera_node-1] [31m[ERROR] [1738845677.697261936] [camera.camera]: cv_bridge exception: '[16UC1] is not a color format. but [bgr8] is. The conversion does not make sense'[0m
[realsense2_camera_node-1] [31m[ERROR] [1738845677.801870827] [CompressedPublisher]: [16UC1] is not a color format. but [mono8] is. The conversion does not make sense[0m
[realsense2_camera_node-1] [31m[ERROR] [1738845677.813077303] [camera.camera]: cv_bridge exception: '[16UC1] is not a color format. but [bgr8] is. The conversion does not make sense'[0m
[realsense2_camera_node-1] [31m[ERROR] [1738845677.822080618] [compressed_depth_image_transport]: Compressed Depth Image Transport - Compression requires single-channel 32bit-floating  point or 16bit raw depth images (input format is: rgb8).[0m
[realsense2_camera_node-1] [31m[ERROR] [1738845677.849372567] [CompressedPublisher]: [16UC1] is not a color format. but [mono8] is. The conversion does not make sense[0m
[realsense2_camera_node-1] [31m[ERROR] [1738845677.863832936] [camera.camera]: cv_bridge exception: '[16UC1] is not a color format. but [bgr8] is. The conversion does not make sense'[0m
[realsense2_camera_node-1] [31m[ERROR] [1738845677.969750964] [CompressedPublisher]: [16UC1] is not a color format. but [mono8] is. The conversion does not make sense[0m
[realsense2_camera_node-1] [31m[ERROR] [1738845677.982392884] [camera.camera]: cv_bridge exception: '[16UC1] is not a color format. but [bgr8] is. The conversion does not make sense'[0m
[realsense2_camera_node-1] [31m[ERROR] [1738845677.991569248] [compressed_depth_image_transport]: Compressed Depth Image Transport - Compression requires single-channel 32bit-floating  point or 16bit raw depth images (input format is: rgb8).[0m
[realsense2_camera_node-1] [31m[ERROR] [1738845678.020267409] [CompressedPublisher]: [16UC1] is not a color format. but [mono8] is. The conversion does not make sense[0m
[realsense2_camera_node-1] [31m[ERROR] [1738845678.036169748] [camera.camera]: cv_bridge exception: '[16UC1] is not a color format. but [bgr8] is. The conversion does not make sense'[0m
[realsense2_camera_node-1] [31m[ERROR] [1738845678.135729214] [CompressedPublisher]: [16UC1] is not a color format. but [mono8] is. The conversion does not make sense[0m
[realsense2_camera_node-1] [31m[ERROR] [1738845678.148146654] [camera.camera]: cv_bridge exception: '[16UC1] is not a color format. but [bgr8] is. The conversion does not make sense'[0m
[realsense2_camera_node-1] [31m[ERROR] [1738845678.156749949] [compressed_depth_image_transport]: Compressed Depth Image Transport - Compression requires single-channel 32bit-floating  point or 16bit raw depth images (input format is: rgb8).[0m
[realsense2_camera_node-1] [31m[ERROR] [1738845678.180271537] [CompressedPublisher]: [16UC1] is not a color format. but [mono8] is. The conversion does not make sense[0m
[realsense2_camera_node-1] [31m[ERROR] [1738845678.196718491] [camera.camera]: cv_bridge exception: '[16UC1] is not a color format. but [bgr8] is. The conversion does not make sense'[0m
[realsense2_camera_node-1] [31m[ERROR] [1738845678.305732229] [CompressedPublisher]: [16UC1] is not a color format. but [mono8] is. The conversion does not make sense[0m
[realsense2_camera_node-1] [31m[ERROR] [1738845678.321681053] [camera.camera]: cv_bridge exception: '[16UC1] is not a color format. but [bgr8] is. The conversion does not make sense'[0m
[realsense2_camera_node-1] [31m[ERROR] [1738845678.333379792] [compressed_depth_image_transport]: Compressed Depth Image Transport - Compression requires single-channel 32bit-floating  point or 16bit raw depth images (input format is: rgb8).[0m
[realsense2_camera_node-1] [31m[ERROR] [1738845678.362984647] [CompressedPublisher]: [16UC1] is not a color format. but [mono8] is. The conversion does not make sense[0m
[realsense2_camera_node-1] [31m[ERROR] [1738845678.381127087] [camera.camera]: cv_bridge exception: '[16UC1] is not a color format. but [bgr8] is. The conversion does not make sense'[0m
[realsense2_camera_node-1] [31m[ERROR] [1738845678.469797691] [CompressedPublisher]: [16UC1] is not a color format. but [mono8] is. The conversion does not make sense[0m
[realsense2_camera_node-1] [31m[ERROR] [1738845678.480914169] [camera.camera]: cv_bridge exception: '[16UC1] is not a color format. but [bgr8] is. The conversion does not make sense'[0m
[realsense2_camera_node-1] [31m[ERROR] [1738845678.491979057] [compressed_depth_image_transport]: Compressed Depth Image Transport - Compression requires single-channel 32bit-floating  point or 16bit raw depth images (input format is: rgb8).[0m
[realsense2_camera_node-1] [31m[ERROR] [1738845678.516574387] [CompressedPublisher]: [16UC1] is not a color format. but [mono8] is. The conversion does not make sense[0m
[realsense2_camera_node-1] [31m[ERROR] [1738845678.533265578] [camera.camera]: cv_bridge exception: '[16UC1] is not a color format. but [bgr8] is. The conversion does not make sense'[0m
[realsense2_camera_node-1] [31m[ERROR] [1738845678.636562441] [CompressedPublisher]: [16UC1] is not a color format. but [mono8] is. The conversion does not make sense[0m
[realsense2_camera_node-1] [31m[ERROR] [1738845678.647565069] [camera.camera]: cv_bridge exception: '[16UC1] is not a color format. but [bgr8] is. The conversion does not make sense'[0m
[realsense2_camera_node-1] [31m[ERROR] [1738845678.656247221] [compressed_depth_image_transport]: Compressed Depth Image Transport - Compression requires single-channel 32bit-floating  point or 16bit raw depth images (input format is: rgb8).[0m
[realsense2_camera_node-1] [31m[ERROR] [1738845678.683633274] [CompressedPublisher]: [16UC1] is not a color format. but [mono8] is. The conversion does not make sense[0m
[realsense2_camera_node-1] [31m[ERROR] [1738845678.698225759] [camera.camera]: cv_bridge exception: '[16UC1] is not a color format. but [bgr8] is. The conversion does not make sense'[0m
[realsense2_camera_node-1] [31m[ERROR] [1738845678.803892691] [CompressedPublisher]: [16UC1] is not a color format. but [mono8] is. The conversion does not make sense[0m
[realsense2_camera_node-1] [31m[ERROR] [1738845678.817253197] [camera.camera]: cv_bridge exception: '[16UC1] is not a color format. but [bgr8] is. The conversion does not make sense'[0m
[realsense2_camera_node-1] [31m[ERROR] [1738845678.825960484] [compressed_depth_image_transport]: Compressed Depth Image Transport - Compression requires single-channel 32bit-floating  point or 16bit raw depth images (input format is: rgb8).[0m
[realsense2_camera_node-1] [31m[ERROR] [1738845678.850411045] [CompressedPublisher]: [16UC1] is not a color format. but [mono8] is. The conversion does not make sense[0m
[realsense2_camera_node-1] [31m[ERROR] [1738845678.867051544] [camera.camera]: cv_bridge exception: '[16UC1] is not a color format. but [bgr8] is. The conversion does not make sense'[0m
[realsense2_camera_node-1] [31m[ERROR] [1738845678.974054134] [CompressedPublisher]: [16UC1] is not a color format. but [mono8] is. The conversion does not make sense[0m
[realsense2_camera_node-1] [31m[ERROR] [1738845678.989016281] [camera.camera]: cv_bridge exception: '[16UC1] is not a color format. but [bgr8] is. The conversion does not make sense'[0m
[realsense2_camera_node-1] [31m[ERROR] [1738845678.998711768] [compressed_depth_image_transport]: Compressed Depth Image Transport - Compression requires single-channel 32bit-floating  point or 16bit raw depth images (input format is: rgb8).[0m
[realsense2_camera_node-1] [31m[ERROR] [1738845679.023516103] [CompressedPublisher]: [16UC1] is not a color format. but [mono8] is. The conversion does not make sense[0m
[realsense2_camera_node-1] [31m[ERROR] [1738845679.038048660] [camera.camera]: cv_bridge exception: '[16UC1] is not a color format. but [bgr8] is. The conversion does not make sense'[0m
[realsense2_camera_node-1] [31m[ERROR] [1738845679.140842703] [CompressedPublisher]: [16UC1] is not a color format. but [mono8] is. The conversion does not make sense[0m
[realsense2_camera_node-1] [31m[ERROR] [1738845679.157276989] [camera.camera]: cv_bridge exception: '[16UC1] is not a color format. but [bgr8] is. The conversion does not make sense'[0m
[realsense2_camera_node-1] [31m[ERROR] [1738845679.169504189] [compressed_depth_image_transport]: Compressed Depth Image Transport - Compression requires single-channel 32bit-floating  point or 16bit raw depth images (input format is: rgb8).[0m
[realsense2_camera_node-1] [31m[ERROR] [1738845679.203639877] [CompressedPublisher]: [16UC1] is not a color format. but [mono8] is. The conversion does not make sense[0m
[realsense2_camera_node-1] [31m[ERROR] [1738845679.223059181] [camera.camera]: cv_bridge exception: '[16UC1] is not a color format. but [bgr8] is. The conversion does not make sense'[0m
[realsense2_camera_node-1] [31m[ERROR] [1738845679.307199166] [CompressedPublisher]: [16UC1] is not a color format. but [mono8] is. The conversion does not make sense[0m
[realsense2_camera_node-1] [31m[ERROR] [1738845679.319760383] [camera.camera]: cv_bridge exception: '[16UC1] is not a color format. but [bgr8] is. The conversion does not make sense'[0m
[realsense2_camera_node-1] [31m[ERROR] [1738845679.329331648] [compressed_depth_image_transport]: Compressed Depth Image Transport - Compression requires single-channel 32bit-floating  point or 16bit raw depth images (input format is: rgb8).[0m
[realsense2_camera_node-1] [31m[ERROR] [1738845679.357269400] [CompressedPublisher]: [16UC1] is not a color format. but [mono8] is. The conversion does not make sense[0m
[realsense2_camera_node-1] [31m[ERROR] [1738845679.372508464] [camera.camera]: cv_bridge exception: '[16UC1] is not a color format. but [bgr8] is. The conversion does not make sense'[0m
[realsense2_camera_node-1] [31m[ERROR] [1738845679.472481018] [CompressedPublisher]: [16UC1] is not a color format. but [mono8] is. The conversion does not make sense[0m
[realsense2_camera_node-1] [31m[ERROR] [1738845679.486702099] [camera.camera]: cv_bridge exception: '[16UC1] is not a color format. but [bgr8] is. The conversion does not make sense'[0m
[realsense2_camera_node-1] [31m[ERROR] [1738845679.495492383] [compressed_depth_image_transport]: Compressed Depth Image Transport - Compression requires single-channel 32bit-floating  point or 16bit raw depth images (input format is: rgb8).[0m
[realsense2_camera_node-1] [31m[ERROR] [1738845679.520021249] [CompressedPublisher]: [16UC1] is not a color format. but [mono8] is. The conversion does not make sense[0m
[realsense2_camera_node-1] [31m[ERROR] [1738845679.537161763] [camera.camera]: cv_bridge exception: '[16UC1] is not a color format. but [bgr8] is. The conversion does not make sense'[0m
[realsense2_camera_node-1] [31m[ERROR] [1738845679.639271222] [CompressedPublisher]: [16UC1] is not a color format. but [mono8] is. The conversion does not make sense[0m
[realsense2_camera_node-1] [31m[ERROR] [1738845679.650521243] [camera.camera]: cv_bridge exception: '[16UC1] is not a color format. but [bgr8] is. The conversion does not make sense'[0m
[realsense2_camera_node-1] [31m[ERROR] [1738845679.659270591] [compressed_depth_image_transport]: Compressed Depth Image Transport - Compression requires single-channel 32bit-floating  point or 16bit raw depth images (input format is: rgb8).[0m
[realsense2_camera_node-1] [31m[ERROR] [1738845679.685452221] [CompressedPublisher]: [16UC1] is not a color format. but [mono8] is. The conversion does not make sense[0m
[realsense2_camera_node-1] [31m[ERROR] [1738845679.700154027] [camera.camera]: cv_bridge exception: '[16UC1] is not a color format. but [bgr8] is. The conversion does not make sense'[0m
[realsense2_camera_node-1] [31m[ERROR] [1738845679.807964797] [CompressedPublisher]: [16UC1] is not a color format. but [mono8] is. The conversion does not make sense[0m
[realsense2_camera_node-1] [31m[ERROR] [1738845679.819267566] [camera.camera]: cv_bridge exception: '[16UC1] is not a color format. but [bgr8] is. The conversion does not make sense'[0m
[realsense2_camera_node-1] [31m[ERROR] [1738845679.828255415] [compressed_depth_image_transport]: Compressed Depth Image Transport - Compression requires single-channel 32bit-floating  point or 16bit raw depth images (input format is: rgb8).[0m
[realsense2_camera_node-1] [31m[ERROR] [1738845679.853785484] [CompressedPublisher]: [16UC1] is not a color format. but [mono8] is. The conversion does not make sense[0m
[realsense2_camera_node-1] [31m[ERROR] [1738845679.868202749] [camera.camera]: cv_bridge exception: '[16UC1] is not a color format. but [bgr8] is. The conversion does not make sense'[0m
[realsense2_camera_node-1] [31m[ERROR] [1738845679.973307819] [CompressedPublisher]: [16UC1] is not a color format. but [mono8] is. The conversion does not make sense[0m
[realsense2_camera_node-1] [31m[ERROR] [1738845679.986469195] [camera.camera]: cv_bridge exception: '[16UC1] is not a color format. but [bgr8] is. The conversion does not make sense'[0m
[realsense2_camera_node-1] [31m[ERROR] [1738845679.995914927] [compressed_depth_image_transport]: Compressed Depth Image Transport - Compression requires single-channel 32bit-floating  point or 16bit raw depth images (input format is: rgb8).[0m
[realsense2_camera_node-1] [31m[ERROR] [1738845680.019307246] [CompressedPublisher]: [16UC1] is not a color format. but [mono8] is. The conversion does not make sense[0m
[realsense2_camera_node-1] [31m[ERROR] [1738845680.035434676] [camera.camera]: cv_bridge exception: '[16UC1] is not a color format. but [bgr8] is. The conversion does not make sense'[0m
[realsense2_camera_node-1] [31m[ERROR] [1738845680.140232280] [CompressedPublisher]: [16UC1] is not a color format. but [mono8] is. The conversion does not make sense[0m
[realsense2_camera_node-1] [31m[ERROR] [1738845680.151445818] [camera.camera]: cv_bridge exception: '[16UC1] is not a color format. but [bgr8] is. The conversion does not make sense'[0m
[realsense2_camera_node-1] [31m[ERROR] [1738845680.160001039] [compressed_depth_image_transport]: Compressed Depth Image Transport - Compression requires single-channel 32bit-floating  point or 16bit raw depth images (input format is: rgb8).[0m
[realsense2_camera_node-1] [31m[ERROR] [1738845680.187425008] [CompressedPublisher]: [16UC1] is not a color format. but [mono8] is. The conversion does not make sense[0m
[realsense2_camera_node-1] [31m[ERROR] [1738845680.202150447] [camera.camera]: cv_bridge exception: '[16UC1] is not a color format. but [bgr8] is. The conversion does not make sense'[0m
[realsense2_camera_node-1] [31m[ERROR] [1738845680.308029656] [CompressedPublisher]: [16UC1] is not a color format. but [mono8] is. The conversion does not make sense[0m
[realsense2_camera_node-1] [31m[ERROR] [1738845680.320927387] [camera.camera]: cv_bridge exception: '[16UC1] is not a color format. but [bgr8] is. The conversion does not make sense'[0m
[realsense2_camera_node-1] [31m[ERROR] [1738845680.329685368] [compressed_depth_image_transport]: Compressed Depth Image Transport - Compression requires single-channel 32bit-floating  point or 16bit raw depth images (input format is: rgb8).[0m
[realsense2_camera_node-1] [31m[ERROR] [1738845680.354945263] [CompressedPublisher]: [16UC1] is not a color format. but [mono8] is. The conversion does not make sense[0m
[realsense2_camera_node-1] [31m[ERROR] [1738845680.370417745] [camera.camera]: cv_bridge exception: '[16UC1] is not a color format. but [bgr8] is. The conversion does not make sense'[0m
[realsense2_camera_node-1] [31m[ERROR] [1738845680.474219546] [CompressedPublisher]: [16UC1] is not a color format. but [mono8] is. The conversion does not make sense[0m
[realsense2_camera_node-1] [31m[ERROR] [1738845680.485713969] [camera.camera]: cv_bridge exception: '[16UC1] is not a color format. but [bgr8] is. The conversion does not make sense'[0m
[realsense2_camera_node-1] [31m[ERROR] [1738845680.495962051] [compressed_depth_image_transport]: Compressed Depth Image Transport - Compression requires single-channel 32bit-floating  point or 16bit raw depth images (input format is: rgb8).[0m
[realsense2_camera_node-1] [31m[ERROR] [1738845680.519346657] [CompressedPublisher]: [16UC1] is not a color format. but [mono8] is. The conversion does not make sense[0m
[realsense2_camera_node-1] [31m[ERROR] [1738845680.533560471] [camera.camera]: cv_bridge exception: '[16UC1] is not a color format. but [bgr8] is. The conversion does not make sense'[0m
[realsense2_camera_node-1] [31m[ERROR] [1738845680.643329508] [CompressedPublisher]: [16UC1] is not a color format. but [mono8] is. The conversion does not make sense[0m
[realsense2_camera_node-1] [31m[ERROR] [1738845680.655533775] [camera.camera]: cv_bridge exception: '[16UC1] is not a color format. but [bgr8] is. The conversion does not make sense'[0m
[realsense2_camera_node-1] [31m[ERROR] [1738845680.664581386] [compressed_depth_image_transport]: Compressed Depth Image Transport - Compression requires single-channel 32bit-floating  point or 16bit raw depth images (input format is: rgb8).[0m
[realsense2_camera_node-1] [31m[ERROR] [1738845680.686794320] [CompressedPublisher]: [16UC1] is not a color format. but [mono8] is. The conversion does not make sense[0m
[realsense2_camera_node-1] [31m[ERROR] [1738845680.702794766] [camera.camera]: cv_bridge exception: '[16UC1] is not a color format. but [bgr8] is. The conversion does not make sense'[0m
[realsense2_camera_node-1] [31m[ERROR] [1738845680.808201280] [CompressedPublisher]: [16UC1] is not a color format. but [mono8] is. The conversion does not make sense[0m
[realsense2_camera_node-1] [31m[ERROR] [1738845680.821439567] [camera.camera]: cv_bridge exception: '[16UC1] is not a color format. but [bgr8] is. The conversion does not make sense'[0m
[realsense2_camera_node-1] [31m[ERROR] [1738845680.931231457] [compressed_depth_image_transport]: Compressed Depth Image Transport - Compression requires single-channel 32bit-floating  point or 16bit raw depth images (input format is: rgb8).[0m
[realsense2_camera_node-1] [31m[ERROR] [1738845680.957359491] [CompressedPublisher]: [16UC1] is not a color format. but [mono8] is. The conversion does not make sense[0m
[realsense2_camera_node-1] [31m[ERROR] [1738845680.973684477] [camera.camera]: cv_bridge exception: '[16UC1] is not a color format. but [bgr8] is. The conversion does not make sense'[0m
[realsense2_camera_node-1] [31m[ERROR] [1738845680.989269219] [CompressedPublisher]: [16UC1] is not a color format. but [mono8] is. The conversion does not make sense[0m
[realsense2_camera_node-1] [31m[ERROR] [1738845681.000519935] [camera.camera]: cv_bridge exception: '[16UC1] is not a color format. but [bgr8] is. The conversion does not make sense'[0m
[realsense2_camera_node-1] [31m[ERROR] [1738845681.010583612] [compressed_depth_image_transport]: Compressed Depth Image Transport - Compression requires single-channel 32bit-floating  point or 16bit raw depth images (input format is: rgb8).[0m
[realsense2_camera_node-1] [31m[ERROR] [1738845681.036044717] [CompressedPublisher]: [16UC1] is not a color format. but [mono8] is. The conversion does not make sense[0m
[realsense2_camera_node-1] [31m[ERROR] [1738845681.052841325] [camera.camera]: cv_bridge exception: '[16UC1] is not a color format. but [bgr8] is. The conversion does not make sense'[0m
[realsense2_camera_node-1] [31m[ERROR] [1738845681.144045653] [CompressedPublisher]: [16UC1] is not a color format. but [mono8] is. The conversion does not make sense[0m
[realsense2_camera_node-1] [31m[ERROR] [1738845681.156055921] [camera.camera]: cv_bridge exception: '[16UC1] is not a color format. but [bgr8] is. The conversion does not make sense'[0m
[realsense2_camera_node-1] [31m[ERROR] [1738845681.166185991] [compressed_depth_image_transport]: Compressed Depth Image Transport - Compression requires single-channel 32bit-floating  point or 16bit raw depth images (input format is: rgb8).[0m
[realsense2_camera_node-1] [31m[ERROR] [1738845681.192162097] [CompressedPublisher]: [16UC1] is not a color format. but [mono8] is. The conversion does not make sense[0m
[realsense2_camera_node-1] [31m[ERROR] [1738845681.208846817] [camera.camera]: cv_bridge exception: '[16UC1] is not a color format. but [bgr8] is. The conversion does not make sense'[0m
[realsense2_camera_node-1] [31m[ERROR] [1738845681.309566484] [CompressedPublisher]: [16UC1] is not a color format. but [mono8] is. The conversion does not make sense[0m
[realsense2_camera_node-1] [31m[ERROR] [1738845681.323240296] [camera.camera]: cv_bridge exception: '[16UC1] is not a color format. but [bgr8] is. The conversion does not make sense'[0m
[realsense2_camera_node-1] [31m[ERROR] [1738845681.333676384] [compressed_depth_image_transport]: Compressed Depth Image Transport - Compression requires single-channel 32bit-floating  point or 16bit raw depth images (input format is: rgb8).[0m
[realsense2_camera_node-1] [31m[ERROR] [1738845681.357149256] [CompressedPublisher]: [16UC1] is not a color format. but [mono8] is. The conversion does not make sense[0m
[realsense2_camera_node-1] [31m[ERROR] [1738845681.374340774] [camera.camera]: cv_bridge exception: '[16UC1] is not a color format. but [bgr8] is. The conversion does not make sense'[0m
[realsense2_camera_node-1] [31m[ERROR] [1738845681.476122945] [CompressedPublisher]: [16UC1] is not a color format. but [mono8] is. The conversion does not make sense[0m
[realsense2_camera_node-1] [31m[ERROR] [1738845681.487701078] [camera.camera]: cv_bridge exception: '[16UC1] is not a color format. but [bgr8] is. The conversion does not make sense'[0m
[realsense2_camera_node-1] [31m[ERROR] [1738845681.496660703] [compressed_depth_image_transport]: Compressed Depth Image Transport - Compression requires single-channel 32bit-floating  point or 16bit raw depth images (input format is: rgb8).[0m
[realsense2_camera_node-1] [31m[ERROR] [1738845681.522258362] [CompressedPublisher]: [16UC1] is not a color format. but [mono8] is. The conversion does not make sense[0m
[realsense2_camera_node-1] [31m[ERROR] [1738845681.536674744] [camera.camera]: cv_bridge exception: '[16UC1] is not a color format. but [bgr8] is. The conversion does not make sense'[0m
[realsense2_camera_node-1] [31m[ERROR] [1738845681.644362289] [CompressedPublisher]: [16UC1] is not a color format. but [mono8] is. The conversion does not make sense[0m
[realsense2_camera_node-1] [31m[ERROR] [1738845681.655629073] [camera.camera]: cv_bridge exception: '[16UC1] is not a color format. but [bgr8] is. The conversion does not make sense'[0m
[realsense2_camera_node-1] [31m[ERROR] [1738845681.664969500] [compressed_depth_image_transport]: Compressed Depth Image Transport - Compression requires single-channel 32bit-floating  point or 16bit raw depth images (input format is: rgb8).[0m
[realsense2_camera_node-1] [31m[ERROR] [1738845681.691059121] [CompressedPublisher]: [16UC1] is not a color format. but [mono8] is. The conversion does not make sense[0m
[realsense2_camera_node-1] [31m[ERROR] [1738845681.706071480] [camera.camera]: cv_bridge exception: '[16UC1] is not a color format. but [bgr8] is. The conversion does not make sense'[0m
[realsense2_camera_node-1] [31m[ERROR] [1738845681.813390754] [CompressedPublisher]: [16UC1] is not a color format. but [mono8] is. The conversion does not make sense[0m
[realsense2_camera_node-1] [31m[ERROR] [1738845681.828567110] [camera.camera]: cv_bridge exception: '[16UC1] is not a color format. but [bgr8] is. The conversion does not make sense'[0m
[realsense2_camera_node-1] [31m[ERROR] [1738845681.837758602] [compressed_depth_image_transport]: Compressed Depth Image Transport - Compression requires single-channel 32bit-floating  point or 16bit raw depth images (input format is: rgb8).[0m
[realsense2_camera_node-1] [31m[ERROR] [1738845681.860222990] [CompressedPublisher]: [16UC1] is not a color format. but [mono8] is. The conversion does not make sense[0m
[realsense2_camera_node-1] [31m[ERROR] [1738845681.876282659] [camera.camera]: cv_bridge exception: '[16UC1] is not a color format. but [bgr8] is. The conversion does not make sense'[0m
[realsense2_camera_node-1] [31m[ERROR] [1738845681.977452871] [CompressedPublisher]: [16UC1] is not a color format. but [mono8] is. The conversion does not make sense[0m
[realsense2_camera_node-1] [31m[ERROR] [1738845681.988961956] [camera.camera]: cv_bridge exception: '[16UC1] is not a color format. but [bgr8] is. The conversion does not make sense'[0m
[realsense2_camera_node-1] [31m[ERROR] [1738845681.998144238] [compressed_depth_image_transport]: Compressed Depth Image Transport - Compression requires single-channel 32bit-floating  point or 16bit raw depth images (input format is: rgb8).[0m
[realsense2_camera_node-1] [31m[ERROR] [1738845682.026236195] [CompressedPublisher]: [16UC1] is not a color format. but [mono8] is. The conversion does not make sense[0m
[realsense2_camera_node-1] [31m[ERROR] [1738845682.045955336] [camera.camera]: cv_bridge exception: '[16UC1] is not a color format. but [bgr8] is. The conversion does not make sense'[0m
[realsense2_camera_node-1] [31m[ERROR] [1738845682.144553117] [CompressedPublisher]: [16UC1] is not a color format. but [mono8] is. The conversion does not make sense[0m
[realsense2_camera_node-1] [31m[ERROR] [1738845682.157444506] [camera.camera]: cv_bridge exception: '[16UC1] is not a color format. but [bgr8] is. The conversion does not make sense'[0m
[realsense2_camera_node-1] [31m[ERROR] [1738845682.166569278] [compressed_depth_image_transport]: Compressed Depth Image Transport - Compression requires single-channel 32bit-floating  point or 16bit raw depth images (input format is: rgb8).[0m
[realsense2_camera_node-1] [31m[ERROR] [1738845682.189507565] [CompressedPublisher]: [16UC1] is not a color format. but [mono8] is. The conversion does not make sense[0m
[realsense2_camera_node-1] [31m[ERROR] [1738845682.207284772] [camera.camera]: cv_bridge exception: '[16UC1] is not a color format. but [bgr8] is. The conversion does not make sense'[0m
[realsense2_camera_node-1] [31m[ERROR] [1738845682.311531880] [CompressedPublisher]: [16UC1] is not a color format. but [mono8] is. The conversion does not make sense[0m
[realsense2_camera_node-1] [31m[ERROR] [1738845682.322942849] [camera.camera]: cv_bridge exception: '[16UC1] is not a color format. but [bgr8] is. The conversion does not make sense'[0m
[realsense2_camera_node-1] [31m[ERROR] [1738845682.331948894] [compressed_depth_image_transport]: Compressed Depth Image Transport - Compression requires single-channel 32bit-floating  point or 16bit raw depth images (input format is: rgb8).[0m
[realsense2_camera_node-1] [31m[ERROR] [1738845682.357232169] [CompressedPublisher]: [16UC1] is not a color format. but [mono8] is. The conversion does not make sense[0m
[realsense2_camera_node-1] [31m[ERROR] [1738845682.371402841] [camera.camera]: cv_bridge exception: '[16UC1] is not a color format. but [bgr8] is. The conversion does not make sense'[0m
[realsense2_camera_node-1] [31m[ERROR] [1738845682.483010271] [CompressedPublisher]: [16UC1] is not a color format. but [mono8] is. The conversion does not make sense[0m
[realsense2_camera_node-1] [31m[ERROR] [1738845682.498482451] [camera.camera]: cv_bridge exception: '[16UC1] is not a color format. but [bgr8] is. The conversion does not make sense'[0m
[realsense2_camera_node-1] [31m[ERROR] [1738845682.510695229] [compressed_depth_image_transport]: Compressed Depth Image Transport - Compression requires single-channel 32bit-floating  point or 16bit raw depth images (input format is: rgb8).[0m
[realsense2_camera_node-1] [31m[ERROR] [1738845682.540649295] [CompressedPublisher]: [16UC1] is not a color format. but [mono8] is. The conversion does not make sense[0m
[realsense2_camera_node-1] [31m[ERROR] [1738845682.559858215] [camera.camera]: cv_bridge exception: '[16UC1] is not a color format. but [bgr8] is. The conversion does not make sense'[0m
[realsense2_camera_node-1] [31m[ERROR] [1738845682.645526948] [CompressedPublisher]: [16UC1] is not a color format. but [mono8] is. The conversion does not make sense[0m
[realsense2_camera_node-1] [31m[ERROR] [1738845682.656864351] [camera.camera]: cv_bridge exception: '[16UC1] is not a color format. but [bgr8] is. The conversion does not make sense'[0m
[realsense2_camera_node-1] [31m[ERROR] [1738845682.665717348] [compressed_depth_image_transport]: Compressed Depth Image Transport - Compression requires single-channel 32bit-floating  point or 16bit raw depth images (input format is: rgb8).[0m
[realsense2_camera_node-1] [31m[ERROR] [1738845682.690683960] [CompressedPublisher]: [16UC1] is not a color format. but [mono8] is. The conversion does not make sense[0m
[realsense2_camera_node-1] [31m[ERROR] [1738845682.704994919] [camera.camera]: cv_bridge exception: '[16UC1] is not a color format. but [bgr8] is. The conversion does not make sense'[0m
[realsense2_camera_node-1] [31m[ERROR] [1738845682.817042326] [CompressedPublisher]: [16UC1] is not a color format. but [mono8] is. The conversion does not make sense[0m
[realsense2_camera_node-1] [31m[ERROR] [1738845682.827919626] [camera.camera]: cv_bridge exception: '[16UC1] is not a color format. but [bgr8] is. The conversion does not make sense'[0m
[realsense2_camera_node-1] [31m[ERROR] [1738845682.836980322] [compressed_depth_image_transport]: Compressed Depth Image Transport - Compression requires single-channel 32bit-floating  point or 16bit raw depth images (input format is: rgb8).[0m
[realsense2_camera_node-1] [31m[ERROR] [1738845682.862510775] [CompressedPublisher]: [16UC1] is not a color format. but [mono8] is. The conversion does not make sense[0m
[realsense2_camera_node-1] [31m[ERROR] [1738845682.877213111] [camera.camera]: cv_bridge exception: '[16UC1] is not a color format. but [bgr8] is. The conversion does not make sense'[0m
[realsense2_camera_node-1] [31m[ERROR] [1738845682.979862500] [CompressedPublisher]: [16UC1] is not a color format. but [mono8] is. The conversion does not make sense[0m
[realsense2_camera_node-1] [31m[ERROR] [1738845682.992587120] [camera.camera]: cv_bridge exception: '[16UC1] is not a color format. but [bgr8] is. The conversion does not make sense'[0m
[realsense2_camera_node-1] [31m[ERROR] [1738845683.003298216] [compressed_depth_image_transport]: Compressed Depth Image Transport - Compression requires single-channel 32bit-floating  point or 16bit raw depth images (input format is: rgb8).[0m
[realsense2_camera_node-1] [31m[ERROR] [1738845683.026542261] [CompressedPublisher]: [16UC1] is not a color format. but [mono8] is. The conversion does not make sense[0m
[realsense2_camera_node-1] [31m[ERROR] [1738845683.044493796] [camera.camera]: cv_bridge exception: '[16UC1] is not a color format. but [bgr8] is. The conversion does not make sense'[0m
[realsense2_camera_node-1] [31m[ERROR] [1738845683.147029509] [CompressedPublisher]: [16UC1] is not a color format. but [mono8] is. The conversion does not make sense[0m
[realsense2_camera_node-1] [31m[ERROR] [1738845683.159038889] [camera.camera]: cv_bridge exception: '[16UC1] is not a color format. but [bgr8] is. The conversion does not make sense'[0m
[realsense2_camera_node-1] [31m[ERROR] [1738845683.169570988] [compressed_depth_image_transport]: Compressed Depth Image Transport - Compression requires single-channel 32bit-floating  point or 16bit raw depth images (input format is: rgb8).[0m
[realsense2_camera_node-1] [31m[ERROR] [1738845683.194401381] [CompressedPublisher]: [16UC1] is not a color format. but [mono8] is. The conversion does not make sense[0m
[realsense2_camera_node-1] [31m[ERROR] [1738845683.208845691] [camera.camera]: cv_bridge exception: '[16UC1] is not a color format. but [bgr8] is. The conversion does not make sense'[0m
[realsense2_camera_node-1] [31m[ERROR] [1738845683.314677011] [CompressedPublisher]: [16UC1] is not a color format. but [mono8] is. The conversion does not make sense[0m
[realsense2_camera_node-1] [31m[ERROR] [1738845683.326104292] [camera.camera]: cv_bridge exception: '[16UC1] is not a color format. but [bgr8] is. The conversion does not make sense'[0m
[realsense2_camera_node-1] [31m[ERROR] [1738845683.335059589] [compressed_depth_image_transport]: Compressed Depth Image Transport - Compression requires single-channel 32bit-floating  point or 16bit raw depth images (input format is: rgb8).[0m
[realsense2_camera_node-1] [31m[ERROR] [1738845683.361054105] [CompressedPublisher]: [16UC1] is not a color format. but [mono8] is. The conversion does not make sense[0m
[realsense2_camera_node-1] [31m[ERROR] [1738845683.380286183] [camera.camera]: cv_bridge exception: '[16UC1] is not a color format. but [bgr8] is. The conversion does not make sense'[0m
[realsense2_camera_node-1] [31m[ERROR] [1738845683.483386568] [CompressedPublisher]: [16UC1] is not a color format. but [mono8] is. The conversion does not make sense[0m
[realsense2_camera_node-1] [31m[ERROR] [1738845683.498688511] [camera.camera]: cv_bridge exception: '[16UC1] is not a color format. but [bgr8] is. The conversion does not make sense'[0m
[realsense2_camera_node-1] [31m[ERROR] [1738845683.508405638] [compressed_depth_image_transport]: Compressed Depth Image Transport - Compression requires single-channel 32bit-floating  point or 16bit raw depth images (input format is: rgb8).[0m
[realsense2_camera_node-1] [31m[ERROR] [1738845683.531125215] [CompressedPublisher]: [16UC1] is not a color format. but [mono8] is. The conversion does not make sense[0m
[realsense2_camera_node-1] [31m[ERROR] [1738845683.545286102] [camera.camera]: cv_bridge exception: '[16UC1] is not a color format. but [bgr8] is. The conversion does not make sense'[0m
[realsense2_camera_node-1] [31m[ERROR] [1738845683.649168736] [CompressedPublisher]: [16UC1] is not a color format. but [mono8] is. The conversion does not make sense[0m
[realsense2_camera_node-1] [31m[ERROR] [1738845683.664784085] [camera.camera]: cv_bridge exception: '[16UC1] is not a color format. but [bgr8] is. The conversion does not make sense'[0m
[realsense2_camera_node-1] [31m[ERROR] [1738845683.676736862] [compressed_depth_image_transport]: Compressed Depth Image Transport - Compression requires single-channel 32bit-floating  point or 16bit raw depth images (input format is: rgb8).[0m
[realsense2_camera_node-1] [31m[ERROR] [1738845683.709281375] [CompressedPublisher]: [16UC1] is not a color format. but [mono8] is. The conversion does not make sense[0m
[realsense2_camera_node-1] [31m[ERROR] [1738845683.728448440] [camera.camera]: cv_bridge exception: '[16UC1] is not a color format. but [bgr8] is. The conversion does not make sense'[0m
[realsense2_camera_node-1] [31m[ERROR] [1738845683.817854283] [CompressedPublisher]: [16UC1] is not a color format. but [mono8] is. The conversion does not make sense[0m
[realsense2_camera_node-1] [31m[ERROR] [1738845683.832553224] [camera.camera]: cv_bridge exception: '[16UC1] is not a color format. but [bgr8] is. The conversion does not make sense'[0m
[realsense2_camera_node-1] [31m[ERROR] [1738845683.843807964] [compressed_depth_image_transport]: Compressed Depth Image Transport - Compression requires single-channel 32bit-floating  point or 16bit raw depth images (input format is: rgb8).[0m
[realsense2_camera_node-1] [31m[ERROR] [1738845683.870743137] [CompressedPublisher]: [16UC1] is not a color format. but [mono8] is. The conversion does not make sense[0m
[realsense2_camera_node-1] [31m[ERROR] [1738845683.885093740] [camera.camera]: cv_bridge exception: '[16UC1] is not a color format. but [bgr8] is. The conversion does not make sense'[0m
[realsense2_camera_node-1] [31m[ERROR] [1738845683.984007716] [CompressedPublisher]: [16UC1] is not a color format. but [mono8] is. The conversion does not make sense[0m
[realsense2_camera_node-1] [31m[ERROR] [1738845683.994798982] [camera.camera]: cv_bridge exception: '[16UC1] is not a color format. but [bgr8] is. The conversion does not make sense'[0m
[realsense2_camera_node-1] [31m[ERROR] [1738845684.003039039] [compressed_depth_image_transport]: Compressed Depth Image Transport - Compression requires single-channel 32bit-floating  point or 16bit raw depth images (input format is: rgb8).[0m
[realsense2_camera_node-1] [31m[ERROR] [1738845684.031436722] [CompressedPublisher]: [16UC1] is not a color format. but [mono8] is. The conversion does not make sense[0m
[realsense2_camera_node-1] [31m[ERROR] [1738845684.045322403] [camera.camera]: cv_bridge exception: '[16UC1] is not a color format. but [bgr8] is. The conversion does not make sense'[0m
[realsense2_camera_node-1] [31m[ERROR] [1738845684.150059423] [CompressedPublisher]: [16UC1] is not a color format. but [mono8] is. The conversion does not make sense[0m
[realsense2_camera_node-1] [31m[ERROR] [1738845684.160904006] [camera.camera]: cv_bridge exception: '[16UC1] is not a color format. but [bgr8] is. The conversion does not make sense'[0m
[realsense2_camera_node-1] [31m[ERROR] [1738845684.170001936] [compressed_depth_image_transport]: Compressed Depth Image Transport - Compression requires single-channel 32bit-floating  point or 16bit raw depth images (input format is: rgb8).[0m
[realsense2_camera_node-1] [31m[ERROR] [1738845684.197165335] [CompressedPublisher]: [16UC1] is not a color format. but [mono8] is. The conversion does not make sense[0m
[realsense2_camera_node-1] [31m[ERROR] [1738845684.210706379] [camera.camera]: cv_bridge exception: '[16UC1] is not a color format. but [bgr8] is. The conversion does not make sense'[0m
[realsense2_camera_node-1] [31m[ERROR] [1738845684.320745028] [CompressedPublisher]: [16UC1] is not a color format. but [mono8] is. The conversion does not make sense[0m
[realsense2_camera_node-1] [31m[ERROR] [1738845684.332687065] [camera.camera]: cv_bridge exception: '[16UC1] is not a color format. but [bgr8] is. The conversion does not make sense'[0m
[realsense2_camera_node-1] [31m[ERROR] [1738845684.341617980] [compressed_depth_image_transport]: Compressed Depth Image Transport - Compression requires single-channel 32bit-floating  point or 16bit raw depth images (input format is: rgb8).[0m
[realsense2_camera_node-1] [31m[ERROR] [1738845684.370983497] [CompressedPublisher]: [16UC1] is not a color format. but [mono8] is. The conversion does not make sense[0m
[realsense2_camera_node-1] [31m[ERROR] [1738845684.387661564] [camera.camera]: cv_bridge exception: '[16UC1] is not a color format. but [bgr8] is. The conversion does not make sense'[0m
[realsense2_camera_node-1] [31m[ERROR] [1738845684.482879474] [CompressedPublisher]: [16UC1] is not a color format. but [mono8] is. The conversion does not make sense[0m
[realsense2_camera_node-1] [31m[ERROR] [1738845684.496558156] [camera.camera]: cv_bridge exception: '[16UC1] is not a color format. but [bgr8] is. The conversion does not make sense'[0m
[realsense2_camera_node-1] [31m[ERROR] [1738845684.507472896] [compressed_depth_image_transport]: Compressed Depth Image Transport - Compression requires single-channel 32bit-floating  point or 16bit raw depth images (input format is: rgb8).[0m
[realsense2_camera_node-1] [31m[ERROR] [1738845684.543097374] [CompressedPublisher]: [16UC1] is not a color format. but [mono8] is. The conversion does not make sense[0m
[realsense2_camera_node-1] [31m[ERROR] [1738845684.560376991] [camera.camera]: cv_bridge exception: '[16UC1] is not a color format. but [bgr8] is. The conversion does not make sense'[0m
[realsense2_camera_node-1] [31m[ERROR] [1738845684.650251967] [CompressedPublisher]: [16UC1] is not a color format. but [mono8] is. The conversion does not make sense[0m
[realsense2_camera_node-1] [31m[ERROR] [1738845684.664184478] [camera.camera]: cv_bridge exception: '[16UC1] is not a color format. but [bgr8] is. The conversion does not make sense'[0m
[realsense2_camera_node-1] [31m[ERROR] [1738845684.672991134] [compressed_depth_image_transport]: Compressed Depth Image Transport - Compression requires single-channel 32bit-floating  point or 16bit raw depth images (input format is: rgb8).[0m
[realsense2_camera_node-1] [31m[ERROR] [1738845684.703339554] [CompressedPublisher]: [16UC1] is not a color format. but [mono8] is. The conversion does not make sense[0m
[realsense2_camera_node-1] [31m[ERROR] [1738845684.717871296] [camera.camera]: cv_bridge exception: '[16UC1] is not a color format. but [bgr8] is. The conversion does not make sense'[0m
[realsense2_camera_node-1] [31m[ERROR] [1738845684.818909813] [CompressedPublisher]: [16UC1] is not a color format. but [mono8] is. The conversion does not make sense[0m
[realsense2_camera_node-1] [31m[ERROR] [1738845684.831686450] [camera.camera]: cv_bridge exception: '[16UC1] is not a color format. but [bgr8] is. The conversion does not make sense'[0m
[realsense2_camera_node-1] [31m[ERROR] [1738845684.840679811] [compressed_depth_image_transport]: Compressed Depth Image Transport - Compression requires single-channel 32bit-floating  point or 16bit raw depth images (input format is: rgb8).[0m
[realsense2_camera_node-1] [31m[ERROR] [1738845684.867906772] [CompressedPublisher]: [16UC1] is not a color format. but [mono8] is. The conversion does not make sense[0m
[realsense2_camera_node-1] [31m[ERROR] [1738845684.887816383] [camera.camera]: cv_bridge exception: '[16UC1] is not a color format. but [bgr8] is. The conversion does not make sense'[0m
[realsense2_camera_node-1] [31m[ERROR] [1738845684.985672414] [CompressedPublisher]: [16UC1] is not a color format. but [mono8] is. The conversion does not make sense[0m
[realsense2_camera_node-1] [31m[ERROR] [1738845684.999190573] [camera.camera]: cv_bridge exception: '[16UC1] is not a color format. but [bgr8] is. The conversion does not make sense'[0m
[realsense2_camera_node-1] [31m[ERROR] [1738845685.008134251] [compressed_depth_image_transport]: Compressed Depth Image Transport - Compression requires single-channel 32bit-floating  point or 16bit raw depth images (input format is: rgb8).[0m
[realsense2_camera_node-1] [31m[ERROR] [1738845685.035921303] [CompressedPublisher]: [16UC1] is not a color format. but [mono8] is. The conversion does not make sense[0m
[realsense2_camera_node-1] [31m[ERROR] [1738845685.052160782] [camera.camera]: cv_bridge exception: '[16UC1] is not a color format. but [bgr8] is. The conversion does not make sense'[0m
[realsense2_camera_node-1] [31m[ERROR] [1738845685.151143810] [CompressedPublisher]: [16UC1] is not a color format. but [mono8] is. The conversion does not make sense[0m
[realsense2_camera_node-1] [31m[ERROR] [1738845685.163623671] [camera.camera]: cv_bridge exception: '[16UC1] is not a color format. but [bgr8] is. The conversion does not make sense'[0m
[realsense2_camera_node-1] [31m[ERROR] [1738845685.174743861] [compressed_depth_image_transport]: Compressed Depth Image Transport - Compression requires single-channel 32bit-floating  point or 16bit raw depth images (input format is: rgb8).[0m
[realsense2_camera_node-1] [31m[ERROR] [1738845685.200885362] [CompressedPublisher]: [16UC1] is not a color format. but [mono8] is. The conversion does not make sense[0m
[realsense2_camera_node-1] [31m[ERROR] [1738845685.218312710] [camera.camera]: cv_bridge exception: '[16UC1] is not a color format. but [bgr8] is. The conversion does not make sense'[0m
[realsense2_camera_node-1] [31m[ERROR] [1738845685.318477257] [CompressedPublisher]: [16UC1] is not a color format. but [mono8] is. The conversion does not make sense[0m
[realsense2_camera_node-1] [31m[ERROR] [1738845685.330048222] [camera.camera]: cv_bridge exception: '[16UC1] is not a color format. but [bgr8] is. The conversion does not make sense'[0m
[realsense2_camera_node-1] [31m[ERROR] [1738845685.340404106] [compressed_depth_image_transport]: Compressed Depth Image Transport - Compression requires single-channel 32bit-floating  point or 16bit raw depth images (input format is: rgb8).[0m
[realsense2_camera_node-1] [31m[ERROR] [1738845685.364915772] [CompressedPublisher]: [16UC1] is not a color format. but [mono8] is. The conversion does not make sense[0m
[realsense2_camera_node-1] [31m[ERROR] [1738845685.380620828] [camera.camera]: cv_bridge exception: '[16UC1] is not a color format. but [bgr8] is. The conversion does not make sense'[0m
[realsense2_camera_node-1] [31m[ERROR] [1738845685.485570378] [CompressedPublisher]: [16UC1] is not a color format. but [mono8] is. The conversion does not make sense[0m
[realsense2_camera_node-1] [31m[ERROR] [1738845685.497760362] [camera.camera]: cv_bridge exception: '[16UC1] is not a color format. but [bgr8] is. The conversion does not make sense'[0m
[realsense2_camera_node-1] [31m[ERROR] [1738845685.506646312] [compressed_depth_image_transport]: Compressed Depth Image Transport - Compression requires single-channel 32bit-floating  point or 16bit raw depth images (input format is: rgb8).[0m
[realsense2_camera_node-1] [31m[ERROR] [1738845685.533967207] [CompressedPublisher]: [16UC1] is not a color format. but [mono8] is. The conversion does not make sense[0m
[realsense2_camera_node-1] [31m[ERROR] [1738845685.548342430] [camera.camera]: cv_bridge exception: '[16UC1] is not a color format. but [bgr8] is. The conversion does not make sense'[0m
[realsense2_camera_node-1] [31m[ERROR] [1738845685.652687379] [CompressedPublisher]: [16UC1] is not a color format. but [mono8] is. The conversion does not make sense[0m
[realsense2_camera_node-1] [31m[ERROR] [1738845685.663923101] [camera.camera]: cv_bridge exception: '[16UC1] is not a color format. but [bgr8] is. The conversion does not make sense'[0m
[realsense2_camera_node-1] [31m[ERROR] [1738845685.673152032] [compressed_depth_image_transport]: Compressed Depth Image Transport - Compression requires single-channel 32bit-floating  point or 16bit raw depth images (input format is: rgb8).[0m
[realsense2_camera_node-1] [31m[ERROR] [1738845685.699353947] [CompressedPublisher]: [16UC1] is not a color format. but [mono8] is. The conversion does not make sense[0m
[realsense2_camera_node-1] [31m[ERROR] [1738845685.714290473] [camera.camera]: cv_bridge exception: '[16UC1] is not a color format. but [bgr8] is. The conversion does not make sense'[0m
[realsense2_camera_node-1] [31m[ERROR] [1738845685.820361348] [CompressedPublisher]: [16UC1] is not a color format. but [mono8] is. The conversion does not make sense[0m
[realsense2_camera_node-1] [31m[ERROR] [1738845685.835300233] [camera.camera]: cv_bridge exception: '[16UC1] is not a color format. but [bgr8] is. The conversion does not make sense'[0m
[realsense2_camera_node-1] [31m[ERROR] [1738845685.845291971] [compressed_depth_image_transport]: Compressed Depth Image Transport - Compression requires single-channel 32bit-floating  point or 16bit raw depth images (input format is: rgb8).[0m
[realsense2_camera_node-1] [31m[ERROR] [1738845685.871692174] [CompressedPublisher]: [16UC1] is not a color format. but [mono8] is. The conversion does not make sense[0m
[realsense2_camera_node-1] [31m[ERROR] [1738845685.887620430] [camera.camera]: cv_bridge exception: '[16UC1] is not a color format. but [bgr8] is. The conversion does not make sense'[0m
[realsense2_camera_node-1] [31m[ERROR] [1738845685.986710318] [CompressedPublisher]: [16UC1] is not a color format. but [mono8] is. The conversion does not make sense[0m
[realsense2_camera_node-1] [31m[ERROR] [1738845685.999977961] [camera.camera]: cv_bridge exception: '[16UC1] is not a color format. but [bgr8] is. The conversion does not make sense'[0m
[realsense2_camera_node-1] [31m[ERROR] [1738845686.009409075] [compressed_depth_image_transport]: Compressed Depth Image Transport - Compression requires single-channel 32bit-floating  point or 16bit raw depth images (input format is: rgb8).[0m
[realsense2_camera_node-1] [31m[ERROR] [1738845686.034411425] [CompressedPublisher]: [16UC1] is not a color format. but [mono8] is. The conversion does not make sense[0m
[realsense2_camera_node-1] [31m[ERROR] [1738845686.051754734] [camera.camera]: cv_bridge exception: '[16UC1] is not a color format. but [bgr8] is. The conversion does not make sense'[0m
[realsense2_camera_node-1] [31m[ERROR] [1738845686.153645493] [CompressedPublisher]: [16UC1] is not a color format. but [mono8] is. The conversion does not make sense[0m
[realsense2_camera_node-1] [31m[ERROR] [1738845686.165418572] [camera.camera]: cv_bridge exception: '[16UC1] is not a color format. but [bgr8] is. The conversion does not make sense'[0m
[realsense2_camera_node-1] [31m[ERROR] [1738845686.176044723] [compressed_depth_image_transport]: Compressed Depth Image Transport - Compression requires single-channel 32bit-floating  point or 16bit raw depth images (input format is: rgb8).[0m
[realsense2_camera_node-1] [31m[ERROR] [1738845686.204320018] [CompressedPublisher]: [16UC1] is not a color format. but [mono8] is. The conversion does not make sense[0m
[realsense2_camera_node-1] [31m[ERROR] [1738845686.220353435] [camera.camera]: cv_bridge exception: '[16UC1] is not a color format. but [bgr8] is. The conversion does not make sense'[0m
[realsense2_camera_node-1] [31m[ERROR] [1738845686.321998378] [CompressedPublisher]: [16UC1] is not a color format. but [mono8] is. The conversion does not make sense[0m
[realsense2_camera_node-1] [31m[ERROR] [1738845686.334185368] [camera.camera]: cv_bridge exception: '[16UC1] is not a color format. but [bgr8] is. The conversion does not make sense'[0m
[realsense2_camera_node-1] [31m[ERROR] [1738845686.343487294] [compressed_depth_image_transport]: Compressed Depth Image Transport - Compression requires single-channel 32bit-floating  point or 16bit raw depth images (input format is: rgb8).[0m
[realsense2_camera_node-1] [31m[ERROR] [1738845686.372340954] [CompressedPublisher]: [16UC1] is not a color format. but [mono8] is. The conversion does not make sense[0m
[realsense2_camera_node-1] [31m[ERROR] [1738845686.388529770] [camera.camera]: cv_bridge exception: '[16UC1] is not a color format. but [bgr8] is. The conversion does not make sense'[0m
[realsense2_camera_node-1] [31m[ERROR] [1738845686.489919766] [CompressedPublisher]: [16UC1] is not a color format. but [mono8] is. The conversion does not make sense[0m
[realsense2_camera_node-1] [31m[ERROR] [1738845686.503813388] [camera.camera]: cv_bridge exception: '[16UC1] is not a color format. but [bgr8] is. The conversion does not make sense'[0m
[realsense2_camera_node-1] [31m[ERROR] [1738845686.512683986] [compressed_depth_image_transport]: Compressed Depth Image Transport - Compression requires single-channel 32bit-floating  point or 16bit raw depth images (input format is: rgb8).[0m
[realsense2_camera_node-1] [31m[ERROR] [1738845686.539397857] [CompressedPublisher]: [16UC1] is not a color format. but [mono8] is. The conversion does not make sense[0m
[realsense2_camera_node-1] [31m[ERROR] [1738845686.555607435] [camera.camera]: cv_bridge exception: '[16UC1] is not a color format. but [bgr8] is. The conversion does not make sense'[0m
[realsense2_camera_node-1] [31m[ERROR] [1738845686.655688705] [CompressedPublisher]: [16UC1] is not a color format. but [mono8] is. The conversion does not make sense[0m
[realsense2_camera_node-1] [31m[ERROR] [1738845686.671060125] [camera.camera]: cv_bridge exception: '[16UC1] is not a color format. but [bgr8] is. The conversion does not make sense'[0m
[realsense2_camera_node-1] [31m[ERROR] [1738845686.680399149] [compressed_depth_image_transport]: Compressed Depth Image Transport - Compression requires single-channel 32bit-floating  point or 16bit raw depth images (input format is: rgb8).[0m
[realsense2_camera_node-1] [31m[ERROR] [1738845686.708528290] [CompressedPublisher]: [16UC1] is not a color format. but [mono8] is. The conversion does not make sense[0m
[realsense2_camera_node-1] [31m[ERROR] [1738845686.724334158] [camera.camera]: cv_bridge exception: '[16UC1] is not a color format. but [bgr8] is. The conversion does not make sense'[0m
[realsense2_camera_node-1] [31m[ERROR] [1738845686.837691041] [compressed_depth_image_transport]: Compressed Depth Image Transport - Compression requires single-channel 32bit-floating  point or 16bit raw depth images (input format is: rgb8).[0m
[realsense2_camera_node-1] [31m[ERROR] [1738845686.991778628] [CompressedPublisher]: [16UC1] is not a color format. but [mono8] is. The conversion does not make sense[0m
[realsense2_camera_node-1] [31m[ERROR] [1738845687.007177883] [camera.camera]: cv_bridge exception: '[16UC1] is not a color format. but [bgr8] is. The conversion does not make sense'[0m
[realsense2_camera_node-1] [31m[ERROR] [1738845687.018391048] [compressed_depth_image_transport]: Compressed Depth Image Transport - Compression requires single-channel 32bit-floating  point or 16bit raw depth images (input format is: rgb8).[0m
[realsense2_camera_node-1] [31m[ERROR] [1738845687.051746029] [CompressedPublisher]: [16UC1] is not a color format. but [mono8] is. The conversion does not make sense[0m
[realsense2_camera_node-1] [31m[ERROR] [1738845687.070896270] [camera.camera]: cv_bridge exception: '[16UC1] is not a color format. but [bgr8] is. The conversion does not make sense'[0m
[realsense2_camera_node-1] [31m[ERROR] [1738845687.159085931] [CompressedPublisher]: [16UC1] is not a color format. but [mono8] is. The conversion does not make sense[0m
[realsense2_camera_node-1] [31m[ERROR] [1738845687.171667797] [camera.camera]: cv_bridge exception: '[16UC1] is not a color format. but [bgr8] is. The conversion does not make sense'[0m
[realsense2_camera_node-1] [31m[ERROR] [1738845687.180521691] [compressed_depth_image_transport]: Compressed Depth Image Transport - Compression requires single-channel 32bit-floating  point or 16bit raw depth images (input format is: rgb8).[0m
[realsense2_camera_node-1] [31m[ERROR] [1738845687.206696394] [CompressedPublisher]: [16UC1] is not a color format. but [mono8] is. The conversion does not make sense[0m
[realsense2_camera_node-1] [31m[ERROR] [1738845687.221703711] [camera.camera]: cv_bridge exception: '[16UC1] is not a color format. but [bgr8] is. The conversion does not make sense'[0m
[realsense2_camera_node-1] [31m[ERROR] [1738845687.325879205] [CompressedPublisher]: [16UC1] is not a color format. but [mono8] is. The conversion does not make sense[0m
[realsense2_camera_node-1] [31m[ERROR] [1738845687.340488182] [camera.camera]: cv_bridge exception: '[16UC1] is not a color format. but [bgr8] is. The conversion does not make sense'[0m
[realsense2_camera_node-1] [31m[ERROR] [1738845687.353146597] [compressed_depth_image_transport]: Compressed Depth Image Transport - Compression requires single-channel 32bit-floating  point or 16bit raw depth images (input format is: rgb8).[0m
[realsense2_camera_node-1] [31m[ERROR] [1738845687.380306808] [CompressedPublisher]: [16UC1] is not a color format. but [mono8] is. The conversion does not make sense[0m
[realsense2_camera_node-1] [31m[ERROR] [1738845687.396639621] [camera.camera]: cv_bridge exception: '[16UC1] is not a color format. but [bgr8] is. The conversion does not make sense'[0m
[realsense2_camera_node-1] [31m[ERROR] [1738845687.490020875] [CompressedPublisher]: [16UC1] is not a color format. but [mono8] is. The conversion does not make sense[0m
[realsense2_camera_node-1] [31m[ERROR] [1738845687.501430620] [camera.camera]: cv_bridge exception: '[16UC1] is not a color format. but [bgr8] is. The conversion does not make sense'[0m
[realsense2_camera_node-1] [31m[ERROR] [1738845687.510447004] [compressed_depth_image_transport]: Compressed Depth Image Transport - Compression requires single-channel 32bit-floating  point or 16bit raw depth images (input format is: rgb8).[0m
[realsense2_camera_node-1] [31m[ERROR] [1738845687.535470886] [CompressedPublisher]: [16UC1] is not a color format. but [mono8] is. The conversion does not make sense[0m
[realsense2_camera_node-1] [31m[ERROR] [1738845687.549641258] [camera.camera]: cv_bridge exception: '[16UC1] is not a color format. but [bgr8] is. The conversion does not make sense'[0m
[realsense2_camera_node-1] [31m[ERROR] [1738845687.658865312] [CompressedPublisher]: [16UC1] is not a color format. but [mono8] is. The conversion does not make sense[0m
[realsense2_camera_node-1] [31m[ERROR] [1738845687.676090887] [camera.camera]: cv_bridge exception: '[16UC1] is not a color format. but [bgr8] is. The conversion does not make sense'[0m
[realsense2_camera_node-1] [31m[ERROR] [1738845687.688433268] [compressed_depth_image_transport]: Compressed Depth Image Transport - Compression requires single-channel 32bit-floating  point or 16bit raw depth images (input format is: rgb8).[0m
[realsense2_camera_node-1] [31m[ERROR] [1738845687.720258705] [CompressedPublisher]: [16UC1] is not a color format. but [mono8] is. The conversion does not make sense[0m
[realsense2_camera_node-1] [31m[ERROR] [1738845687.735588031] [camera.camera]: cv_bridge exception: '[16UC1] is not a color format. but [bgr8] is. The conversion does not make sense'[0m
[realsense2_camera_node-1] [31m[ERROR] [1738845687.823710810] [CompressedPublisher]: [16UC1] is not a color format. but [mono8] is. The conversion does not make sense[0m
[realsense2_camera_node-1] [31m[ERROR] [1738845687.835355409] [camera.camera]: cv_bridge exception: '[16UC1] is not a color format. but [bgr8] is. The conversion does not make sense'[0m
[realsense2_camera_node-1] [31m[ERROR] [1738845687.844962275] [compressed_depth_image_transport]: Compressed Depth Image Transport - Compression requires single-channel 32bit-floating  point or 16bit raw depth images (input format is: rgb8).[0m
[realsense2_camera_node-1] [31m[ERROR] [1738845687.869294116] [CompressedPublisher]: [16UC1] is not a color format. but [mono8] is. The conversion does not make sense[0m
[realsense2_camera_node-1] [31m[ERROR] [1738845687.883989815] [camera.camera]: cv_bridge exception: '[16UC1] is not a color format. but [bgr8] is. The conversion does not make sense'[0m
[realsense2_camera_node-1] [31m[ERROR] [1738845687.991290128] [CompressedPublisher]: [16UC1] is not a color format. but [mono8] is. The conversion does not make sense[0m
[realsense2_camera_node-1] [31m[ERROR] [1738845688.002970349] [camera.camera]: cv_bridge exception: '[16UC1] is not a color format. but [bgr8] is. The conversion does not make sense'[0m
[realsense2_camera_node-1] [31m[ERROR] [1738845688.012332596] [compressed_depth_image_transport]: Compressed Depth Image Transport - Compression requires single-channel 32bit-floating  point or 16bit raw depth images (input format is: rgb8).[0m
[realsense2_camera_node-1] [31m[ERROR] [1738845688.038050271] [CompressedPublisher]: [16UC1] is not a color format. but [mono8] is. The conversion does not make sense[0m
[realsense2_camera_node-1] [31m[ERROR] [1738845688.052817542] [camera.camera]: cv_bridge exception: '[16UC1] is not a color format. but [bgr8] is. The conversion does not make sense'[0m
[realsense2_camera_node-1] [31m[ERROR] [1738845688.159675152] [CompressedPublisher]: [16UC1] is not a color format. but [mono8] is. The conversion does not make sense[0m
[realsense2_camera_node-1] [31m[ERROR] [1738845688.173473864] [camera.camera]: cv_bridge exception: '[16UC1] is not a color format. but [bgr8] is. The conversion does not make sense'[0m
[realsense2_camera_node-1] [31m[ERROR] [1738845688.182489225] [compressed_depth_image_transport]: Compressed Depth Image Transport - Compression requires single-channel 32bit-floating  point or 16bit raw depth images (input format is: rgb8).[0m
[realsense2_camera_node-1] [31m[ERROR] [1738845688.210831455] [CompressedPublisher]: [16UC1] is not a color format. but [mono8] is. The conversion does not make sense[0m
[realsense2_camera_node-1] [31m[ERROR] [1738845688.226310694] [camera.camera]: cv_bridge exception: '[16UC1] is not a color format. but [bgr8] is. The conversion does not make sense'[0m
[realsense2_camera_node-1] [31m[ERROR] [1738845688.326257899] [CompressedPublisher]: [16UC1] is not a color format. but [mono8] is. The conversion does not make sense[0m
[realsense2_camera_node-1] [31m[ERROR] [1738845688.341145725] [camera.camera]: cv_bridge exception: '[16UC1] is not a color format. but [bgr8] is. The conversion does not make sense'[0m
[realsense2_camera_node-1] [31m[ERROR] [1738845688.350894800] [compressed_depth_image_transport]: Compressed Depth Image Transport - Compression requires single-channel 32bit-floating  point or 16bit raw depth images (input format is: rgb8).[0m
[realsense2_camera_node-1] [31m[ERROR] [1738845688.375645612] [CompressedPublisher]: [16UC1] is not a color format. but [mono8] is. The conversion does not make sense[0m
[realsense2_camera_node-1] [31m[ERROR] [1738845688.392634397] [camera.camera]: cv_bridge exception: '[16UC1] is not a color format. but [bgr8] is. The conversion does not make sense'[0m
[realsense2_camera_node-1] [31m[ERROR] [1738845688.492736321] [CompressedPublisher]: [16UC1] is not a color format. but [mono8] is. The conversion does not make sense[0m
[realsense2_camera_node-1] [31m[ERROR] [1738845688.504376961] [camera.camera]: cv_bridge exception: '[16UC1] is not a color format. but [bgr8] is. The conversion does not make sense'[0m
[realsense2_camera_node-1] [31m[ERROR] [1738845688.516259580] [compressed_depth_image_transport]: Compressed Depth Image Transport - Compression requires single-channel 32bit-floating  point or 16bit raw depth images (input format is: rgb8).[0m
[realsense2_camera_node-1] [31m[ERROR] [1738845688.540671443] [CompressedPublisher]: [16UC1] is not a color format. but [mono8] is. The conversion does not make sense[0m
[realsense2_camera_node-1] [31m[ERROR] [1738845688.557066403] [camera.camera]: cv_bridge exception: '[16UC1] is not a color format. but [bgr8] is. The conversion does not make sense'[0m
[realsense2_camera_node-1] [31m[ERROR] [1738845688.660011190] [CompressedPublisher]: [16UC1] is not a color format. but [mono8] is. The conversion does not make sense[0m
[realsense2_camera_node-1] [31m[ERROR] [1738845688.671589004] [camera.camera]: cv_bridge exception: '[16UC1] is not a color format. but [bgr8] is. The conversion does not make sense'[0m
[realsense2_camera_node-1] [31m[ERROR] [1738845688.681034806] [compressed_depth_image_transport]: Compressed Depth Image Transport - Compression requires single-channel 32bit-floating  point or 16bit raw depth images (input format is: rgb8).[0m
[realsense2_camera_node-1] [31m[ERROR] [1738845688.707312756] [CompressedPublisher]: [16UC1] is not a color format. but [mono8] is. The conversion does not make sense[0m
[realsense2_camera_node-1] [31m[ERROR] [1738845688.722528748] [camera.camera]: cv_bridge exception: '[16UC1] is not a color format. but [bgr8] is. The conversion does not make sense'[0m
[realsense2_camera_node-1] [31m[ERROR] [1738845688.826025378] [CompressedPublisher]: [16UC1] is not a color format. but [mono8] is. The conversion does not make sense[0m
[realsense2_camera_node-1] [31m[ERROR] [1738845688.839942113] [camera.camera]: cv_bridge exception: '[16UC1] is not a color format. but [bgr8] is. The conversion does not make sense'[0m
[realsense2_camera_node-1] [31m[ERROR] [1738845688.849196125] [compressed_depth_image_transport]: Compressed Depth Image Transport - Compression requires single-channel 32bit-floating  point or 16bit raw depth images (input format is: rgb8).[0m
[realsense2_camera_node-1] [31m[ERROR] [1738845688.873895527] [CompressedPublisher]: [16UC1] is not a color format. but [mono8] is. The conversion does not make sense[0m
[realsense2_camera_node-1] [31m[ERROR] [1738845688.892190296] [camera.camera]: cv_bridge exception: '[16UC1] is not a color format. but [bgr8] is. The conversion does not make sense'[0m
[realsense2_camera_node-1] [31m[ERROR] [1738845688.993630821] [CompressedPublisher]: [16UC1] is not a color format. but [mono8] is. The conversion does not make sense[0m
[realsense2_camera_node-1] [31m[ERROR] [1738845689.005709921] [camera.camera]: cv_bridge exception: '[16UC1] is not a color format. but [bgr8] is. The conversion does not make sense'[0m
[realsense2_camera_node-1] [31m[ERROR] [1738845689.016075841] [compressed_depth_image_transport]: Compressed Depth Image Transport - Compression requires single-channel 32bit-floating  point or 16bit raw depth images (input format is: rgb8).[0m
[realsense2_camera_node-1] [31m[ERROR] [1738845689.040585929] [CompressedPublisher]: [16UC1] is not a color format. but [mono8] is. The conversion does not make sense[0m
[realsense2_camera_node-1] [31m[ERROR] [1738845689.057327832] [camera.camera]: cv_bridge exception: '[16UC1] is not a color format. but [bgr8] is. The conversion does not make sense'[0m
[realsense2_camera_node-1] [31m[ERROR] [1738845689.160589214] [CompressedPublisher]: [16UC1] is not a color format. but [mono8] is. The conversion does not make sense[0m
[realsense2_camera_node-1] [31m[ERROR] [1738845689.172610992] [camera.camera]: cv_bridge exception: '[16UC1] is not a color format. but [bgr8] is. The conversion does not make sense'[0m
[realsense2_camera_node-1] [31m[ERROR] [1738845689.182260598] [compressed_depth_image_transport]: Compressed Depth Image Transport - Compression requires single-channel 32bit-floating  point or 16bit raw depth images (input format is: rgb8).[0m
[realsense2_camera_node-1] [31m[ERROR] [1738845689.215696940] [CompressedPublisher]: [16UC1] is not a color format. but [mono8] is. The conversion does not make sense[0m
[realsense2_camera_node-1] [31m[ERROR] [1738845689.231339604] [camera.camera]: cv_bridge exception: '[16UC1] is not a color format. but [bgr8] is. The conversion does not make sense'[0m
[realsense2_camera_node-1] [31m[ERROR] [1738845689.328912319] [CompressedPublisher]: [16UC1] is not a color format. but [mono8] is. The conversion does not make sense[0m
[realsense2_camera_node-1] [31m[ERROR] [1738845689.342100795] [camera.camera]: cv_bridge exception: '[16UC1] is not a color format. but [bgr8] is. The conversion does not make sense'[0m
[realsense2_camera_node-1] [31m[ERROR] [1738845689.350953466] [compressed_depth_image_transport]: Compressed Depth Image Transport - Compression requires single-channel 32bit-floating  point or 16bit raw depth images (input format is: rgb8).[0m
[realsense2_camera_node-1] [31m[ERROR] [1738845689.376771856] [CompressedPublisher]: [16UC1] is not a color format. but [mono8] is. The conversion does not make sense[0m
[realsense2_camera_node-1] [31m[ERROR] [1738845689.391820689] [camera.camera]: cv_bridge exception: '[16UC1] is not a color format. but [bgr8] is. The conversion does not make sense'[0m
[realsense2_camera_node-1] [31m[ERROR] [1738845689.494281186] [CompressedPublisher]: [16UC1] is not a color format. but [mono8] is. The conversion does not make sense[0m
[realsense2_camera_node-1] [31m[ERROR] [1738845689.505644132] [camera.camera]: cv_bridge exception: '[16UC1] is not a color format. but [bgr8] is. The conversion does not make sense'[0m
[realsense2_camera_node-1] [31m[ERROR] [1738845689.515984150] [compressed_depth_image_transport]: Compressed Depth Image Transport - Compression requires single-channel 32bit-floating  point or 16bit raw depth images (input format is: rgb8).[0m
[realsense2_camera_node-1] [31m[ERROR] [1738845689.542534966] [CompressedPublisher]: [16UC1] is not a color format. but [mono8] is. The conversion does not make sense[0m
[realsense2_camera_node-1] [31m[ERROR] [1738845689.556569765] [camera.camera]: cv_bridge exception: '[16UC1] is not a color format. but [bgr8] is. The conversion does not make sense'[0m
[realsense2_camera_node-1] [31m[ERROR] [1738845689.661131587] [CompressedPublisher]: [16UC1] is not a color format. but [mono8] is. The conversion does not make sense[0m
[realsense2_camera_node-1] [31m[ERROR] [1738845689.672562287] [camera.camera]: cv_bridge exception: '[16UC1] is not a color format. but [bgr8] is. The conversion does not make sense'[0m
[realsense2_camera_node-1] [31m[ERROR] [1738845689.681278343] [compressed_depth_image_transport]: Compressed Depth Image Transport - Compression requires single-channel 32bit-floating  point or 16bit raw depth images (input format is: rgb8).[0m
[realsense2_camera_node-1] [31m[ERROR] [1738845689.708281962] [CompressedPublisher]: [16UC1] is not a color format. but [mono8] is. The conversion does not make sense[0m
[realsense2_camera_node-1] [31m[ERROR] [1738845689.722747610] [camera.camera]: cv_bridge exception: '[16UC1] is not a color format. but [bgr8] is. The conversion does not make sense'[0m
[realsense2_camera_node-1] [31m[ERROR] [1738845689.830117942] [CompressedPublisher]: [16UC1] is not a color format. but [mono8] is. The conversion does not make sense[0m
[realsense2_camera_node-1] [31m[ERROR] [1738845689.841914835] [camera.camera]: cv_bridge exception: '[16UC1] is not a color format. but [bgr8] is. The conversion does not make sense'[0m
[realsense2_camera_node-1] [31m[ERROR] [1738845689.850748941] [compressed_depth_image_transport]: Compressed Depth Image Transport - Compression requires single-channel 32bit-floating  point or 16bit raw depth images (input format is: rgb8).[0m
[realsense2_camera_node-1] [31m[ERROR] [1738845689.877853900] [CompressedPublisher]: [16UC1] is not a color format. but [mono8] is. The conversion does not make sense[0m
[realsense2_camera_node-1] [31m[ERROR] [1738845689.893866330] [camera.camera]: cv_bridge exception: '[16UC1] is not a color format. but [bgr8] is. The conversion does not make sense'[0m
[realsense2_camera_node-1] [31m[ERROR] [1738845689.995442001] [CompressedPublisher]: [16UC1] is not a color format. but [mono8] is. The conversion does not make sense[0m
[realsense2_camera_node-1] [31m[ERROR] [1738845690.009707312] [camera.camera]: cv_bridge exception: '[16UC1] is not a color format. but [bgr8] is. The conversion does not make sense'[0m
[realsense2_camera_node-1] [31m[ERROR] [1738845690.018450823] [compressed_depth_image_transport]: Compressed Depth Image Transport - Compression requires single-channel 32bit-floating  point or 16bit raw depth images (input format is: rgb8).[0m
[realsense2_camera_node-1] [31m[ERROR] [1738845690.042537162] [CompressedPublisher]: [16UC1] is not a color format. but [mono8] is. The conversion does not make sense[0m
[realsense2_camera_node-1] [31m[ERROR] [1738845690.058658200] [camera.camera]: cv_bridge exception: '[16UC1] is not a color format. but [bgr8] is. The conversion does not make sense'[0m
[realsense2_camera_node-1] [31m[ERROR] [1738845690.165438755] [CompressedPublisher]: [16UC1] is not a color format. but [mono8] is. The conversion does not make sense[0m
[realsense2_camera_node-1] [31m[ERROR] [1738845690.182079377] [camera.camera]: cv_bridge exception: '[16UC1] is not a color format. but [bgr8] is. The conversion does not make sense'[0m
[realsense2_camera_node-1] [31m[ERROR] [1738845690.193599666] [compressed_depth_image_transport]: Compressed Depth Image Transport - Compression requires single-channel 32bit-floating  point or 16bit raw depth images (input format is: rgb8).[0m
[realsense2_camera_node-1] [31m[ERROR] [1738845690.219127967] [CompressedPublisher]: [16UC1] is not a color format. but [mono8] is. The conversion does not make sense[0m
[realsense2_camera_node-1] [31m[ERROR] [1738845690.234781564] [camera.camera]: cv_bridge exception: '[16UC1] is not a color format. but [bgr8] is. The conversion does not make sense'[0m
[realsense2_camera_node-1] [31m[ERROR] [1738845690.332084672] [CompressedPublisher]: [16UC1] is not a color format. but [mono8] is. The conversion does not make sense[0m
[realsense2_camera_node-1] [31m[ERROR] [1738845690.343726211] [camera.camera]: cv_bridge exception: '[16UC1] is not a color format. but [bgr8] is. The conversion does not make sense'[0m
[realsense2_camera_node-1] [31m[ERROR] [1738845690.352596099] [compressed_depth_image_transport]: Compressed Depth Image Transport - Compression requires single-channel 32bit-floating  point or 16bit raw depth images (input format is: rgb8).[0m
[realsense2_camera_node-1] [31m[ERROR] [1738845690.378544413] [CompressedPublisher]: [16UC1] is not a color format. but [mono8] is. The conversion does not make sense[0m
[realsense2_camera_node-1] [31m[ERROR] [1738845690.393653828] [camera.camera]: cv_bridge exception: '[16UC1] is not a color format. but [bgr8] is. The conversion does not make sense'[0m
[realsense2_camera_node-1] [31m[ERROR] [1738845690.499183423] [CompressedPublisher]: [16UC1] is not a color format. but [mono8] is. The conversion does not make sense[0m
[realsense2_camera_node-1] [31m[ERROR] [1738845690.514045028] [camera.camera]: cv_bridge exception: '[16UC1] is not a color format. but [bgr8] is. The conversion does not make sense'[0m
[realsense2_camera_node-1] [31m[ERROR] [1738845690.525873036] [compressed_depth_image_transport]: Compressed Depth Image Transport - Compression requires single-channel 32bit-floating  point or 16bit raw depth images (input format is: rgb8).[0m
[realsense2_camera_node-1] [31m[ERROR] [1738845690.559537634] [CompressedPublisher]: [16UC1] is not a color format. but [mono8] is. The conversion does not make sense[0m
[realsense2_camera_node-1] [31m[ERROR] [1738845690.574359083] [camera.camera]: cv_bridge exception: '[16UC1] is not a color format. but [bgr8] is. The conversion does not make sense'[0m
[realsense2_camera_node-1] [31m[ERROR] [1738845690.663890433] [CompressedPublisher]: [16UC1] is not a color format. but [mono8] is. The conversion does not make sense[0m
[realsense2_camera_node-1] [31m[ERROR] [1738845690.675469225] [camera.camera]: cv_bridge exception: '[16UC1] is not a color format. but [bgr8] is. The conversion does not make sense'[0m
[realsense2_camera_node-1] [31m[ERROR] [1738845690.684211858] [compressed_depth_image_transport]: Compressed Depth Image Transport - Compression requires single-channel 32bit-floating  point or 16bit raw depth images (input format is: rgb8).[0m
[realsense2_camera_node-1] [31m[ERROR] [1738845690.710256048] [CompressedPublisher]: [16UC1] is not a color format. but [mono8] is. The conversion does not make sense[0m
[realsense2_camera_node-1] [31m[ERROR] [1738845690.724362864] [camera.camera]: cv_bridge exception: '[16UC1] is not a color format. but [bgr8] is. The conversion does not make sense'[0m
[realsense2_camera_node-1] [31m[ERROR] [1738845690.830987451] [CompressedPublisher]: [16UC1] is not a color format. but [mono8] is. The conversion does not make sense[0m
[realsense2_camera_node-1] [31m[ERROR] [1738845690.842850117] [camera.camera]: cv_bridge exception: '[16UC1] is not a color format. but [bgr8] is. The conversion does not make sense'[0m
[realsense2_camera_node-1] [31m[ERROR] [1738845690.851536585] [compressed_depth_image_transport]: Compressed Depth Image Transport - Compression requires single-channel 32bit-floating  point or 16bit raw depth images (input format is: rgb8).[0m
[realsense2_camera_node-1] [31m[ERROR] [1738845690.878208261] [CompressedPublisher]: [16UC1] is not a color format. but [mono8] is. The conversion does not make sense[0m
[realsense2_camera_node-1] [31m[ERROR] [1738845690.893259835] [camera.camera]: cv_bridge exception: '[16UC1] is not a color format. but [bgr8] is. The conversion does not make sense'[0m
[realsense2_camera_node-1] [31m[ERROR] [1738845690.997485555] [CompressedPublisher]: [16UC1] is not a color format. but [mono8] is. The conversion does not make sense[0m
[realsense2_camera_node-1] [31m[ERROR] [1738845691.010914809] [camera.camera]: cv_bridge exception: '[16UC1] is not a color format. but [bgr8] is. The conversion does not make sense'[0m
[realsense2_camera_node-1] [31m[ERROR] [1738845691.020488706] [compressed_depth_image_transport]: Compressed Depth Image Transport - Compression requires single-channel 32bit-floating  point or 16bit raw depth images (input format is: rgb8).[0m
[realsense2_camera_node-1] [31m[ERROR] [1738845691.047925910] [CompressedPublisher]: [16UC1] is not a color format. but [mono8] is. The conversion does not make sense[0m
[realsense2_camera_node-1] [31m[ERROR] [1738845691.064182174] [camera.camera]: cv_bridge exception: '[16UC1] is not a color format. but [bgr8] is. The conversion does not make sense'[0m
[realsense2_camera_node-1] [31m[ERROR] [1738845691.164550710] [CompressedPublisher]: [16UC1] is not a color format. but [mono8] is. The conversion does not make sense[0m
[realsense2_camera_node-1] [31m[ERROR] [1738845691.176518727] [camera.camera]: cv_bridge exception: '[16UC1] is not a color format. but [bgr8] is. The conversion does not make sense'[0m
[realsense2_camera_node-1] [31m[ERROR] [1738845691.186440591] [compressed_depth_image_transport]: Compressed Depth Image Transport - Compression requires single-channel 32bit-floating  point or 16bit raw depth images (input format is: rgb8).[0m
[realsense2_camera_node-1] [31m[ERROR] [1738845691.212396034] [CompressedPublisher]: [16UC1] is not a color format. but [mono8] is. The conversion does not make sense[0m
[realsense2_camera_node-1] [31m[ERROR] [1738845691.229986130] [camera.camera]: cv_bridge exception: '[16UC1] is not a color format. but [bgr8] is. The conversion does not make sense'[0m
[realsense2_camera_node-1] [31m[ERROR] [1738845691.331422123] [CompressedPublisher]: [16UC1] is not a color format. but [mono8] is. The conversion does not make sense[0m
[realsense2_camera_node-1] [31m[ERROR] [1738845691.343572851] [camera.camera]: cv_bridge exception: '[16UC1] is not a color format. but [bgr8] is. The conversion does not make sense'[0m
[realsense2_camera_node-1] [31m[ERROR] [1738845691.353341366] [compressed_depth_image_transport]: Compressed Depth Image Transport - Compression requires single-channel 32bit-floating  point or 16bit raw depth images (input format is: rgb8).[0m
[realsense2_camera_node-1] [31m[ERROR] [1738845691.377503961] [CompressedPublisher]: [16UC1] is not a color format. but [mono8] is. The conversion does not make sense[0m
[realsense2_camera_node-1] [31m[ERROR] [1738845691.391802634] [camera.camera]: cv_bridge exception: '[16UC1] is not a color format. but [bgr8] is. The conversion does not make sense'[0m
[realsense2_camera_node-1] [31m[ERROR] [1738845691.502124526] [CompressedPublisher]: [16UC1] is not a color format. but [mono8] is. The conversion does not make sense[0m
[realsense2_camera_node-1] [31m[ERROR] [1738845691.513648361] [camera.camera]: cv_bridge exception: '[16UC1] is not a color format. but [bgr8] is. The conversion does not make sense'[0m
[realsense2_camera_node-1] [31m[ERROR] [1738845691.522242759] [compressed_depth_image_transport]: Compressed Depth Image Transport - Compression requires single-channel 32bit-floating  point or 16bit raw depth images (input format is: rgb8).[0m
[realsense2_camera_node-1] [31m[ERROR] [1738845691.548735831] [CompressedPublisher]: [16UC1] is not a color format. but [mono8] is. The conversion does not make sense[0m
[realsense2_camera_node-1] [31m[ERROR] [1738845691.563474674] [camera.camera]: cv_bridge exception: '[16UC1] is not a color format. but [bgr8] is. The conversion does not make sense'[0m
[realsense2_camera_node-1] [31m[ERROR] [1738845691.670659111] [CompressedPublisher]: [16UC1] is not a color format. but [mono8] is. The conversion does not make sense[0m
[realsense2_camera_node-1] [31m[ERROR] [1738845691.686923260] [camera.camera]: cv_bridge exception: '[16UC1] is not a color format. but [bgr8] is. The conversion does not make sense'[0m
[realsense2_camera_node-1] [31m[ERROR] [1738845691.699009098] [compressed_depth_image_transport]: Compressed Depth Image Transport - Compression requires single-channel 32bit-floating  point or 16bit raw depth images (input format is: rgb8).[0m
[realsense2_camera_node-1] [31m[ERROR] [1738845691.730733329] [CompressedPublisher]: [16UC1] is not a color format. but [mono8] is. The conversion does not make sense[0m
[realsense2_camera_node-1] [31m[ERROR] [1738845691.745527923] [camera.camera]: cv_bridge exception: '[16UC1] is not a color format. but [bgr8] is. The conversion does not make sense'[0m
[realsense2_camera_node-1] [31m[ERROR] [1738845691.832816006] [CompressedPublisher]: [16UC1] is not a color format. but [mono8] is. The conversion does not make sense[0m
[realsense2_camera_node-1] [31m[ERROR] [1738845691.845960385] [camera.camera]: cv_bridge exception: '[16UC1] is not a color format. but [bgr8] is. The conversion does not make sense'[0m
[realsense2_camera_node-1] [31m[ERROR] [1738845691.854531449] [compressed_depth_image_transport]: Compressed Depth Image Transport - Compression requires single-channel 32bit-floating  point or 16bit raw depth images (input format is: rgb8).[0m
[realsense2_camera_node-1] [31m[ERROR] [1738845691.881922220] [CompressedPublisher]: [16UC1] is not a color format. but [mono8] is. The conversion does not make sense[0m
[realsense2_camera_node-1] [31m[ERROR] [1738845691.900994409] [camera.camera]: cv_bridge exception: '[16UC1] is not a color format. but [bgr8] is. The conversion does not make sense'[0m
[realsense2_camera_node-1] [31m[ERROR] [1738845691.999741282] [CompressedPublisher]: [16UC1] is not a color format. but [mono8] is. The conversion does not make sense[0m
[realsense2_camera_node-1] [31m[ERROR] [1738845692.013707492] [camera.camera]: cv_bridge exception: '[16UC1] is not a color format. but [bgr8] is. The conversion does not make sense'[0m
[realsense2_camera_node-1] [31m[ERROR] [1738845692.022858166] [compressed_depth_image_transport]: Compressed Depth Image Transport - Compression requires single-channel 32bit-floating  point or 16bit raw depth images (input format is: rgb8).[0m
[realsense2_camera_node-1] [31m[ERROR] [1738845692.048961133] [CompressedPublisher]: [16UC1] is not a color format. but [mono8] is. The conversion does not make sense[0m
[realsense2_camera_node-1] [31m[ERROR] [1738845692.065669265] [camera.camera]: cv_bridge exception: '[16UC1] is not a color format. but [bgr8] is. The conversion does not make sense'[0m
[realsense2_camera_node-1] [31m[ERROR] [1738845692.166677696] [CompressedPublisher]: [16UC1] is not a color format. but [mono8] is. The conversion does not make sense[0m
[realsense2_camera_node-1] [31m[ERROR] [1738845692.180529868] [camera.camera]: cv_bridge exception: '[16UC1] is not a color format. but [bgr8] is. The conversion does not make sense'[0m
[realsense2_camera_node-1] [31m[ERROR] [1738845692.191720923] [compressed_depth_image_transport]: Compressed Depth Image Transport - Compression requires single-channel 32bit-floating  point or 16bit raw depth images (input format is: rgb8).[0m
[realsense2_camera_node-1] [31m[ERROR] [1738845692.227395813] [CompressedPublisher]: [16UC1] is not a color format. but [mono8] is. The conversion does not make sense[0m
[realsense2_camera_node-1] [31m[ERROR] [1738845692.243280314] [camera.camera]: cv_bridge exception: '[16UC1] is not a color format. but [bgr8] is. The conversion does not make sense'[0m
[realsense2_camera_node-1] [31m[ERROR] [1738845692.333508109] [CompressedPublisher]: [16UC1] is not a color format. but [mono8] is. The conversion does not make sense[0m
[realsense2_camera_node-1] [31m[ERROR] [1738845692.344836439] [camera.camera]: cv_bridge exception: '[16UC1] is not a color format. but [bgr8] is. The conversion does not make sense'[0m
[realsense2_camera_node-1] [31m[ERROR] [1738845692.353710393] [compressed_depth_image_transport]: Compressed Depth Image Transport - Compression requires single-channel 32bit-floating  point or 16bit raw depth images (input format is: rgb8).[0m
[realsense2_camera_node-1] [31m[ERROR] [1738845692.385883232] [CompressedPublisher]: [16UC1] is not a color format. but [mono8] is. The conversion does not make sense[0m
[realsense2_camera_node-1] [31m[ERROR] [1738845692.401825063] [camera.camera]: cv_bridge exception: '[16UC1] is not a color format. but [bgr8] is. The conversion does not make sense'[0m
[realsense2_camera_node-1] [31m[ERROR] [1738845692.500994675] [CompressedPublisher]: [16UC1] is not a color format. but [mono8] is. The conversion does not make sense[0m
[realsense2_camera_node-1] [31m[ERROR] [1738845692.513503449] [camera.camera]: cv_bridge exception: '[16UC1] is not a color format. but [bgr8] is. The conversion does not make sense'[0m
[realsense2_camera_node-1] [31m[ERROR] [1738845692.522840844] [compressed_depth_image_transport]: Compressed Depth Image Transport - Compression requires single-channel 32bit-floating  point or 16bit raw depth images (input format is: rgb8).[0m
[realsense2_camera_node-1] [31m[ERROR] [1738845692.552481000] [CompressedPublisher]: [16UC1] is not a color format. but [mono8] is. The conversion does not make sense[0m
[realsense2_camera_node-1] [31m[ERROR] [1738845692.567299076] [camera.camera]: cv_bridge exception: '[16UC1] is not a color format. but [bgr8] is. The conversion does not make sense'[0m
[realsense2_camera_node-1] [31m[ERROR] [1738845692.668302989] [CompressedPublisher]: [16UC1] is not a color format. but [mono8] is. The conversion does not make sense[0m
[realsense2_camera_node-1] [31m[ERROR] [1738845692.680056895] [camera.camera]: cv_bridge exception: '[16UC1] is not a color format. but [bgr8] is. The conversion does not make sense'[0m
[realsense2_camera_node-1] [31m[ERROR] [1738845692.688841534] [compressed_depth_image_transport]: Compressed Depth Image Transport - Compression requires single-channel 32bit-floating  point or 16bit raw depth images (input format is: rgb8).[0m
[realsense2_camera_node-1] [31m[ERROR] [1738845692.716041401] [CompressedPublisher]: [16UC1] is not a color format. but [mono8] is. The conversion does not make sense[0m
[realsense2_camera_node-1] [31m[ERROR] [1738845692.730618306] [camera.camera]: cv_bridge exception: '[16UC1] is not a color format. but [bgr8] is. The conversion does not make sense'[0m
[realsense2_camera_node-1] [31m[ERROR] [1738845692.837073530] [CompressedPublisher]: [16UC1] is not a color format. but [mono8] is. The conversion does not make sense[0m
[realsense2_camera_node-1] [31m[ERROR] [1738845692.849378904] [camera.camera]: cv_bridge exception: '[16UC1] is not a color format. but [bgr8] is. The conversion does not make sense'[0m
[realsense2_camera_node-1] [31m[ERROR] [1738845692.858234901] [compressed_depth_image_transport]: Compressed Depth Image Transport - Compression requires single-channel 32bit-floating  point or 16bit raw depth images (input format is: rgb8).[0m
[realsense2_camera_node-1] [31m[ERROR] [1738845692.886731982] [CompressedPublisher]: [16UC1] is not a color format. but [mono8] is. The conversion does not make sense[0m
[realsense2_camera_node-1] [31m[ERROR] [1738845692.901624042] [camera.camera]: cv_bridge exception: '[16UC1] is not a color format. but [bgr8] is. The conversion does not make sense'[0m
[realsense2_camera_node-1] [31m[ERROR] [1738845693.002008274] [CompressedPublisher]: [16UC1] is not a color format. but [mono8] is. The conversion does not make sense[0m
[realsense2_camera_node-1] [31m[ERROR] [1738845693.014114905] [camera.camera]: cv_bridge exception: '[16UC1] is not a color format. but [bgr8] is. The conversion does not make sense'[0m
[realsense2_camera_node-1] [31m[ERROR] [1738845693.023359811] [compressed_depth_image_transport]: Compressed Depth Image Transport - Compression requires single-channel 32bit-floating  point or 16bit raw depth images (input format is: rgb8).[0m
[realsense2_camera_node-1] [31m[ERROR] [1738845693.050577972] [CompressedPublisher]: [16UC1] is not a color format. but [mono8] is. The conversion does not make sense[0m
[realsense2_camera_node-1] [31m[ERROR] [1738845693.065421743] [camera.camera]: cv_bridge exception: '[16UC1] is not a color format. but [bgr8] is. The conversion does not make sense'[0m
[realsense2_camera_node-1] [31m[ERROR] [1738845693.170879307] [CompressedPublisher]: [16UC1] is not a color format. but [mono8] is. The conversion does not make sense[0m
[realsense2_camera_node-1] [31m[ERROR] [1738845693.182740117] [camera.camera]: cv_bridge exception: '[16UC1] is not a color format. but [bgr8] is. The conversion does not make sense'[0m
[realsense2_camera_node-1] [31m[ERROR] [1738845693.192004086] [compressed_depth_image_transport]: Compressed Depth Image Transport - Compression requires single-channel 32bit-floating  point or 16bit raw depth images (input format is: rgb8).[0m
[realsense2_camera_node-1] [31m[ERROR] [1738845693.220412852] [CompressedPublisher]: [16UC1] is not a color format. but [mono8] is. The conversion does not make sense[0m
[realsense2_camera_node-1] [31m[ERROR] [1738845693.234672405] [camera.camera]: cv_bridge exception: '[16UC1] is not a color format. but [bgr8] is. The conversion does not make sense'[0m
[realsense2_camera_node-1] [31m[ERROR] [1738845693.335951298] [CompressedPublisher]: [16UC1] is not a color format. but [mono8] is. The conversion does not make sense[0m
[realsense2_camera_node-1] [31m[ERROR] [1738845693.347541770] [camera.camera]: cv_bridge exception: '[16UC1] is not a color format. but [bgr8] is. The conversion does not make sense'[0m
[realsense2_camera_node-1] [31m[ERROR] [1738845693.357748553] [compressed_depth_image_transport]: Compressed Depth Image Transport - Compression requires single-channel 32bit-floating  point or 16bit raw depth images (input format is: rgb8).[0m
[realsense2_camera_node-1] [31m[ERROR] [1738845693.384292599] [CompressedPublisher]: [16UC1] is not a color format. but [mono8] is. The conversion does not make sense[0m
[realsense2_camera_node-1] [31m[ERROR] [1738845693.398915453] [camera.camera]: cv_bridge exception: '[16UC1] is not a color format. but [bgr8] is. The conversion does not make sense'[0m
[realsense2_camera_node-1] [31m[ERROR] [1738845693.505036678] [CompressedPublisher]: [16UC1] is not a color format. but [mono8] is. The conversion does not make sense[0m
[realsense2_camera_node-1] [31m[ERROR] [1738845693.516924777] [camera.camera]: cv_bridge exception: '[16UC1] is not a color format. but [bgr8] is. The conversion does not make sense'[0m
[realsense2_camera_node-1] [31m[ERROR] [1738845693.525747634] [compressed_depth_image_transport]: Compressed Depth Image Transport - Compression requires single-channel 32bit-floating  point or 16bit raw depth images (input format is: rgb8).[0m
[realsense2_camera_node-1] [31m[ERROR] [1738845693.554388927] [CompressedPublisher]: [16UC1] is not a color format. but [mono8] is. The conversion does not make sense[0m
[realsense2_camera_node-1] [31m[ERROR] [1738845693.569217627] [camera.camera]: cv_bridge exception: '[16UC1] is not a color format. but [bgr8] is. The conversion does not make sense'[0m
[realsense2_camera_node-1] [31m[ERROR] [1738845693.670101708] [CompressedPublisher]: [16UC1] is not a color format. but [mono8] is. The conversion does not make sense[0m
[realsense2_camera_node-1] [31m[ERROR] [1738845693.682283957] [camera.camera]: cv_bridge exception: '[16UC1] is not a color format. but [bgr8] is. The conversion does not make sense'[0m
[realsense2_camera_node-1] [31m[ERROR] [1738845693.693243361] [compressed_depth_image_transport]: Compressed Depth Image Transport - Compression requires single-channel 32bit-floating  point or 16bit raw depth images (input format is: rgb8).[0m
[realsense2_camera_node-1] [31m[ERROR] [1738845693.719887928] [CompressedPublisher]: [16UC1] is not a color format. but [mono8] is. The conversion does not make sense[0m
[realsense2_camera_node-1] [31m[ERROR] [1738845693.736897130] [camera.camera]: cv_bridge exception: '[16UC1] is not a color format. but [bgr8] is. The conversion does not make sense'[0m
[realsense2_camera_node-1] [31m[ERROR] [1738845693.839432018] [CompressedPublisher]: [16UC1] is not a color format. but [mono8] is. The conversion does not make sense[0m
[realsense2_camera_node-1] [31m[ERROR] [1738845693.851462764] [camera.camera]: cv_bridge exception: '[16UC1] is not a color format. but [bgr8] is. The conversion does not make sense'[0m
[realsense2_camera_node-1] [31m[ERROR] [1738845693.860648732] [compressed_depth_image_transport]: Compressed Depth Image Transport - Compression requires single-channel 32bit-floating  point or 16bit raw depth images (input format is: rgb8).[0m
[realsense2_camera_node-1] [31m[ERROR] [1738845693.889049027] [CompressedPublisher]: [16UC1] is not a color format. but [mono8] is. The conversion does not make sense[0m
[realsense2_camera_node-1] [31m[ERROR] [1738845693.903984812] [camera.camera]: cv_bridge exception: '[16UC1] is not a color format. but [bgr8] is. The conversion does not make sense'[0m
[realsense2_camera_node-1] [31m[ERROR] [1738845694.003961935] [CompressedPublisher]: [16UC1] is not a color format. but [mono8] is. The conversion does not make sense[0m
[realsense2_camera_node-1] [31m[ERROR] [1738845694.017539505] [camera.camera]: cv_bridge exception: '[16UC1] is not a color format. but [bgr8] is. The conversion does not make sense'[0m
[realsense2_camera_node-1] [31m[ERROR] [1738845694.027096376] [compressed_depth_image_transport]: Compressed Depth Image Transport - Compression requires single-channel 32bit-floating  point or 16bit raw depth images (input format is: rgb8).[0m
[realsense2_camera_node-1] [31m[ERROR] [1738845694.053537044] [CompressedPublisher]: [16UC1] is not a color format. but [mono8] is. The conversion does not make sense[0m
[realsense2_camera_node-1] [31m[ERROR] [1738845694.070215009] [camera.camera]: cv_bridge exception: '[16UC1] is not a color format. but [bgr8] is. The conversion does not make sense'[0m
[realsense2_camera_node-1] [31m[ERROR] [1738845694.171181431] [CompressedPublisher]: [16UC1] is not a color format. but [mono8] is. The conversion does not make sense[0m
[realsense2_camera_node-1] [31m[ERROR] [1738845694.183205119] [camera.camera]: cv_bridge exception: '[16UC1] is not a color format. but [bgr8] is. The conversion does not make sense'[0m
[realsense2_camera_node-1] [31m[ERROR] [1738845694.192397835] [compressed_depth_image_transport]: Compressed Depth Image Transport - Compression requires single-channel 32bit-floating  point or 16bit raw depth images (input format is: rgb8).[0m
[realsense2_camera_node-1] [31m[ERROR] [1738845694.221389621] [CompressedPublisher]: [16UC1] is not a color format. but [mono8] is. The conversion does not make sense[0m
[realsense2_camera_node-1] [31m[ERROR] [1738845694.236121832] [camera.camera]: cv_bridge exception: '[16UC1] is not a color format. but [bgr8] is. The conversion does not make sense'[0m
[realsense2_camera_node-1] [31m[ERROR] [1738845694.341115553] [CompressedPublisher]: [16UC1] is not a color format. but [mono8] is. The conversion does not make sense[0m
[realsense2_camera_node-1] [31m[ERROR] [1738845694.353343097] [camera.camera]: cv_bridge exception: '[16UC1] is not a color format. but [bgr8] is. The conversion does not make sense'[0m
[realsense2_camera_node-1] [31m[ERROR] [1738845694.362540856] [compressed_depth_image_transport]: Compressed Depth Image Transport - Compression requires single-channel 32bit-floating  point or 16bit raw depth images (input format is: rgb8).[0m
[realsense2_camera_node-1] [31m[ERROR] [1738845694.389722181] [CompressedPublisher]: [16UC1] is not a color format. but [mono8] is. The conversion does not make sense[0m
[realsense2_camera_node-1] [31m[ERROR] [1738845694.405013953] [camera.camera]: cv_bridge exception: '[16UC1] is not a color format. but [bgr8] is. The conversion does not make sense'[0m
[realsense2_camera_node-1] [31m[ERROR] [1738845694.505186933] [CompressedPublisher]: [16UC1] is not a color format. but [mono8] is. The conversion does not make sense[0m
[realsense2_camera_node-1] [31m[ERROR] [1738845694.517037999] [camera.camera]: cv_bridge exception: '[16UC1] is not a color format. but [bgr8] is. The conversion does not make sense'[0m
[realsense2_camera_node-1] [31m[ERROR] [1738845694.527375292] [compressed_depth_image_transport]: Compressed Depth Image Transport - Compression requires single-channel 32bit-floating  point or 16bit raw depth images (input format is: rgb8).[0m
[realsense2_camera_node-1] [31m[ERROR] [1738845694.552552048] [CompressedPublisher]: [16UC1] is not a color format. but [mono8] is. The conversion does not make sense[0m
[realsense2_camera_node-1] [31m[ERROR] [1738845694.569014319] [camera.camera]: cv_bridge exception: '[16UC1] is not a color format. but [bgr8] is. The conversion does not make sense'[0m
[realsense2_camera_node-1] [31m[ERROR] [1738845694.672635464] [CompressedPublisher]: [16UC1] is not a color format. but [mono8] is. The conversion does not make sense[0m
[realsense2_camera_node-1] [31m[ERROR] [1738845694.684890228] [camera.camera]: cv_bridge exception: '[16UC1] is not a color format. but [bgr8] is. The conversion does not make sense'[0m
[realsense2_camera_node-1] [31m[ERROR] [1738845694.694102426] [compressed_depth_image_transport]: Compressed Depth Image Transport - Compression requires single-channel 32bit-floating  point or 16bit raw depth images (input format is: rgb8).[0m
[realsense2_camera_node-1] [31m[ERROR] [1738845694.720832860] [CompressedPublisher]: [16UC1] is not a color format. but [mono8] is. The conversion does not make sense[0m
[realsense2_camera_node-1] [31m[ERROR] [1738845694.735865765] [camera.camera]: cv_bridge exception: '[16UC1] is not a color format. but [bgr8] is. The conversion does not make sense'[0m
[realsense2_camera_node-1] [31m[ERROR] [1738845694.839887374] [CompressedPublisher]: [16UC1] is not a color format. but [mono8] is. The conversion does not make sense[0m
[realsense2_camera_node-1] [31m[ERROR] [1738845694.851689578] [camera.camera]: cv_bridge exception: '[16UC1] is not a color format. but [bgr8] is. The conversion does not make sense'[0m
[realsense2_camera_node-1] [31m[ERROR] [1738845694.862134142] [compressed_depth_image_transport]: Compressed Depth Image Transport - Compression requires single-channel 32bit-floating  point or 16bit raw depth images (input format is: rgb8).[0m
[realsense2_camera_node-1] [31m[ERROR] [1738845694.887179064] [CompressedPublisher]: [16UC1] is not a color format. but [mono8] is. The conversion does not make sense[0m
[realsense2_camera_node-1] [31m[ERROR] [1738845694.903233562] [camera.camera]: cv_bridge exception: '[16UC1] is not a color format. but [bgr8] is. The conversion does not make sense'[0m
[realsense2_camera_node-1] [31m[ERROR] [1738845695.011975924] [CompressedPublisher]: [16UC1] is not a color format. but [mono8] is. The conversion does not make sense[0m
[realsense2_camera_node-1] [31m[ERROR] [1738845695.028611766] [camera.camera]: cv_bridge exception: '[16UC1] is not a color format. but [bgr8] is. The conversion does not make sense'[0m
[realsense2_camera_node-1] [31m[ERROR] [1738845695.041326898] [compressed_depth_image_transport]: Compressed Depth Image Transport - Compression requires single-channel 32bit-floating  point or 16bit raw depth images (input format is: rgb8).[0m
[realsense2_camera_node-1] [31m[ERROR] [1738845695.071572629] [CompressedPublisher]: [16UC1] is not a color format. but [mono8] is. The conversion does not make sense[0m
[realsense2_camera_node-1] [31m[ERROR] [1738845695.086223922] [camera.camera]: cv_bridge exception: '[16UC1] is not a color format. but [bgr8] is. The conversion does not make sense'[0m
[realsense2_camera_node-1] [31m[ERROR] [1738845695.174178696] [CompressedPublisher]: [16UC1] is not a color format. but [mono8] is. The conversion does not make sense[0m
[realsense2_camera_node-1] [31m[ERROR] [1738845695.186408401] [camera.camera]: cv_bridge exception: '[16UC1] is not a color format. but [bgr8] is. The conversion does not make sense'[0m
[realsense2_camera_node-1] [31m[ERROR] [1738845695.195775528] [compressed_depth_image_transport]: Compressed Depth Image Transport - Compression requires single-channel 32bit-floating  point or 16bit raw depth images (input format is: rgb8).[0m
[realsense2_camera_node-1] [31m[ERROR] [1738845695.223723871] [CompressedPublisher]: [16UC1] is not a color format. but [mono8] is. The conversion does not make sense[0m
[realsense2_camera_node-1] [31m[ERROR] [1738845695.241052871] [camera.camera]: cv_bridge exception: '[16UC1] is not a color format. but [bgr8] is. The conversion does not make sense'[0m
[realsense2_camera_node-1] [31m[ERROR] [1738845695.340664214] [CompressedPublisher]: [16UC1] is not a color format. but [mono8] is. The conversion does not make sense[0m
[realsense2_camera_node-1] [31m[ERROR] [1738845695.352596667] [camera.camera]: cv_bridge exception: '[16UC1] is not a color format. but [bgr8] is. The conversion does not make sense'[0m
[realsense2_camera_node-1] [31m[ERROR] [1738845695.363692411] [compressed_depth_image_transport]: Compressed Depth Image Transport - Compression requires single-channel 32bit-floating  point or 16bit raw depth images (input format is: rgb8).[0m
[realsense2_camera_node-1] [31m[ERROR] [1738845695.392594421] [CompressedPublisher]: [16UC1] is not a color format. but [mono8] is. The conversion does not make sense[0m
[realsense2_camera_node-1] [31m[ERROR] [1738845695.407653166] [camera.camera]: cv_bridge exception: '[16UC1] is not a color format. but [bgr8] is. The conversion does not make sense'[0m
[realsense2_camera_node-1] [31m[ERROR] [1738845695.507441114] [CompressedPublisher]: [16UC1] is not a color format. but [mono8] is. The conversion does not make sense[0m
[realsense2_camera_node-1] [31m[ERROR] [1738845695.520703459] [camera.camera]: cv_bridge exception: '[16UC1] is not a color format. but [bgr8] is. The conversion does not make sense'[0m
[realsense2_camera_node-1] [31m[ERROR] [1738845695.530354272] [compressed_depth_image_transport]: Compressed Depth Image Transport - Compression requires single-channel 32bit-floating  point or 16bit raw depth images (input format is: rgb8).[0m
[realsense2_camera_node-1] [31m[ERROR] [1738845695.555331122] [CompressedPublisher]: [16UC1] is not a color format. but [mono8] is. The conversion does not make sense[0m
[realsense2_camera_node-1] [31m[ERROR] [1738845695.572585832] [camera.camera]: cv_bridge exception: '[16UC1] is not a color format. but [bgr8] is. The conversion does not make sense'[0m
[realsense2_camera_node-1] [31m[ERROR] [1738845695.675493861] [CompressedPublisher]: [16UC1] is not a color format. but [mono8] is. The conversion does not make sense[0m
[realsense2_camera_node-1] [31m[ERROR] [1738845695.688772056] [camera.camera]: cv_bridge exception: '[16UC1] is not a color format. but [bgr8] is. The conversion does not make sense'[0m
[realsense2_camera_node-1] [31m[ERROR] [1738845695.697632925] [compressed_depth_image_transport]: Compressed Depth Image Transport - Compression requires single-channel 32bit-floating  point or 16bit raw depth images (input format is: rgb8).[0m
[realsense2_camera_node-1] [31m[ERROR] [1738845695.724634047] [CompressedPublisher]: [16UC1] is not a color format. but [mono8] is. The conversion does not make sense[0m
[realsense2_camera_node-1] [31m[ERROR] [1738845695.739655591] [camera.camera]: cv_bridge exception: '[16UC1] is not a color format. but [bgr8] is. The conversion does not make sense'[0m
[realsense2_camera_node-1] [31m[ERROR] [1738845695.841374544] [CompressedPublisher]: [16UC1] is not a color format. but [mono8] is. The conversion does not make sense[0m
[realsense2_camera_node-1] [31m[ERROR] [1738845695.854593301] [camera.camera]: cv_bridge exception: '[16UC1] is not a color format. but [bgr8] is. The conversion does not make sense'[0m
[realsense2_camera_node-1] [31m[ERROR] [1738845695.864257627] [compressed_depth_image_transport]: Compressed Depth Image Transport - Compression requires single-channel 32bit-floating  point or 16bit raw depth images (input format is: rgb8).[0m
[realsense2_camera_node-1] [31m[ERROR] [1738845695.889093663] [CompressedPublisher]: [16UC1] is not a color format. but [mono8] is. The conversion does not make sense[0m
[realsense2_camera_node-1] [31m[ERROR] [1738845695.905646626] [camera.camera]: cv_bridge exception: '[16UC1] is not a color format. but [bgr8] is. The conversion does not make sense'[0m
[realsense2_camera_node-1] [31m[ERROR] [1738845696.012230831] [CompressedPublisher]: [16UC1] is not a color format. but [mono8] is. The conversion does not make sense[0m
[realsense2_camera_node-1] [31m[ERROR] [1738845696.024247406] [camera.camera]: cv_bridge exception: '[16UC1] is not a color format. but [bgr8] is. The conversion does not make sense'[0m
[realsense2_camera_node-1] [31m[ERROR] [1738845696.033264221] [compressed_depth_image_transport]: Compressed Depth Image Transport - Compression requires single-channel 32bit-floating  point or 16bit raw depth images (input format is: rgb8).[0m
[realsense2_camera_node-1] [31m[ERROR] [1738845696.059957751] [CompressedPublisher]: [16UC1] is not a color format. but [mono8] is. The conversion does not make sense[0m
[realsense2_camera_node-1] [31m[ERROR] [1738845696.075893452] [camera.camera]: cv_bridge exception: '[16UC1] is not a color format. but [bgr8] is. The conversion does not make sense'[0m
[realsense2_camera_node-1] [31m[ERROR] [1738845696.175444979] [CompressedPublisher]: [16UC1] is not a color format. but [mono8] is. The conversion does not make sense[0m
[realsense2_camera_node-1] [31m[ERROR] [1738845696.187258042] [camera.camera]: cv_bridge exception: '[16UC1] is not a color format. but [bgr8] is. The conversion does not make sense'[0m
[realsense2_camera_node-1] [31m[ERROR] [1738845696.198297828] [compressed_depth_image_transport]: Compressed Depth Image Transport - Compression requires single-channel 32bit-floating  point or 16bit raw depth images (input format is: rgb8).[0m
[realsense2_camera_node-1] [31m[ERROR] [1738845696.223293783] [CompressedPublisher]: [16UC1] is not a color format. but [mono8] is. The conversion does not make sense[0m
[realsense2_camera_node-1] [31m[ERROR] [1738845696.237300103] [camera.camera]: cv_bridge exception: '[16UC1] is not a color format. but [bgr8] is. The conversion does not make sense'[0m
[realsense2_camera_node-1] [31m[ERROR] [1738845696.344320676] [CompressedPublisher]: [16UC1] is not a color format. but [mono8] is. The conversion does not make sense[0m
[realsense2_camera_node-1] [31m[ERROR] [1738845696.355889327] [camera.camera]: cv_bridge exception: '[16UC1] is not a color format. but [bgr8] is. The conversion does not make sense'[0m
[realsense2_camera_node-1] [31m[ERROR] [1738845696.365559167] [compressed_depth_image_transport]: Compressed Depth Image Transport - Compression requires single-channel 32bit-floating  point or 16bit raw depth images (input format is: rgb8).[0m
[realsense2_camera_node-1] [31m[ERROR] [1738845696.397645256] [CompressedPublisher]: [16UC1] is not a color format. but [mono8] is. The conversion does not make sense[0m
[realsense2_camera_node-1] [31m[ERROR] [1738845696.412468927] [camera.camera]: cv_bridge exception: '[16UC1] is not a color format. but [bgr8] is. The conversion does not make sense'[0m
[realsense2_camera_node-1] [31m[ERROR] [1738845696.513149984] [CompressedPublisher]: [16UC1] is not a color format. but [mono8] is. The conversion does not make sense[0m
[realsense2_camera_node-1] [31m[ERROR] [1738845696.530595623] [camera.camera]: cv_bridge exception: '[16UC1] is not a color format. but [bgr8] is. The conversion does not make sense'[0m
[realsense2_camera_node-1] [31m[ERROR] [1738845696.544033769] [compressed_depth_image_transport]: Compressed Depth Image Transport - Compression requires single-channel 32bit-floating  point or 16bit raw depth images (input format is: rgb8).[0m
[realsense2_camera_node-1] [31m[ERROR] [1738845696.579649105] [CompressedPublisher]: [16UC1] is not a color format. but [mono8] is. The conversion does not make sense[0m
[realsense2_camera_node-1] [31m[ERROR] [1738845696.599828233] [camera.camera]: cv_bridge exception: '[16UC1] is not a color format. but [bgr8] is. The conversion does not make sense'[0m
[realsense2_camera_node-1] [31m[ERROR] [1738845696.678108236] [CompressedPublisher]: [16UC1] is not a color format. but [mono8] is. The conversion does not make sense[0m
[realsense2_camera_node-1] [31m[ERROR] [1738845696.689648919] [camera.camera]: cv_bridge exception: '[16UC1] is not a color format. but [bgr8] is. The conversion does not make sense'[0m
[realsense2_camera_node-1] [31m[ERROR] [1738845696.698905919] [compressed_depth_image_transport]: Compressed Depth Image Transport - Compression requires single-channel 32bit-floating  point or 16bit raw depth images (input format is: rgb8).[0m
[realsense2_camera_node-1] [31m[ERROR] [1738845696.725142686] [CompressedPublisher]: [16UC1] is not a color format. but [mono8] is. The conversion does not make sense[0m
[realsense2_camera_node-1] [31m[ERROR] [1738845696.739097606] [camera.camera]: cv_bridge exception: '[16UC1] is not a color format. but [bgr8] is. The conversion does not make sense'[0m
[realsense2_camera_node-1] [31m[ERROR] [1738845696.843409537] [CompressedPublisher]: [16UC1] is not a color format. but [mono8] is. The conversion does not make sense[0m
[realsense2_camera_node-1] [31m[ERROR] [1738845696.855987710] [camera.camera]: cv_bridge exception: '[16UC1] is not a color format. but [bgr8] is. The conversion does not make sense'[0m
[realsense2_camera_node-1] [31m[ERROR] [1738845696.867603972] [compressed_depth_image_transport]: Compressed Depth Image Transport - Compression requires single-channel 32bit-floating  point or 16bit raw depth images (input format is: rgb8).[0m
[realsense2_camera_node-1] [31m[ERROR] [1738845696.903764283] [CompressedPublisher]: [16UC1] is not a color format. but [mono8] is. The conversion does not make sense[0m
[realsense2_camera_node-1] [31m[ERROR] [1738845696.920615255] [camera.camera]: cv_bridge exception: '[16UC1] is not a color format. but [bgr8] is. The conversion does not make sense'[0m
[realsense2_camera_node-1] [31m[ERROR] [1738845697.013526158] [CompressedPublisher]: [16UC1] is not a color format. but [mono8] is. The conversion does not make sense[0m
[realsense2_camera_node-1] [31m[ERROR] [1738845697.025438931] [camera.camera]: cv_bridge exception: '[16UC1] is not a color format. but [bgr8] is. The conversion does not make sense'[0m
[realsense2_camera_node-1] [31m[ERROR] [1738845697.034181441] [compressed_depth_image_transport]: Compressed Depth Image Transport - Compression requires single-channel 32bit-floating  point or 16bit raw depth images (input format is: rgb8).[0m
[realsense2_camera_node-1] [31m[ERROR] [1738845697.060372372] [CompressedPublisher]: [16UC1] is not a color format. but [mono8] is. The conversion does not make sense[0m
[realsense2_camera_node-1] [31m[ERROR] [1738845697.074042097] [camera.camera]: cv_bridge exception: '[16UC1] is not a color format. but [bgr8] is. The conversion does not make sense'[0m
[realsense2_camera_node-1] [31m[ERROR] [1738845697.177689283] [CompressedPublisher]: [16UC1] is not a color format. but [mono8] is. The conversion does not make sense[0m
[realsense2_camera_node-1] [31m[ERROR] [1738845697.189858859] [camera.camera]: cv_bridge exception: '[16UC1] is not a color format. but [bgr8] is. The conversion does not make sense'[0m
[realsense2_camera_node-1] [31m[ERROR] [1738845697.199627805] [compressed_depth_image_transport]: Compressed Depth Image Transport - Compression requires single-channel 32bit-floating  point or 16bit raw depth images (input format is: rgb8).[0m
[realsense2_camera_node-1] [31m[ERROR] [1738845697.223697642] [CompressedPublisher]: [16UC1] is not a color format. but [mono8] is. The conversion does not make sense[0m
[realsense2_camera_node-1] [31m[ERROR] [1738845697.239318268] [camera.camera]: cv_bridge exception: '[16UC1] is not a color format. but [bgr8] is. The conversion does not make sense'[0m
